ISO-10303-21;
HEADER;
FILE_DESCRIPTION (( 'STEP AP214' ),
    '1' );
FILE_NAME ('asembl-ultrasonic.STEP',
    '2026-09-28T13:11:19',
    ( '' ),
    ( '' ),
    'SwSTEP 2.0',
    'SolidWorks 2024',
    '' );
FILE_SCHEMA (( 'AUTOMOTIVE_DESIGN' ));
ENDSEC;

DATA;
#1 = ORIENTED_EDGE ( 'NONE', *, *, #4782, .F. ) ;
#2 = DIRECTION ( 'NONE',  ( 1.000000000000000000, 0.000000000000000000, -3.083311109201532150E-15 ) ) ;
#3 = ADVANCED_FACE ( 'NONE', ( #1192 ), #2723, .F. ) ;
#4 = AXIS2_PLACEMENT_3D ( 'NONE', #5117, #5150, #6109 ) ;
#5 = CARTESIAN_POINT ( 'NONE',  ( -5.750000000000001776, 0.000000000000000000, -5.050000000000003375 ) ) ;
#6 = LINE ( 'NONE', #454, #4191 ) ;
#7 = CARTESIAN_POINT ( 'NONE',  ( -18.50000000000001066, 8.000000000000000000, 23.50000000000001421 ) ) ;
#8 = VERTEX_POINT ( 'NONE', #3208 ) ;
#9 = ORIENTED_EDGE ( 'NONE', *, *, #407, .T. ) ;
#10 = EDGE_CURVE ( 'NONE', #2660, #1185, #2280, .T. ) ;
#11 = LINE ( 'NONE', #40, #3999 ) ;
#12 = CARTESIAN_POINT ( 'NONE',  ( 23.50000000000000711, 8.000000000000000000, -23.50000000000001776 ) ) ;
#13 = CYLINDRICAL_SURFACE ( 'NONE', #6241, 0.6999999999999992895 ) ;
#14 = CARTESIAN_POINT ( 'NONE',  ( -18.42791506257011847, 2.034276963138126337, -18.42791506256972056 ) ) ;
#15 = VECTOR ( 'NONE', #1887, 1000.000000000000000 ) ;
#16 = CARTESIAN_POINT ( 'NONE',  ( 17.50000000000000711, 2.000000000000000000, -17.50000000000001421 ) ) ;
#17 = ORIENTED_EDGE ( 'NONE', *, *, #81, .T. ) ;
#18 = DIRECTION ( 'NONE',  ( 0.000000000000000000, -0.000000000000000000, -1.000000000000000000 ) ) ;
#19 = DIRECTION ( 'NONE',  ( 1.000000000000000000, -0.000000000000000000, -0.000000000000000000 ) ) ;
#20 = CARTESIAN_POINT ( 'NONE',  ( 0.000000000000000000, 19.00000000000000355, 0.000000000000000000 ) ) ;
#21 = DIRECTION ( 'NONE',  ( 3.491481338843133355E-15, -0.000000000000000000, 1.000000000000000000 ) ) ;
#22 = ORIENTED_EDGE ( 'NONE', *, *, #1311, .T. ) ;
#23 = VERTEX_POINT ( 'NONE', #2758 ) ;
#24 = AXIS2_PLACEMENT_3D ( 'NONE', #5607, #1785, #3751 ) ;
#25 = DIRECTION ( 'NONE',  ( -1.000000000000000000, 0.000000000000000000, 0.000000000000000000 ) ) ;
#26 = CARTESIAN_POINT ( 'NONE',  ( 4.750000000000007994, -0.000000000000000000, -10.34999999999999787 ) ) ;
#27 = DIRECTION ( 'NONE',  ( -1.000000000000000000, 0.000000000000000000, 5.804445973478889821E-15 ) ) ;
#28 = EDGE_CURVE ( 'NONE', #8, #4317, #1294, .T. ) ;
#29 = AXIS2_PLACEMENT_3D ( 'NONE', #67, #2491, #2006 ) ;
#30 = ORIENTED_EDGE ( 'NONE', *, *, #1809, .F. ) ;
#31 = CARTESIAN_POINT ( 'NONE',  ( 0.000000000000000000, 0.1000000000000000056, -13.75000000000000000 ) ) ;
#32 = AXIS2_PLACEMENT_3D ( 'NONE', #5617, #4103, #1158 ) ;
#33 = FACE_OUTER_BOUND ( 'NONE', #4332, .T. ) ;
#34 = DIRECTION ( 'NONE',  ( -1.000000000000000000, 0.000000000000000000, 1.047444401652940007E-14 ) ) ;
#35 = FACE_OUTER_BOUND ( 'NONE', #2931, .T. ) ;
#36 = EDGE_LOOP ( 'NONE', ( #5841, #5872, #1386, #3957 ) ) ;
#37 = AXIS2_PLACEMENT_3D ( 'NONE', #1944, #3907, #5871 ) ;
#38 = CIRCLE ( 'NONE', #5135, 1.249999999999997335 ) ;
#39 = EDGE_CURVE ( 'NONE', #3088, #6078, #234, .T. ) ;
#40 = CARTESIAN_POINT ( 'NONE',  ( -7.499999999999996447, 15.75000000000000000, -23.25000000000000000 ) ) ;
#41 = VECTOR ( 'NONE', #1423, 1000.000000000000000 ) ;
#42 = DIRECTION ( 'NONE',  ( -0.000000000000000000, -0.000000000000000000, 1.000000000000000000 ) ) ;
#43 = CARTESIAN_POINT ( 'NONE',  ( -17.50000000000000711, 2.000000000000000000, 17.50000000000001421 ) ) ;
#44 = CARTESIAN_POINT ( 'NONE',  ( -18.66869921594821591, 2.056468423623274422, -18.66869921594871329 ) ) ;
#45 = EDGE_CURVE ( 'NONE', #796, #5770, #544, .T. ) ;
#46 = CIRCLE ( 'NONE', #4126, 0.7999999999999986011 ) ;
#47 = CARTESIAN_POINT ( 'NONE',  ( 15.60000000000000142, 15.75000000000003553, -13.24999999999999822 ) ) ;
#48 = ORIENTED_EDGE ( 'NONE', *, *, #2100, .F. ) ;
#49 = DIRECTION ( 'NONE',  ( -0.000000000000000000, 1.000000000000000000, -0.000000000000000000 ) ) ;
#50 = DIRECTION ( 'NONE',  ( 0.000000000000000000, -1.000000000000000000, 0.000000000000000000 ) ) ;
#51 = CIRCLE ( 'NONE', #4449, 0.7999999999999986011 ) ;
#52 = CYLINDRICAL_SURFACE ( 'NONE', #1046, 1.100000000000000311 ) ;
#53 = DIRECTION ( 'NONE',  ( 1.000000000000000000, 0.000000000000000000, -1.047444401652940007E-14 ) ) ;
#54 = EDGE_LOOP ( 'NONE', ( #2992, #5533, #1177, #192, #2767, #928, #3358, #5017 ) ) ;
#55 = VERTEX_POINT ( 'NONE', #3793 ) ;
#56 = AXIS2_PLACEMENT_3D ( 'NONE', #4408, #19, #1957 ) ;
#57 = DIRECTION ( 'NONE',  ( 0.000000000000000000, 0.000000000000000000, 1.000000000000000000 ) ) ;
#58 = CARTESIAN_POINT ( 'NONE',  ( 25.00000000000000000, 19.00000000000000355, -15.00000000000000178 ) ) ;
#59 = CARTESIAN_POINT ( 'NONE',  ( 0.000000000000000000, 19.00000000000000355, -12.49999999999999822 ) ) ;
#60 = ADVANCED_FACE ( 'NONE', ( #2794 ), #1360, .F. ) ;
#61 = ORIENTED_EDGE ( 'NONE', *, *, #914, .F. ) ;
#62 = ORIENTED_EDGE ( 'NONE', *, *, #5374, .F. ) ;
#63 = EDGE_CURVE ( 'NONE', #4668, #3480, #1826, .T. ) ;
#64 = DIRECTION ( 'NONE',  ( 1.000000000000000000, 0.000000000000000000, -2.081668171172168513E-16 ) ) ;
#65 = CARTESIAN_POINT ( 'NONE',  ( 23.50000000000008171, 4.485281374238571317, 18.49999999999992539 ) ) ;
#66 = CIRCLE ( 'NONE', #3641, 5.000000000000000888 ) ;
#67 = CARTESIAN_POINT ( 'NONE',  ( 21.29999999999999005, 0.1000000000000000056, 9.049999999999998934 ) ) ;
#68 = FACE_BOUND ( 'NONE', #5982, .T. ) ;
#69 = CYLINDRICAL_SURFACE ( 'NONE', #347, 5.000000000000000888 ) ;
#70 = ORIENTED_EDGE ( 'NONE', *, *, #2163, .T. ) ;
#71 =( GEOMETRIC_REPRESENTATION_CONTEXT ( 3 ) GLOBAL_UNCERTAINTY_ASSIGNED_CONTEXT ( ( #225 ) ) GLOBAL_UNIT_ASSIGNED_CONTEXT ( ( #4988, #501, #2476 ) ) REPRESENTATION_CONTEXT ( 'NONE', 'WORKASPACE' ) );
#72 = DIRECTION ( 'NONE',  ( 0.000000000000000000, 0.000000000000000000, 1.000000000000000000 ) ) ;
#73 = LINE ( 'NONE', #4337, #3289 ) ;
#74 = DIRECTION ( 'NONE',  ( -1.000000000000000000, 0.000000000000000000, 0.000000000000000000 ) ) ;
#75 = CARTESIAN_POINT ( 'NONE',  ( -20.50690407708154694, 2.793010427357652148, -18.00115067951336201 ) ) ;
#76 = VERTEX_POINT ( 'NONE', #850 ) ;
#77 = DIRECTION ( 'NONE',  ( -1.000000000000000000, 0.000000000000000000, 0.000000000000000000 ) ) ;
#78 = CARTESIAN_POINT ( 'NONE',  ( 2.946806295815515460E-15, 15.75000000000000000, -23.25000000000000000 ) ) ;
#79 = EDGE_CURVE ( 'NONE', #2632, #2290, #2275, .T. ) ;
#80 = CYLINDRICAL_SURFACE ( 'NONE', #4016, 3.800000000000000266 ) ;
#81 = EDGE_CURVE ( 'NONE', #3918, #2699, #6249, .T. ) ;
#82 = VERTEX_POINT ( 'NONE', #5782 ) ;
#83 = EDGE_LOOP ( 'NONE', ( #5642, #1076, #1188, #4752 ) ) ;
#84 = PRODUCT ( 'asembl-ultrasonic', 'asembl-ultrasonic', '', ( #2722 ) ) ;
#85 = CIRCLE ( 'NONE', #3357, 0.6999999999999992895 ) ;
#86 = FACE_OUTER_BOUND ( 'NONE', #1928, .T. ) ;
#87 = FACE_BOUND ( 'NONE', #2997, .T. ) ;
#88 = CARTESIAN_POINT ( 'NONE',  ( 18.50000000000007816, 8.000000000000000000, 18.49999999999994671 ) ) ;
#89 = EDGE_LOOP ( 'NONE', ( #5627, #5113, #4412, #5497, #3027, #5391, #2609, #216 ) ) ;
#90 = EDGE_LOOP ( 'NONE', ( #5987, #4630, #3026, #3576, #1258, #4442, #4929, #5827 ) ) ;
#91 = LINE ( 'NONE', #2548, #459 ) ;
#92 = DIRECTION ( 'NONE',  ( -1.000000000000000000, 0.000000000000000000, 0.000000000000000000 ) ) ;
#93 = CARTESIAN_POINT ( 'NONE',  ( -27.50000000000018474, 21.00000000000000355, -17.49999999999971223 ) ) ;
#94 = DIRECTION ( 'NONE',  ( 0.000000000000000000, -1.000000000000000000, 0.000000000000000000 ) ) ;
#95 = ORIENTED_EDGE ( 'NONE', *, *, #3594, .F. ) ;
#96 = CYLINDRICAL_SURFACE ( 'NONE', #648, 1.100000000000000311 ) ;
#97 = VERTEX_POINT ( 'NONE', #2790 ) ;
#98 = EDGE_CURVE ( 'NONE', #3119, #3818, #5868, .T. ) ;
#99 = CARTESIAN_POINT ( 'NONE',  ( 17.50000000000000711, 2.000000000000000000, -17.50000000000001421 ) ) ;
#100 = DIRECTION ( 'NONE',  ( -0.000000000000000000, -0.000000000000000000, 1.000000000000000000 ) ) ;
#101 = CARTESIAN_POINT ( 'NONE',  ( 18.50000000000009237, 13.00000000000000355, 23.49999999999994671 ) ) ;
#102 = ORIENTED_EDGE ( 'NONE', *, *, #872, .T. ) ;
#103 = SURFACE_STYLE_USAGE ( .BOTH. , #1599 ) ;
#104 = ORIENTED_EDGE ( 'NONE', *, *, #2518, .F. ) ;
#105 = DIRECTION ( 'NONE',  ( -1.000000000000000000, -0.000000000000000000, -0.000000000000000000 ) ) ;
#106 = DIRECTION ( 'NONE',  ( -0.000000000000000000, -0.000000000000000000, 1.000000000000000000 ) ) ;
#107 = DIRECTION ( 'NONE',  ( -0.000000000000000000, 1.000000000000000000, -0.000000000000000000 ) ) ;
#108 = DIRECTION ( 'NONE',  ( 0.000000000000000000, 0.000000000000000000, -1.000000000000000000 ) ) ;
#109 = EDGE_CURVE ( 'NONE', #2061, #5401, #1322, .T. ) ;
#110 = ORIENTED_EDGE ( 'NONE', *, *, #1953, .F. ) ;
#111 = ORIENTED_EDGE ( 'NONE', *, *, #119, .T. ) ;
#112 = DIRECTION ( 'NONE',  ( -0.000000000000000000, -0.000000000000000000, 1.000000000000000000 ) ) ;
#113 = LINE ( 'NONE', #1133, #2593 ) ;
#114 = LINE ( 'NONE', #59, #3665 ) ;
#115 = EDGE_CURVE ( 'NONE', #5618, #1871, #3167, .T. ) ;
#116 = AXIS2_PLACEMENT_3D ( 'NONE', #1418, #4335, #1389 ) ;
#117 = EDGE_CURVE ( 'NONE', #3504, #4787, #38, .T. ) ;
#118 = ORIENTED_EDGE ( 'NONE', *, *, #2306, .T. ) ;
#119 = EDGE_CURVE ( 'NONE', #445, #4668, #4719, .T. ) ;
#120 = VERTEX_POINT ( 'NONE', #4685 ) ;
#121 = CARTESIAN_POINT ( 'NONE',  ( 17.72907422770591879, 19.00000002634293850, 17.72907422770578023 ) ) ;
#122 = PLANE ( 'NONE',  #1974 ) ;
#123 = DIRECTION ( 'NONE',  ( 0.000000000000000000, 0.000000000000000000, -1.000000000000000000 ) ) ;
#124 = CIRCLE ( 'NONE', #1856, 8.100000000000003197 ) ;
#125 = CARTESIAN_POINT ( 'NONE',  ( -23.45186274271119942, 7.216493126137728531, 18.49197712378520464 ) ) ;
#126 = CARTESIAN_POINT ( 'NONE',  ( -4.000000000000000000, 0.000000000000000000, 9.250000000000005329 ) ) ;
#127 =( BOUNDED_SURFACE ( )  B_SPLINE_SURFACE ( 3, 2, ( 
 ( #2464, #12, #5297 ),
 ( #910, #1980, #3399 ),
 ( #4369, #2852, #6314 ),
 ( #5363, #3462, #2918 ),
 ( #969, #4884, #3913 ),
 ( #1479, #489, #2437 ),
 ( #432, #4821, #4400 ),
 ( #1949, #3431, #5394 ),
 ( #2946, #4912, #518 ),
 ( #4429, #4549, #3130 ),
 ( #2135, #3525, #164 ),
 ( #5006, #5939, #131 ),
 ( #3621, #4092, #1181 ),
 ( #5096, #614, #3587 ),
 ( #2526, #226, #708 ),
 ( #2104, #4489, #5484 ),
 ( #4514, #1540, #3068 ),
 ( #5968, #2647, #2589 ),
 ( #3491, #1063, #4003 ),
 ( #99, #2042, #5546 ) ),
 .UNSPECIFIED., .F., .F., .F. ) 
 B_SPLINE_SURFACE_WITH_KNOTS ( ( 4, 2, 2, 2, 2, 2, 2, 2, 2, 4 ),
 ( 3, 3 ),
 ( 3.141592653589793116, 3.239767424014474262, 3.337942194439155408, 3.534291735288517255, 3.730641276137879103, 3.926990816987241395, 4.123340357836603687, 4.319689898685965090, 4.516039439535327382, 4.712388980384689674 ),
 ( 0.000000000000000000, 1.000000000000000000 ),
 .UNSPECIFIED. ) 
 GEOMETRIC_REPRESENTATION_ITEM ( )  RATIONAL_B_SPLINE_SURFACE ( (
 ( 1.000000000000000000, 0.7071067811865475727, 1.000000000000000000),
 ( 1.000000000000000000, 0.7071044350385069510, 1.000000000000000000),
 ( 1.000000000000000000, 0.7082489477862088378, 1.000000000000000000),
 ( 1.000000000000000000, 0.7127418050326717047, 1.000000000000000000),
 ( 1.000000000000000000, 0.7160917299643506650, 1.000000000000000000),
 ( 1.000000000000000000, 0.7291288848862734762, 1.000000000000000000),
 ( 1.000000000000000000, 0.7418334301983664503, 1.000000000000000000),
 ( 1.000000000000000000, 0.7723968094988371558, 1.000000000000000000),
 ( 1.000000000000000000, 0.7902180193271468589, 1.000000000000000000),
 ( 1.000000000000000000, 0.8275942589161940921, 1.000000000000000000),
 ( 1.000000000000000000, 0.8471316681044469554, 1.000000000000000000),
 ( 1.000000000000000000, 0.8849191394644304598, 1.000000000000000000),
 ( 1.000000000000000000, 0.9031651044137659623, 1.000000000000000000),
 ( 1.000000000000000000, 0.9360421792726296708, 1.000000000000000000),
 ( 1.000000000000000000, 0.9506740383552012563, 1.000000000000000000),
 ( 1.000000000000000000, 0.9747108014071118598, 1.000000000000000000),
 ( 1.000000000000000000, 0.9841171518560533071, 1.000000000000000000),
 ( 1.000000000000000000, 0.9967613230916868572, 1.000000000000000000),
 ( 1.000000000000000000, 1.000009747438936669, 1.000000000000000000),
 ( 1.000000000000000000, 1.000000000000000000, 1.000000000000000000) ) ) 
 REPRESENTATION_ITEM ( '' )  SURFACE ( )  );
#128 = EDGE_LOOP ( 'NONE', ( #1852, #2032, #2652, #3466 ) ) ;
#129 = CIRCLE ( 'NONE', #3604, 4.999999999999999112 ) ;
#130 = EDGE_CURVE ( 'NONE', #2369, #5610, #3269, .T. ) ;
#131 = CARTESIAN_POINT ( 'NONE',  ( 18.16082675572292615, 3.479679160099071300, -21.46496053433766349 ) ) ;
#132 = CARTESIAN_POINT ( 'NONE',  ( 23.50000000000010303, 8.000000000000000000, 23.49999999999992539 ) ) ;
#133 = AXIS2_PLACEMENT_3D ( 'NONE', #5690, #5205, #3662 ) ;
#134 = CARTESIAN_POINT ( 'NONE',  ( 15.00000000000001421, 8.000000000000000000, -17.50000000000001421 ) ) ;
#135 = ORIENTED_EDGE ( 'NONE', *, *, #5671, .T. ) ;
#136 = EDGE_LOOP ( 'NONE', ( #4786, #627, #3569, #5682 ) ) ;
#137 = EDGE_CURVE ( 'NONE', #6188, #5998, #4121, .T. ) ;
#138 =( LENGTH_UNIT ( ) NAMED_UNIT ( * ) SI_UNIT ( .MILLI., .METRE. ) );
#139 = EDGE_LOOP ( 'NONE', ( #3754, #566, #5172, #677 ) ) ;
#140 = AXIS2_PLACEMENT_3D ( 'NONE', #2299, #1813, #4267 ) ;
#141 = DIRECTION ( 'NONE',  ( -0.000000000000000000, -1.000000000000000000, -0.000000000000000000 ) ) ;
#142 = DIRECTION ( 'NONE',  ( -0.000000000000000000, 1.000000000000000000, -0.000000000000000000 ) ) ;
#143 = CARTESIAN_POINT ( 'NONE',  ( -17.50000000000000711, 19.00000000000000355, 17.50000000000001421 ) ) ;
#144 = DIRECTION ( 'NONE',  ( -0.000000000000000000, 1.000000000000000000, -0.000000000000000000 ) ) ;
#145 = VECTOR ( 'NONE', #5489, 1000.000000000000000 ) ;
#146 = ORIENTED_EDGE ( 'NONE', *, *, #6266, .T. ) ;
#147 = ORIENTED_EDGE ( 'NONE', *, *, #5519, .T. ) ;
#148 = EDGE_CURVE ( 'NONE', #2107, #4566, #2532, .T. ) ;
#149 = LINE ( 'NONE', #4018, #3781 ) ;
#150 = DIRECTION ( 'NONE',  ( -0.000000000000000000, 1.000000000000000000, -0.000000000000000000 ) ) ;
#151 = DIRECTION ( 'NONE',  ( -0.000000000000000000, -0.000000000000000000, 1.000000000000000000 ) ) ;
#152 = VECTOR ( 'NONE', #766, 1000.000000000000000 ) ;
#153 = ORIENTED_EDGE ( 'NONE', *, *, #4468, .T. ) ;
#154 = EDGE_LOOP ( 'NONE', ( #374, #5697, #3760, #1811 ) ) ;
#155 = CIRCLE ( 'NONE', #665, 0.6999999999999992895 ) ;
#156 = DIRECTION ( 'NONE',  ( 0.000000000000000000, -1.000000000000000000, 0.000000000000000000 ) ) ;
#157 = LINE ( 'NONE', #4085, #2800 ) ;
#158 = DIRECTION ( 'NONE',  ( 0.000000000000000000, 1.000000000000000000, 0.000000000000000000 ) ) ;
#159 = CARTESIAN_POINT ( 'NONE',  ( -25.00000000000000000, 19.00000000000000355, 15.00000000000000178 ) ) ;
#160 = DIRECTION ( 'NONE',  ( 0.000000000000000000, 0.000000000000000000, -1.000000000000000000 ) ) ;
#161 = ADVANCED_FACE ( 'NONE', ( #5685 ), #1289, .F. ) ;
#162 = ORIENTED_EDGE ( 'NONE', *, *, #4687, .F. ) ;
#163 = VECTOR ( 'NONE', #3746, 1000.000000000000000 ) ;
#164 = CARTESIAN_POINT ( 'NONE',  ( 18.25338680665018742, 4.035039465662356051, -22.02032083990094335 ) ) ;
#165 = CARTESIAN_POINT ( 'NONE',  ( -14.09999999999999609, 15.75000000000000000, -15.25000000000000000 ) ) ;
#166 = DIRECTION ( 'NONE',  ( -1.000000000000000000, -0.000000000000000000, -3.154042683594194997E-17 ) ) ;
#167 = VERTEX_POINT ( 'NONE', #2276 ) ;
#168 = ORIENTED_EDGE ( 'NONE', *, *, #4050, .T. ) ;
#169 = CARTESIAN_POINT ( 'NONE',  ( -0.000000000000000000, 0.1000000000000000056, -10.34999999999999787 ) ) ;
#170 = DIRECTION ( 'NONE',  ( -1.000000000000000000, 0.000000000000000000, 2.081668171172168513E-16 ) ) ;
#171 = CYLINDRICAL_SURFACE ( 'NONE', #643, 1.499999999999999556 ) ;
#172 = EDGE_CURVE ( 'NONE', #4668, #2197, #3810, .T. ) ;
#173 = ORIENTED_EDGE ( 'NONE', *, *, #39, .F. ) ;
#174 = VERTEX_POINT ( 'NONE', #782 ) ;
#175 = CARTESIAN_POINT ( 'NONE',  ( 15.00000000000000178, 2.000000000000000000, -17.50000000000001421 ) ) ;
#176 = FACE_OUTER_BOUND ( 'NONE', #5102, .T. ) ;
#177 = CARTESIAN_POINT ( 'NONE',  ( 3.887357607529844343E-15, 22.35000000000000142, -13.24999999999999822 ) ) ;
#178 = VERTEX_POINT ( 'NONE', #1792 ) ;
#179 = ORIENTED_EDGE ( 'NONE', *, *, #1892, .F. ) ;
#180 = VECTOR ( 'NONE', #1330, 1000.000000000000000 ) ;
#181 = EDGE_LOOP ( 'NONE', ( #2700, #6102, #104, #4849 ) ) ;
#182 = CARTESIAN_POINT ( 'NONE',  ( 19.16748811887285697, 18.87207477752336970, 19.16748811887239867 ) ) ;
#183 = CARTESIAN_POINT ( 'NONE',  ( -15.59999999999999787, 15.75000000000000000, -23.25000000000000000 ) ) ;
#184 = FACE_BOUND ( 'NONE', #1909, .T. ) ;
#185 = VECTOR ( 'NONE', #701, 1000.000000000000000 ) ;
#186 = AXIS2_PLACEMENT_3D ( 'NONE', #5862, #1466, #1524 ) ;
#187 = CARTESIAN_POINT ( 'NONE',  ( 23.50000000000001066, 13.00000000000000355, -18.50000000000001066 ) ) ;
#188 = CARTESIAN_POINT ( 'NONE',  ( -11.89999999999999680, 15.75000000000000000, -15.25000000000000000 ) ) ;
#189 = ORIENTED_EDGE ( 'NONE', *, *, #1616, .T. ) ;
#190 = ADVANCED_FACE ( 'NONE', ( #5716 ), #2343, .F. ) ;
#191 = AXIS2_PLACEMENT_3D ( 'NONE', #2603, #1132, #599 ) ;
#192 = ORIENTED_EDGE ( 'NONE', *, *, #6048, .T. ) ;
#193 = CARTESIAN_POINT ( 'NONE',  ( -26.00000000000000355, 2.864466094067262159, 0.2855339059327391404 ) ) ;
#194 = DIRECTION ( 'NONE',  ( 0.000000000000000000, 0.000000000000000000, -1.000000000000000000 ) ) ;
#195 = CARTESIAN_POINT ( 'NONE',  ( -23.50000000000020961, 4.485281374238569541, -18.49999999999976197 ) ) ;
#196 = AXIS2_PLACEMENT_3D ( 'NONE', #4991, #2056, #4530 ) ;
#197 = EDGE_CURVE ( 'NONE', #2699, #2828, #4652, .T. ) ;
#198 = ORIENTED_EDGE ( 'NONE', *, *, #3769, .F. ) ;
#199 = ORIENTED_EDGE ( 'NONE', *, *, #6048, .F. ) ;
#200 = EDGE_CURVE ( 'NONE', #2660, #3489, #3303, .T. ) ;
#201 = EDGE_CURVE ( 'NONE', #1718, #3918, #5232, .T. ) ;
#202 = ORIENTED_EDGE ( 'NONE', *, *, #4166, .F. ) ;
#203 = CYLINDRICAL_SURFACE ( 'NONE', #696, 5.000000000000000888 ) ;
#204 = DIRECTION ( 'NONE',  ( -1.000000000000000000, 0.000000000000000000, 3.491481338843133355E-15 ) ) ;
#205 = FACE_OUTER_BOUND ( 'NONE', #2487, .T. ) ;
#206 = DIRECTION ( 'NONE',  ( 0.000000000000000000, 0.000000000000000000, 1.000000000000000000 ) ) ;
#207 = VERTEX_POINT ( 'NONE', #5267 ) ;
#208 = VECTOR ( 'NONE', #6250, 1000.000000000000000 ) ;
#209 = VERTEX_POINT ( 'NONE', #268 ) ;
#210 = CARTESIAN_POINT ( 'NONE',  ( -25.00000000000000000, 19.00000000000000355, 15.00000000000000178 ) ) ;
#211 = CARTESIAN_POINT ( 'NONE',  ( 0.000000000000000000, 19.00000000000000355, 27.50000000000000000 ) ) ;
#212 = CARTESIAN_POINT ( 'NONE',  ( -5.100000000000000533, 0.000000000000000000, 10.25000000000000533 ) ) ;
#213 = EDGE_CURVE ( 'NONE', #2857, #5957, #2205, .T. ) ;
#214 = ORIENTED_EDGE ( 'NONE', *, *, #4877, .T. ) ;
#215 = ORIENTED_EDGE ( 'NONE', *, *, #2935, .F. ) ;
#216 = ORIENTED_EDGE ( 'NONE', *, *, #2697, .T. ) ;
#217 = CARTESIAN_POINT ( 'NONE',  ( -23.50000000000020961, 19.00000000000000355, -18.49999999999976197 ) ) ;
#218 = DIRECTION ( 'NONE',  ( 1.000000000000000000, 0.000000000000000000, -3.083311109201532150E-15 ) ) ;
#219 = AXIS2_PLACEMENT_3D ( 'NONE', #4458, #72, #5937 ) ;
#220 = ADVANCED_FACE ( 'NONE', ( #5650 ), #4459, .F. ) ;
#221 = CARTESIAN_POINT ( 'NONE',  ( -18.50000000000001066, 8.000000000000000000, 23.50000000000001421 ) ) ;
#222 = CARTESIAN_POINT ( 'NONE',  ( 11.20000000000000107, 15.75000000000002487, -15.25000000000000000 ) ) ;
#223 = ORIENTED_EDGE ( 'NONE', *, *, #5467, .T. ) ;
#224 = AXIS2_PLACEMENT_3D ( 'NONE', #4791, #5166, #817 ) ;
#225 = UNCERTAINTY_MEASURE_WITH_UNIT (LENGTH_MEASURE( 1.000000000000000082E-05 ), #4988, 'distance_accuracy_value', 'NONE');
#226 = CARTESIAN_POINT ( 'NONE',  ( 19.16748811887295290, 2.127925222476422462, -19.16748811887326909 ) ) ;
#227 = LINE ( 'NONE', #2199, #1744 ) ;
#228 = LINE ( 'NONE', #3160, #6272 ) ;
#229 = ORIENTED_EDGE ( 'NONE', *, *, #3349, .T. ) ;
#230 = EDGE_CURVE ( 'NONE', #4504, #5797, #5331, .T. ) ;
#231 = ORIENTED_EDGE ( 'NONE', *, *, #5620, .F. ) ;
#232 = LINE ( 'NONE', #1690, #3144 ) ;
#233 = PLANE ( 'NONE',  #5067 ) ;
#234 = CIRCLE ( 'NONE', #2479, 1.100000000000000311 ) ;
#235 = EDGE_CURVE ( 'NONE', #1154, #4479, #1152, .T. ) ;
#236 = CARTESIAN_POINT ( 'NONE',  ( -18.44892610094868601, 14.93329400291702491, 23.19355660569157962 ) ) ;
#237 = EDGE_LOOP ( 'NONE', ( #3686, #5737, #1859, #3532 ) ) ;
#238 = EDGE_LOOP ( 'NONE', ( #3251, #6216, #2108, #1197 ) ) ;
#239 = VECTOR ( 'NONE', #2316, 1000.000000000000000 ) ;
#240 = AXIS2_PLACEMENT_3D ( 'NONE', #5813, #42, #2013 ) ;
#241 = ORIENTED_EDGE ( 'NONE', *, *, #4008, .F. ) ;
#242 = FACE_OUTER_BOUND ( 'NONE', #1935, .T. ) ;
#243 = FACE_BOUND ( 'NONE', #4618, .T. ) ;
#244 = FACE_OUTER_BOUND ( 'NONE', #5294, .T. ) ;
#245 = ADVANCED_FACE ( 'NONE', ( #5909 ), #2885, .F. ) ;
#246 = EDGE_CURVE ( 'NONE', #1600, #3210, #73, .T. ) ;
#247 = ORIENTED_EDGE ( 'NONE', *, *, #3577, .T. ) ;
#248 = VERTEX_POINT ( 'NONE', #2373 ) ;
#249 = VERTEX_POINT ( 'NONE', #2975 ) ;
#250 = VECTOR ( 'NONE', #3060, 1000.000000000000000 ) ;
#251 = CARTESIAN_POINT ( 'NONE',  ( 15.00000000000001421, 19.00000000000000355, -17.50000000000001421 ) ) ;
#252 = CARTESIAN_POINT ( 'NONE',  ( -4.750000000000000888, 0.000000000000000000, -5.050000000000003375 ) ) ;
#253 = CARTESIAN_POINT ( 'NONE',  ( 17.50000000000006040, 21.00000000000000355, 17.49999999999993960 ) ) ;
#254 = CARTESIAN_POINT ( 'NONE',  ( -17.50000000000018119, 21.00000000000000355, -17.49999999999981881 ) ) ;
#255 = VECTOR ( 'NONE', #4562, 1000.000000000000000 ) ;
#256 = EDGE_CURVE ( 'NONE', #2356, #1871, #3182, .T. ) ;
#257 = VERTEX_POINT ( 'NONE', #1028 ) ;
#258 = FILL_AREA_STYLE ('',( #5974 ) ) ;
#259 = AXIS2_PLACEMENT_3D ( 'NONE', #5014, #3045, #623 ) ;
#260 = CARTESIAN_POINT ( 'NONE',  ( -12.50000000000000000, 19.00000000000000355, 17.49999999999999645 ) ) ;
#261 = DIRECTION ( 'NONE',  ( -0.000000000000000000, 1.000000000000000000, -0.000000000000000000 ) ) ;
#262 = DIRECTION ( 'NONE',  ( 0.000000000000000000, 0.000000000000000000, -1.000000000000000000 ) ) ;
#263 = ORIENTED_EDGE ( 'NONE', *, *, #4574, .T. ) ;
#264 = ADVANCED_FACE ( 'NONE', ( #3944 ), #1390, .F. ) ;
#265 = VERTEX_POINT ( 'NONE', #3854 ) ;
#266 = LINE ( 'NONE', #2308, #2939 ) ;
#267 = DIRECTION ( 'NONE',  ( 0.000000000000000000, 0.000000000000000000, -1.000000000000000000 ) ) ;
#268 = CARTESIAN_POINT ( 'NONE',  ( -25.00000000000021316, 19.00000000000000355, -19.99999999999998224 ) ) ;
#269 = CARTESIAN_POINT ( 'NONE',  ( -17.75928256305599362, 18.80809989862352438, 19.05569537833591909 ) ) ;
#270 = SHAPE_DEFINITION_REPRESENTATION ( #2066, #2817 ) ;
#271 = CIRCLE ( 'NONE', #4779, 0.6999999999999992895 ) ;
#272 = ORIENTED_EDGE ( 'NONE', *, *, #914, .T. ) ;
#273 = CYLINDRICAL_SURFACE ( 'NONE', #1057, 1.249999999999997335 ) ;
#274 = ORIENTED_EDGE ( 'NONE', *, *, #2665, .T. ) ;
#275 = FACE_BOUND ( 'NONE', #1319, .T. ) ;
#276 = CARTESIAN_POINT ( 'NONE',  ( 17.82221566379920574, 18.69355661402631696, -19.43329398279517051 ) ) ;
#277 = DIRECTION ( 'NONE',  ( 0.000000000000000000, 0.000000000000000000, -1.000000000000000000 ) ) ;
#278 = EDGE_LOOP ( 'NONE', ( #770, #214, #1804, #2389 ) ) ;
#279 = ORIENTED_EDGE ( 'NONE', *, *, #213, .F. ) ;
#280 = ORIENTED_EDGE ( 'NONE', *, *, #4737, .T. ) ;
#281 = CARTESIAN_POINT ( 'NONE',  ( -15.00000000000018652, 19.00000000000000355, -17.49999999999985079 ) ) ;
#282 = PLANE ( 'NONE',  #5882 ) ;
#283 = CARTESIAN_POINT ( 'NONE',  ( 16.30000000000000071, 15.75000000000003553, -23.25000000000000000 ) ) ;
#284 = AXIS2_PLACEMENT_3D ( 'NONE', #212, #4109, #3834 ) ;
#285 = DIRECTION ( 'NONE',  ( 0.000000000000000000, 0.000000000000000000, 1.000000000000000000 ) ) ;
#286 = ORIENTED_EDGE ( 'NONE', *, *, #1870, .F. ) ;
#287 = AXIS2_PLACEMENT_3D ( 'NONE', #3861, #3438, #4918 ) ;
#288 = ORIENTED_EDGE ( 'NONE', *, *, #2847, .T. ) ;
#289 = DIRECTION ( 'NONE',  ( 0.000000000000000000, 0.000000000000000000, -1.000000000000000000 ) ) ;
#290 = LINE ( 'NONE', #1383, #3258 ) ;
#291 = LINE ( 'NONE', #5710, #4627 ) ;
#292 = ORIENTED_EDGE ( 'NONE', *, *, #4034, .T. ) ;
#293 = AXIS2_PLACEMENT_3D ( 'NONE', #2752, #2203, #4204 ) ;
#294 = ORIENTED_EDGE ( 'NONE', *, *, #3410, .T. ) ;
#295 = LINE ( 'NONE', #3724, #1918 ) ;
#296 = DIRECTION ( 'NONE',  ( 0.000000000000000000, -1.000000000000000000, 0.000000000000000000 ) ) ;
#297 = EDGE_CURVE ( 'NONE', #468, #4081, #999, .T. ) ;
#298 = VECTOR ( 'NONE', #1194, 1000.000000000000000 ) ;
#299 = DIRECTION ( 'NONE',  ( 1.000000000000000000, 0.000000000000000000, 0.000000000000000000 ) ) ;
#300 = CARTESIAN_POINT ( 'NONE',  ( 23.49999999815099017, 13.36001597472272273, 23.49999999815081608 ) ) ;
#301 = CARTESIAN_POINT ( 'NONE',  ( -23.37365715857657023, 14.41676346881562409, 23.37365715857658088 ) ) ;
#302 = DIRECTION ( 'NONE',  ( 0.000000000000000000, 0.000000000000000000, 1.000000000000000000 ) ) ;
#303 = ORIENTED_EDGE ( 'NONE', *, *, #4280, .F. ) ;
#304 = CARTESIAN_POINT ( 'NONE',  ( -26.00000000000000355, 1.399999999999999911, 1.750000000000001554 ) ) ;
#305 = VERTEX_POINT ( 'NONE', #3975 ) ;
#306 = PLANE ( 'NONE',  #711 ) ;
#307 = CARTESIAN_POINT ( 'NONE',  ( 21.19346694644535489, 18.06882508381146479, -21.19346694644535489 ) ) ;
#308 = DIRECTION ( 'NONE',  ( -1.278740865116515653E-14, 0.000000000000000000, -1.000000000000000000 ) ) ;
#309 = DIRECTION ( 'NONE',  ( 1.000000000000000000, -0.000000000000000000, 0.000000000000000000 ) ) ;
#310 = ADVANCED_FACE ( 'NONE', ( #461 ), #127, .F. ) ;
#311 = ORIENTED_EDGE ( 'NONE', *, *, #5374, .T. ) ;
#312 = AXIS2_PLACEMENT_3D ( 'NONE', #555, #2014, #462 ) ;
#313 = ORIENTED_EDGE ( 'NONE', *, *, #4996, .T. ) ;
#314 = EDGE_CURVE ( 'NONE', #1583, #257, #2467, .T. ) ;
#315 = VERTEX_POINT ( 'NONE', #4604 ) ;
#316 = CARTESIAN_POINT ( 'NONE',  ( -16.29999999999999716, 15.75000000000000000, -15.25000000000000000 ) ) ;
#317 = DIRECTION ( 'NONE',  ( 0.000000000000000000, -1.000000000000000000, 0.000000000000000000 ) ) ;
#318 = CARTESIAN_POINT ( 'NONE',  ( -23.50000000000021316, 12.99999999999999289, -18.49999999999976197 ) ) ;
#319 = EDGE_CURVE ( 'NONE', #3670, #5518, #679, .T. ) ;
#320 = DIRECTION ( 'NONE',  ( -0.000000000000000000, 1.000000000000000000, -0.000000000000000000 ) ) ;
#321 = EDGE_CURVE ( 'NONE', #1544, #3266, #3010, .T. ) ;
#322 = ORIENTED_EDGE ( 'NONE', *, *, #3990, .T. ) ;
#323 = AXIS2_PLACEMENT_3D ( 'NONE', #2945, #4911, #1947 ) ;
#324 = DIRECTION ( 'NONE',  ( -1.000000000000000000, 0.000000000000000000, -6.802837160693362624E-16 ) ) ;
#325 = FACE_OUTER_BOUND ( 'NONE', #328, .T. ) ;
#326 = CARTESIAN_POINT ( 'NONE',  ( 18.29510763021257347, 4.340061290255352588, 22.27064578127519212 ) ) ;
#327 = DIRECTION ( 'NONE',  ( 0.000000000000000000, 0.000000000000000000, 1.000000000000000000 ) ) ;
#328 = EDGE_LOOP ( 'NONE', ( #6173, #147, #1393, #4818 ) ) ;
#329 = EDGE_CURVE ( 'NONE', #6046, #1763, #3495, .T. ) ;
#330 = EDGE_CURVE ( 'NONE', #5139, #5943, #6057, .T. ) ;
#331 = DIRECTION ( 'NONE',  ( 1.000000000000000000, 0.000000000000000000, 0.000000000000000000 ) ) ;
#332 = CARTESIAN_POINT ( 'NONE',  ( 6.800000000000002487, 15.75000000000001421, -23.25000000000000000 ) ) ;
#333 = DIRECTION ( 'NONE',  ( 1.000000000000000000, 0.000000000000000000, -3.491481338843133355E-15 ) ) ;
#334 = CARTESIAN_POINT ( 'NONE',  ( 26.00000000000000355, 1.399999999999999911, 1.750000000000001554 ) ) ;
#335 = VECTOR ( 'NONE', #309, 1000.000000000000000 ) ;
#336 = CARTESIAN_POINT ( 'NONE',  ( 0.7000000000000050626, 9.149999999999998579, -13.24999999999999822 ) ) ;
#337 = ORIENTED_EDGE ( 'NONE', *, *, #1127, .T. ) ;
#338 = CARTESIAN_POINT ( 'NONE',  ( -26.00000000000000355, 0.000000000000000000, 0.000000000000000000 ) ) ;
#339 = CARTESIAN_POINT ( 'NONE',  ( -11.49999999999999822, -1.000000000000000000, -6.500000000000000000 ) ) ;
#340 = ORIENTED_EDGE ( 'NONE', *, *, #4329, .F. ) ;
#341 = VECTOR ( 'NONE', #3333, 1000.000000000000000 ) ;
#342 = CARTESIAN_POINT ( 'NONE',  ( -12.69999999999999574, 1.399999999999999911, 8.099999999999994316 ) ) ;
#343 = CARTESIAN_POINT ( 'NONE',  ( 23.49999999815067042, 13.36001597472265878, -23.49999999815067753 ) ) ;
#344 = AXIS2_PLACEMENT_3D ( 'NONE', #6220, #2687, #1759 ) ;
#345 = FACE_OUTER_BOUND ( 'NONE', #753, .T. ) ;
#346 = CARTESIAN_POINT ( 'NONE',  ( -21.46496053433763151, 3.479679160099053092, 18.16082675572293326 ) ) ;
#347 = AXIS2_PLACEMENT_3D ( 'NONE', #2457, #3849, #1474 ) ;
#348 = ORIENTED_EDGE ( 'NONE', *, *, #5567, .F. ) ;
#349 = AXIS2_PLACEMENT_3D ( 'NONE', #4944, #3883, #1448 ) ;
#350 = ORIENTED_EDGE ( 'NONE', *, *, #5523, .F. ) ;
#351 = EDGE_CURVE ( 'NONE', #2290, #3678, #2558, .T. ) ;
#352 = ORIENTED_EDGE ( 'NONE', *, *, #871, .T. ) ;
#353 = DIRECTION ( 'NONE',  ( 0.000000000000000000, 0.000000000000000000, 1.000000000000000000 ) ) ;
#354 = LINE ( 'NONE', #4227, #5779 ) ;
#355 = CARTESIAN_POINT ( 'NONE',  ( -18.42791506256963530, 18.96572303686197358, -18.42791506257001544 ) ) ;
#356 = MECHANICAL_DESIGN_GEOMETRIC_PRESENTATION_REPRESENTATION (  '', ( #4749 ), #3925 ) ;
#357 = DIRECTION ( 'NONE',  ( 0.000000000000000000, 1.000000000000000000, 0.000000000000000000 ) ) ;
#358 = VERTEX_POINT ( 'NONE', #1149 ) ;
#359 = AXIS2_PLACEMENT_3D ( 'NONE', #4420, #2, #5899 ) ;
#360 = CARTESIAN_POINT ( 'NONE',  ( 27.50000000000000000, 21.00000000000000355, -9.601573681818617358E-14 ) ) ;
#361 = VECTOR ( 'NONE', #570, 1000.000000000000000 ) ;
#362 = CARTESIAN_POINT ( 'NONE',  ( -15.00000000000024691, 2.000000000000000000, -24.99999999999998579 ) ) ;
#363 = DIRECTION ( 'NONE',  ( 1.000000000000000000, 0.000000000000000000, -2.081668171172168513E-16 ) ) ;
#364 = EDGE_CURVE ( 'NONE', #2216, #265, #3101, .T. ) ;
#365 = FACE_OUTER_BOUND ( 'NONE', #573, .T. ) ;
#366 = ORIENTED_EDGE ( 'NONE', *, *, #1228, .F. ) ;
#367 = AXIS2_PLACEMENT_3D ( 'NONE', #5370, #978, #2925 ) ;
#368 = ADVANCED_FACE ( 'NONE', ( #4035 ), #5068, .F. ) ;
#369 = CARTESIAN_POINT ( 'NONE',  ( 18.50000000000007816, 19.00000000000000355, 18.49999999999994671 ) ) ;
#370 = DIRECTION ( 'NONE',  ( -0.000000000000000000, 1.000000000000000000, -0.000000000000000000 ) ) ;
#371 = DIRECTION ( 'NONE',  ( -3.469446951953614189E-15, 0.000000000000000000, -1.000000000000000000 ) ) ;
#372 = CARTESIAN_POINT ( 'NONE',  ( -22.50000000000000355, 1.399999999999999911, 13.25000000000000533 ) ) ;
#373 = DIRECTION ( 'NONE',  ( 0.000000000000000000, 0.000000000000000000, -1.000000000000000000 ) ) ;
#374 = ORIENTED_EDGE ( 'NONE', *, *, #1812, .F. ) ;
#375 = EDGE_CURVE ( 'NONE', #398, #5383, #2620, .T. ) ;
#376 = DIRECTION ( 'NONE',  ( 1.000000000000000000, 0.000000000000000000, -3.491481338843132961E-15 ) ) ;
#377 = DIRECTION ( 'NONE',  ( -1.000000000000000000, 0.000000000000000000, -0.000000000000000000 ) ) ;
#378 = VERTEX_POINT ( 'NONE', #193 ) ;
#379 = CARTESIAN_POINT ( 'NONE',  ( 15.00000000000006395, 19.00000000000000355, 17.49999999999995737 ) ) ;
#380 = CARTESIAN_POINT ( 'NONE',  ( 21.46496053433749651, 17.52032083990108546, -18.16082675572292970 ) ) ;
#381 = DIRECTION ( 'NONE',  ( 1.000000000000000000, 0.000000000000000000, 0.000000000000000000 ) ) ;
#382 = AXIS2_PLACEMENT_3D ( 'NONE', #6055, #3127, #5092 ) ;
#383 = CARTESIAN_POINT ( 'NONE',  ( -18.46801665073599708, 6.444304650784071775, 23.30809990441586166 ) ) ;
#384 = EDGE_LOOP ( 'NONE', ( #4090, #3421 ) ) ;
#385 = ORIENTED_EDGE ( 'NONE', *, *, #557, .F. ) ;
#386 = ORIENTED_EDGE ( 'NONE', *, *, #2869, .T. ) ;
#387 = ORIENTED_EDGE ( 'NONE', *, *, #4651, .T. ) ;
#388 = DIRECTION ( 'NONE',  ( 1.000000000000000000, 0.000000000000000000, -1.006627378688779886E-14 ) ) ;
#389 = DIRECTION ( 'NONE',  ( -0.000000000000000000, -1.000000000000000000, 0.000000000000000000 ) ) ;
#390 = CARTESIAN_POINT ( 'NONE',  ( -23.50000000000026290, 12.99999999999998401, -23.49999999999976197 ) ) ;
#391 = ADVANCED_FACE ( 'NONE', ( #1815 ), #3682, .F. ) ;
#392 = EDGE_LOOP ( 'NONE', ( #1554, #2516, #1901, #6020 ) ) ;
#393 = DIRECTION ( 'NONE',  ( -0.000000000000000000, -1.000000000000000000, -0.000000000000000000 ) ) ;
#394 = DIRECTION ( 'NONE',  ( 1.000000000000000000, 0.000000000000000000, -1.047444401652940007E-14 ) ) ;
#395 = CARTESIAN_POINT ( 'NONE',  ( 21.46496053433770967, 3.479679160099061086, 18.16082675572298299 ) ) ;
#396 = CARTESIAN_POINT ( 'NONE',  ( -19.99999999999999645, 2.000000000000000000, 20.00000000000000000 ) ) ;
#397 = ORIENTED_EDGE ( 'NONE', *, *, #1911, .T. ) ;
#398 = VERTEX_POINT ( 'NONE', #3782 ) ;
#399 = DIRECTION ( 'NONE',  ( -1.000000000000000000, 0.000000000000000000, 1.047444401652940007E-14 ) ) ;
#400 = CARTESIAN_POINT ( 'NONE',  ( 22.50000000000000000, 21.00000000000000355, -12.49999999999999822 ) ) ;
#401 = VECTOR ( 'NONE', #856, 1000.000000000000000 ) ;
#402 = DIRECTION ( 'NONE',  ( 1.000000000000000000, 0.000000000000000000, -2.081668171172168513E-16 ) ) ;
#403 = CARTESIAN_POINT ( 'NONE',  ( 23.50000000000008171, 13.19634965606319454, 18.49999999999175060 ) ) ;
#404 = ADVANCED_FACE ( 'NONE', ( #325 ), #2266, .T. ) ;
#405 = VECTOR ( 'NONE', #6111, 1000.000000000000000 ) ;
#406 = LINE ( 'NONE', #2376, #3086 ) ;
#407 = EDGE_CURVE ( 'NONE', #5461, #4047, #1713, .T. ) ;
#408 = EDGE_CURVE ( 'NONE', #3918, #4797, #4323, .T. ) ;
#409 = CARTESIAN_POINT ( 'NONE',  ( 24.99999999999999645, 19.00000000000000355, -9.249120389900874254E-14 ) ) ;
#410 = ORIENTED_EDGE ( 'NONE', *, *, #5612, .T. ) ;
#411 = FACE_BOUND ( 'NONE', #1416, .T. ) ;
#412 = CARTESIAN_POINT ( 'NONE',  ( 22.27064578127485106, 16.65993870974525848, -18.29510763021250597 ) ) ;
#413 = DIRECTION ( 'NONE',  ( 1.000000000000000000, 0.000000000000000000, 0.000000000000000000 ) ) ;
#414 = CARTESIAN_POINT ( 'NONE',  ( -17.50000000000000711, 2.000000000000000000, 17.50000000000001421 ) ) ;
#415 = ORIENTED_EDGE ( 'NONE', *, *, #2461, .F. ) ;
#416 = ORIENTED_EDGE ( 'NONE', *, *, #4938, .T. ) ;
#417 = ADVANCED_FACE ( 'NONE', ( #3194 ), #2198, .F. ) ;
#418 = VERTEX_POINT ( 'NONE', #4159 ) ;
#419 = FACE_BOUND ( 'NONE', #1201, .T. ) ;
#420 = CARTESIAN_POINT ( 'NONE',  ( -22.50000000000000000, 19.00000000000000355, 22.50000000000000000 ) ) ;
#421 = CARTESIAN_POINT ( 'NONE',  ( -19.97696689349383092, 18.67053321296799240, -19.97696689349323407 ) ) ;
#422 = ORIENTED_EDGE ( 'NONE', *, *, #5266, .T. ) ;
#423 = DIRECTION ( 'NONE',  ( 1.000000000000000000, 0.000000000000000000, -0.000000000000000000 ) ) ;
#424 = DIRECTION ( 'NONE',  ( 0.000000000000000000, -1.000000000000000000, -0.000000000000000000 ) ) ;
#425 = CARTESIAN_POINT ( 'NONE',  ( 17.72907422770585839, 1.999999973656763519, 17.72907422770571984 ) ) ;
#426 = DIRECTION ( 'NONE',  ( -0.000000000000000000, 1.000000000000000000, -0.000000000000000000 ) ) ;
#427 = EDGE_LOOP ( 'NONE', ( #231, #3218, #4967, #70, #5056, #2054 ) ) ;
#428 = LINE ( 'NONE', #3937, #6324 ) ;
#429 = DIRECTION ( 'NONE',  ( -2.312964634635756861E-15, 0.000000000000000000, -1.000000000000000000 ) ) ;
#430 = CIRCLE ( 'NONE', #4417, 8.100000000000001421 ) ;
#431 = VECTOR ( 'NONE', #3115, 1000.000000000000000 ) ;
#432 = CARTESIAN_POINT ( 'NONE',  ( 23.19355660569174304, 6.066705997083390756, -18.44892610094868957 ) ) ;
#433 = DIRECTION ( 'NONE',  ( -0.000000000000000000, 0.7071067811865475727, 0.7071067811865474617 ) ) ;
#434 = DIRECTION ( 'NONE',  ( -0.000000000000000000, -0.7071067811865474617, 0.7071067811865475727 ) ) ;
#435 = ORIENTED_EDGE ( 'NONE', *, *, #6075, .F. ) ;
#436 = LINE ( 'NONE', #4916, #4528 ) ;
#437 = VERTEX_POINT ( 'NONE', #362 ) ;
#438 = CARTESIAN_POINT ( 'NONE',  ( 27.50000000000000355, 0.000000000000000000, 8.250000000000003553 ) ) ;
#439 = CARTESIAN_POINT ( 'NONE',  ( 5.100000000000000533, 0.000000000000000000, 7.750000000000007105 ) ) ;
#440 = DIRECTION ( 'NONE',  ( -0.000000000000000000, -1.000000000000000000, -0.000000000000000000 ) ) ;
#441 = AXIS2_PLACEMENT_3D ( 'NONE', #4380, #2986, #6325 ) ;
#442 = CARTESIAN_POINT ( 'NONE',  ( -19.16748811887295290, 2.127925222476422462, 19.16748811887326909 ) ) ;
#443 = VERTEX_POINT ( 'NONE', #6145 ) ;
#444 = ORIENTED_EDGE ( 'NONE', *, *, #651, .F. ) ;
#445 = VERTEX_POINT ( 'NONE', #2301 ) ;
#446 = AXIS2_PLACEMENT_3D ( 'NONE', #5466, #5917, #500 ) ;
#447 = EDGE_LOOP ( 'NONE', ( #2973, #2890, #3446, #756, #5892, #1549, #5856, #5820 ) ) ;
#448 = DIRECTION ( 'NONE',  ( -0.000000000000000000, -0.000000000000000000, 1.000000000000000000 ) ) ;
#449 = CARTESIAN_POINT ( 'NONE',  ( -17.75928256305620323, 18.80809989862353149, -19.05569537833571303 ) ) ;
#450 = CIRCLE ( 'NONE', #1363, 3.800000000000000266 ) ;
#451 = ORIENTED_EDGE ( 'NONE', *, *, #6263, .F. ) ;
#452 = PLANE ( 'NONE',  #2999 ) ;
#453 = CARTESIAN_POINT ( 'NONE',  ( 0.000000000000000000, 21.00000000000000355, 27.50000000000000000 ) ) ;
#454 = CARTESIAN_POINT ( 'NONE',  ( -18.50000000000019895, 2.000000000000000000, -17.49999999999981526 ) ) ;
#455 = ADVANCED_FACE ( 'NONE', ( #5159 ), #2229, .F. ) ;
#456 = PRESENTATION_LAYER_ASSIGNMENT (  '', '', ( #3413 ) ) ;
#457 = DIRECTION ( 'NONE',  ( 0.000000000000000000, 0.000000000000000000, 1.000000000000000000 ) ) ;
#458 = VERTEX_POINT ( 'NONE', #4197 ) ;
#459 = VECTOR ( 'NONE', #2909, 1000.000000000000000 ) ;
#460 = CARTESIAN_POINT ( 'NONE',  ( 19.50000000000000355, 23.39999999999999858, 0.000000000000000000 ) ) ;
#461 = FACE_OUTER_BOUND ( 'NONE', #2901, .T. ) ;
#462 = DIRECTION ( 'NONE',  ( 1.000000000000000000, 0.000000000000000000, 4.081702296416010080E-16 ) ) ;
#463 = CARTESIAN_POINT ( 'NONE',  ( -19.42876307165504457, 2.178226274078045588, -19.42876307165476391 ) ) ;
#464 = VERTEX_POINT ( 'NONE', #1746 ) ;
#465 = ORIENTED_EDGE ( 'NONE', *, *, #3769, .T. ) ;
#466 = ORIENTED_EDGE ( 'NONE', *, *, #2236, .T. ) ;
#467 = CARTESIAN_POINT ( 'NONE',  ( -15.00000000000000178, 8.000000000000000000, 23.50000000000001421 ) ) ;
#468 = VERTEX_POINT ( 'NONE', #5708 ) ;
#469 = CARTESIAN_POINT ( 'NONE',  ( 2.946806295815515460E-15, 15.75000000000000000, -15.25000000000000000 ) ) ;
#470 = DIRECTION ( 'NONE',  ( -0.000000000000000000, -0.000000000000000000, -1.000000000000000000 ) ) ;
#471 = DIRECTION ( 'NONE',  ( 0.000000000000000000, 0.000000000000000000, -1.000000000000000000 ) ) ;
#472 = DIRECTION ( 'NONE',  ( 0.000000000000000000, 0.000000000000000000, 1.000000000000000000 ) ) ;
#473 = ORIENTED_EDGE ( 'NONE', *, *, #5333, .F. ) ;
#474 = ADVANCED_FACE ( 'NONE', ( #5741 ), #3715, .T. ) ;
#475 = ORIENTED_EDGE ( 'NONE', *, *, #3537, .T. ) ;
#476 = VERTEX_POINT ( 'NONE', #5639 ) ;
#477 = DIRECTION ( 'NONE',  ( -1.000000000000000000, 0.000000000000000000, 0.000000000000000000 ) ) ;
#478 = DIRECTION ( 'NONE',  ( -0.000000000000000000, -1.000000000000000000, 0.000000000000000000 ) ) ;
#479 = CARTESIAN_POINT ( 'NONE',  ( -12.50000000000023448, 19.00000000000000355, -22.49999999999986855 ) ) ;
#480 = EDGE_CURVE ( 'NONE', #1251, #603, #875, .T. ) ;
#481 = EDGE_CURVE ( 'NONE', #1220, #6029, #5190, .T. ) ;
#482 = VERTEX_POINT ( 'NONE', #3158 ) ;
#483 = FACE_OUTER_BOUND ( 'NONE', #1284, .T. ) ;
#484 = CARTESIAN_POINT ( 'NONE',  ( 9.000000000000001776, 15.75000000000002132, -15.25000000000000000 ) ) ;
#485 = DIRECTION ( 'NONE',  ( 1.047444401652940007E-14, 0.000000000000000000, 1.000000000000000000 ) ) ;
#486 = CARTESIAN_POINT ( 'NONE',  ( -13.90000000000001279, 0.000000000000000000, -3.452947483310167141E-15 ) ) ;
#487 = ORIENTED_EDGE ( 'NONE', *, *, #645, .F. ) ;
#488 = CARTESIAN_POINT ( 'NONE',  ( -6.099999999999997868, 15.75000000000000000, -23.25000000000000000 ) ) ;
#489 = CARTESIAN_POINT ( 'NONE',  ( 23.01889895879271108, 5.295899519633789687, -23.01889895879271819 ) ) ;
#490 = CARTESIAN_POINT ( 'NONE',  ( -15.59999999999999787, 15.75000000000000000, -23.25000000000000000 ) ) ;
#491 = CARTESIAN_POINT ( 'NONE',  ( -18.46801665073624932, 6.444304650784070887, -23.30809990441565915 ) ) ;
#492 = AXIS2_PLACEMENT_3D ( 'NONE', #3136, #6037, #4495 ) ;
#493 = EDGE_CURVE ( 'NONE', #2107, #3481, #6116, .T. ) ;
#494 = CARTESIAN_POINT ( 'NONE',  ( 11.50000000000000178, -1.000000000000000000, -6.500000000000000000 ) ) ;
#495 = AXIS2_PLACEMENT_3D ( 'NONE', #2799, #6200, #1832 ) ;
#496 = ORIENTED_EDGE ( 'NONE', *, *, #2654, .F. ) ;
#497 = PLANE ( 'NONE',  #3248 ) ;
#498 = CARTESIAN_POINT ( 'NONE',  ( -21.29999999999999716, 0.1000000000000000056, 9.849999999999983658 ) ) ;
#499 = VECTOR ( 'NONE', #4059, 1000.000000000000000 ) ;
#500 = DIRECTION ( 'NONE',  ( 0.000000000000000000, 0.000000000000000000, 1.000000000000000000 ) ) ;
#501 =( NAMED_UNIT ( * ) PLANE_ANGLE_UNIT ( ) SI_UNIT ( $, .RADIAN. ) );
#502 = EDGE_LOOP ( 'NONE', ( #3474, #2617, #2928, #352, #642, #1994 ) ) ;
#503 = ORIENTED_EDGE ( 'NONE', *, *, #4745, .F. ) ;
#504 = CARTESIAN_POINT ( 'NONE',  ( -22.50000000000000000, 21.00000000000000355, 22.50000000000000000 ) ) ;
#505 = DIRECTION ( 'NONE',  ( 0.000000000000000000, 0.000000000000000000, 1.000000000000000000 ) ) ;
#506 = CARTESIAN_POINT ( 'NONE',  ( 22.50000000000000000, 21.00000000000000355, -22.50000000000000000 ) ) ;
#507 = ADVANCED_FACE ( 'NONE', ( #1316 ), #809, .F. ) ;
#508 = ORIENTED_EDGE ( 'NONE', *, *, #2869, .F. ) ;
#509 = CYLINDRICAL_SURFACE ( 'NONE', #2078, 5.000000000000000888 ) ;
#510 = EDGE_CURVE ( 'NONE', #4875, #6246, #739, .T. ) ;
#511 = VECTOR ( 'NONE', #2095, 1000.000000000000000 ) ;
#512 = DIRECTION ( 'NONE',  ( 1.000000000000000000, 0.000000000000000000, -1.047444401652940007E-14 ) ) ;
#513 = CARTESIAN_POINT ( 'NONE',  ( 21.01471862576143579, 19.00000000000000355, -18.08578643762691840 ) ) ;
#514 = DIRECTION ( 'NONE',  ( -1.000000000000000000, -0.000000000000000000, 2.081668171172167774E-16 ) ) ;
#515 = VERTEX_POINT ( 'NONE', #260 ) ;
#516 = CIRCLE ( 'NONE', #5223, 5.000000000000000888 ) ;
#517 = CARTESIAN_POINT ( 'NONE',  ( -11.19999999999999751, 15.75000000000000000, -13.24999999999999822 ) ) ;
#518 = CARTESIAN_POINT ( 'NONE',  ( 18.36783159439262647, 4.993095913509806749, -22.70698956635557053 ) ) ;
#519 = CARTESIAN_POINT ( 'NONE',  ( -21.30000000000000426, 1.399999999999999911, -8.250000000000000000 ) ) ;
#520 = VECTOR ( 'NONE', #27, 1000.000000000000000 ) ;
#521 = CARTESIAN_POINT ( 'NONE',  ( -22.70698956635576238, 4.993095913509803196, -18.36783159439238133 ) ) ;
#522 = EDGE_CURVE ( 'NONE', #76, #3962, #4710, .T. ) ;
#523 = CIRCLE ( 'NONE', #4091, 5.000000000000000000 ) ;
#524 = CARTESIAN_POINT ( 'NONE',  ( 17.50000000000006750, 19.00000000000000355, 14.99999999999995204 ) ) ;
#525 = EDGE_CURVE ( 'NONE', #2077, #3647, #550, .T. ) ;
#526 = CIRCLE ( 'NONE', #4000, 0.6999999999999992895 ) ;
#527 = ORIENTED_EDGE ( 'NONE', *, *, #707, .T. ) ;
#528 = CARTESIAN_POINT ( 'NONE',  ( -26.00000000000000355, 2.900000000000003464, -13.24999999999999822 ) ) ;
#529 = DIRECTION ( 'NONE',  ( 1.006627378688779886E-14, 0.000000000000000000, 1.000000000000000000 ) ) ;
#530 = CARTESIAN_POINT ( 'NONE',  ( 21.29999999999999005, 1.399999999999999911, 9.849999999999997868 ) ) ;
#531 = DIRECTION ( 'NONE',  ( 0.000000000000000000, 0.000000000000000000, -1.000000000000000000 ) ) ;
#532 = VERTEX_POINT ( 'NONE', #3391 ) ;
#533 = VERTEX_POINT ( 'NONE', #992 ) ;
#534 = DIRECTION ( 'NONE',  ( -0.000000000000000000, 1.000000000000000000, -0.000000000000000000 ) ) ;
#535 = FACE_BOUND ( 'NONE', #4982, .T. ) ;
#536 = CARTESIAN_POINT ( 'NONE',  ( 18.50000000000009948, 4.485281374238573093, 23.49999999999994316 ) ) ;
#537 = AXIS2_PLACEMENT_3D ( 'NONE', #5, #1882, #902 ) ;
#538 = EDGE_CURVE ( 'NONE', #464, #4596, #5387, .T. ) ;
#539 = ORIENTED_EDGE ( 'NONE', *, *, #4131, .T. ) ;
#540 = ORIENTED_EDGE ( 'NONE', *, *, #1180, .F. ) ;
#541 = DIRECTION ( 'NONE',  ( 1.000000000000000000, -3.154042683594194381E-17, 3.154042683594194997E-17 ) ) ;
#542 = CARTESIAN_POINT ( 'NONE',  ( 14.99999999999999822, 2.000000000000000000, -25.00000000000000000 ) ) ;
#543 = VECTOR ( 'NONE', #811, 1000.000000000000000 ) ;
#544 = CIRCLE ( 'NONE', #1962, 1.100000000000000311 ) ;
#545 = CARTESIAN_POINT ( 'NONE',  ( 22.50000000000000355, 0.1000000000000000056, 13.25000000000000533 ) ) ;
#546 = PLANE ( 'NONE',  #1324 ) ;
#547 = DIRECTION ( 'NONE',  ( -0.000000000000000000, 1.000000000000000000, -0.000000000000000000 ) ) ;
#548 = EDGE_LOOP ( 'NONE', ( #791, #397, #3473, #279 ) ) ;
#549 = CIRCLE ( 'NONE', #1867, 8.100000000000003197 ) ;
#550 = CIRCLE ( 'NONE', #1370, 5.000000000000000888 ) ;
#551 = LINE ( 'NONE', #2498, #1235 ) ;
#552 = EDGE_CURVE ( 'NONE', #4975, #305, #843, .T. ) ;
#553 = AXIS2_PLACEMENT_3D ( 'NONE', #974, #2441, #4158 ) ;
#554 = DIRECTION ( 'NONE',  ( 0.000000000000000000, 0.000000000000000000, -1.000000000000000000 ) ) ;
#555 = CARTESIAN_POINT ( 'NONE',  ( -17.50000000000000000, 8.000000000000000000, -7.142979018728020303E-15 ) ) ;
#556 = ORIENTED_EDGE ( 'NONE', *, *, #2175, .F. ) ;
#557 = EDGE_CURVE ( 'NONE', #728, #1209, #4906, .T. ) ;
#558 = AXIS2_PLACEMENT_3D ( 'NONE', #1141, #2641, #3548 ) ;
#559 = VERTEX_POINT ( 'NONE', #2879 ) ;
#560 = DIRECTION ( 'NONE',  ( -0.000000000000000000, -0.000000000000000000, -1.000000000000000000 ) ) ;
#561 = DIRECTION ( 'NONE',  ( 0.000000000000000000, -1.000000000000000000, -0.000000000000000000 ) ) ;
#562 = AXIS2_PLACEMENT_3D ( 'NONE', #1546, #5945, #945 ) ;
#563 = DIRECTION ( 'NONE',  ( -1.000000000000000000, 0.000000000000000000, -4.081702296416010573E-16 ) ) ;
#564 = CYLINDRICAL_SURFACE ( 'NONE', #785, 6.000000000000000000 ) ;
#565 = APPLICATION_CONTEXT ( 'automotive_design' ) ;
#566 = ORIENTED_EDGE ( 'NONE', *, *, #2123, .F. ) ;
#567 = VERTEX_POINT ( 'NONE', #6242 ) ;
#568 = VECTOR ( 'NONE', #2309, 1000.000000000000000 ) ;
#569 = CARTESIAN_POINT ( 'NONE',  ( -5.100000000000000533, 1.399999999999999911, 10.25000000000000533 ) ) ;
#570 = DIRECTION ( 'NONE',  ( 0.000000000000000000, 1.000000000000000000, -0.000000000000000000 ) ) ;
#571 = CARTESIAN_POINT ( 'NONE',  ( 22.50000000000000355, 0.1000000000000000056, 8.250000000000003553 ) ) ;
#572 = VERTEX_POINT ( 'NONE', #2911 ) ;
#573 = EDGE_LOOP ( 'NONE', ( #6317, #2249, #5983, #95 ) ) ;
#574 = CARTESIAN_POINT ( 'NONE',  ( 17.50000000000007816, 19.00000000000000355, 17.49999999999995026 ) ) ;
#575 = EDGE_CURVE ( 'NONE', #1952, #2964, #4732, .T. ) ;
#576 = CARTESIAN_POINT ( 'NONE',  ( -21.29999999999999716, 1.399999999999999911, 9.049999999999984723 ) ) ;
#577 = AXIS2_PLACEMENT_3D ( 'NONE', #5511, #4061, #160 ) ;
#578 = DIRECTION ( 'NONE',  ( -2.312964634635756861E-15, 0.000000000000000000, -1.000000000000000000 ) ) ;
#579 = CARTESIAN_POINT ( 'NONE',  ( -8.299999999999998934, 15.75000000000000000, -15.25000000000000000 ) ) ;
#580 = CARTESIAN_POINT ( 'NONE',  ( 23.50000000000001066, 8.000000000000000000, -18.50000000000001066 ) ) ;
#581 = ORIENTED_EDGE ( 'NONE', *, *, #3562, .F. ) ;
#582 = CARTESIAN_POINT ( 'NONE',  ( 18.50000000000001066, 8.000000000000000000, -23.50000000000001421 ) ) ;
#583 = DIRECTION ( 'NONE',  ( -1.000000000000000000, 0.000000000000000000, 0.000000000000000000 ) ) ;
#584 = CARTESIAN_POINT ( 'NONE',  ( -15.00000000000005507, 19.00000000000000355, 3.469446951953648268E-14 ) ) ;
#585 = DIRECTION ( 'NONE',  ( 1.000000000000000000, 0.000000000000000000, -0.000000000000000000 ) ) ;
#586 = ORIENTED_EDGE ( 'NONE', *, *, #5506, .F. ) ;
#587 = ADVANCED_FACE ( 'NONE', ( #4395 ), #1913, .F. ) ;
#588 = FACE_OUTER_BOUND ( 'NONE', #922, .T. ) ;
#589 = VERTEX_POINT ( 'NONE', #1942 ) ;
#590 = LINE ( 'NONE', #5074, #1016 ) ;
#591 = DIRECTION ( 'NONE',  ( 1.047444401652940007E-14, 0.000000000000000000, 1.000000000000000000 ) ) ;
#592 = ADVANCED_FACE ( 'NONE', ( #5290 ), #3360, .F. ) ;
#593 = ADVANCED_FACE ( 'NONE', ( #4845 ), #1503, .T. ) ;
#594 = DIRECTION ( 'NONE',  ( -0.000000000000000000, 0.000000000000000000, 1.000000000000000000 ) ) ;
#595 = DIRECTION ( 'NONE',  ( 1.000000000000000000, 0.000000000000000000, -3.491481338843133355E-15 ) ) ;
#596 = ORIENTED_EDGE ( 'NONE', *, *, #1265, .F. ) ;
#597 = ORIENTED_EDGE ( 'NONE', *, *, #2619, .T. ) ;
#598 = AXIS2_PLACEMENT_3D ( 'NONE', #5582, #3533, #2562 ) ;
#599 = DIRECTION ( 'NONE',  ( 0.000000000000000000, 0.000000000000000000, -1.000000000000000000 ) ) ;
#600 = DIRECTION ( 'NONE',  ( -0.000000000000000000, 1.000000000000000000, -0.000000000000000000 ) ) ;
#601 = CARTESIAN_POINT ( 'NONE',  ( -22.50000000000028777, 21.00000000000000355, -27.49999999999976552 ) ) ;
#602 = CIRCLE ( 'NONE', #1922, 5.000000000000000888 ) ;
#603 = VERTEX_POINT ( 'NONE', #3425 ) ;
#604 = EDGE_CURVE ( 'NONE', #5406, #2377, #4422, .T. ) ;
#605 = ORIENTED_EDGE ( 'NONE', *, *, #2265, .T. ) ;
#606 = DIRECTION ( 'NONE',  ( 1.000000000000000000, 0.000000000000000000, 0.000000000000000000 ) ) ;
#607 = CARTESIAN_POINT ( 'NONE',  ( -11.19999999999999751, 15.75000000000000000, -23.25000000000000000 ) ) ;
#608 = AXIS2_PLACEMENT_3D ( 'NONE', #662, #2633, #4561 ) ;
#609 = CARTESIAN_POINT ( 'NONE',  ( -23.50000000000001066, 8.000000000000000000, 18.50000000000001776 ) ) ;
#610 = LINE ( 'NONE', #4350, #6006 ) ;
#611 = ORIENTED_EDGE ( 'NONE', *, *, #246, .F. ) ;
#612 = EDGE_CURVE ( 'NONE', #5194, #5629, #4939, .T. ) ;
#613 = ORIENTED_EDGE ( 'NONE', *, *, #4920, .F. ) ;
#614 = CARTESIAN_POINT ( 'NONE',  ( 19.42876307165468575, 2.178226274078081559, -19.42876307165439442 ) ) ;
#615 = FACE_OUTER_BOUND ( 'NONE', #2690, .T. ) ;
#616 =( BOUNDED_CURVE ( )  B_SPLINE_CURVE ( 3, ( #4726, #4312, #3244, #6132 ),
 .UNSPECIFIED., .F., .F. ) 
 B_SPLINE_CURVE_WITH_KNOTS ( ( 4, 4 ),
 ( 0.000000000000000000, 1.570796326794896558 ),
 .UNSPECIFIED. ) 
 CURVE ( )  GEOMETRIC_REPRESENTATION_ITEM ( )  RATIONAL_B_SPLINE_CURVE ( ( 1.000000000000000000, 0.8047378541243649375, 0.8047378541243649375, 1.000000000000000000 ) ) 
 REPRESENTATION_ITEM ( '' )  );
#617 = CARTESIAN_POINT ( 'NONE',  ( 18.50000000000009948, 16.51471862576142868, 23.49999999999994316 ) ) ;
#618 = ORIENTED_EDGE ( 'NONE', *, *, #1280, .F. ) ;
#619 = ADVANCED_FACE ( 'NONE', ( #33 ), #5902, .F. ) ;
#620 = SURFACE_STYLE_USAGE ( .BOTH. , #4676 ) ;
#621 = ORIENTED_EDGE ( 'NONE', *, *, #685, .F. ) ;
#622 = LINE ( 'NONE', #5553, #4482 ) ;
#623 = DIRECTION ( 'NONE',  ( 0.000000000000000000, 0.000000000000000000, 1.000000000000000000 ) ) ;
#624 = AXIS2_PLACEMENT_3D ( 'NONE', #506, #4927, #2515 ) ;
#625 = CARTESIAN_POINT ( 'NONE',  ( -21.19346694644535489, 18.06882508381146479, 21.19346694644535489 ) ) ;
#626 = VECTOR ( 'NONE', #1272, 1000.000000000000000 ) ;
#627 = ORIENTED_EDGE ( 'NONE', *, *, #3823, .T. ) ;
#628 = EDGE_LOOP ( 'NONE', ( #2031, #5565, #3184, #539, #3860, #4637, #4297, #3605 ) ) ;
#629 = CYLINDRICAL_SURFACE ( 'NONE', #191, 1.100000000000000311 ) ;
#630 = CARTESIAN_POINT ( 'NONE',  ( 26.00000000000000355, 2.899999999999999911, -13.24999999999999822 ) ) ;
#631 = CARTESIAN_POINT ( 'NONE',  ( -5.750000000000001776, 1.399999999999999911, -5.050000000000003375 ) ) ;
#632 = ADVANCED_FACE ( 'NONE', ( #1022 ), #4815, .F. ) ;
#633 = EDGE_LOOP ( 'NONE', ( #2661, #4465, #416, #3811, #3978, #6034, #5024, #22, #5398, #4594 ) ) ;
#634 = EDGE_LOOP ( 'NONE', ( #173, #444, #4731, #829 ) ) ;
#635 = VECTOR ( 'NONE', #3382, 1000.000000000000000 ) ;
#636 = CYLINDRICAL_SURFACE ( 'NONE', #3989, 0.6999999999999992895 ) ;
#637 = CARTESIAN_POINT ( 'NONE',  ( 26.00000000000000355, 1.399999999999999911, 3.821067811865475061 ) ) ;
#638 = CARTESIAN_POINT ( 'NONE',  ( 25.00000000000000355, 2.000000000000000000, -15.00000000000000355 ) ) ;
#639 = AXIS2_PLACEMENT_3D ( 'NONE', #5979, #594, #5890 ) ;
#640 = DIRECTION ( 'NONE',  ( 4.081702296416010573E-16, -0.000000000000000000, -1.000000000000000000 ) ) ;
#641 = DIRECTION ( 'NONE',  ( 0.000000000000000000, 0.000000000000000000, 1.000000000000000000 ) ) ;
#642 = ORIENTED_EDGE ( 'NONE', *, *, #1328, .T. ) ;
#643 = AXIS2_PLACEMENT_3D ( 'NONE', #1633, #6012, #4525 ) ;
#644 = PRODUCT_RELATED_PRODUCT_CATEGORY ( 'part', '', ( #4481 ) ) ;
#645 = EDGE_CURVE ( 'NONE', #3866, #6108, #1382, .T. ) ;
#646 = CARTESIAN_POINT ( 'NONE',  ( -12.50000000000000000, 21.00000000000000355, 22.50000000000000000 ) ) ;
#647 = CARTESIAN_POINT ( 'NONE',  ( 18.49197712378528635, 7.216493126137722314, 23.45186274271113192 ) ) ;
#648 = AXIS2_PLACEMENT_3D ( 'NONE', #4485, #3998, #5964 ) ;
#649 = CARTESIAN_POINT ( 'NONE',  ( -25.00000000000001066, 0.000000000000000000, -19.99999999999998224 ) ) ;
#650 = ORIENTED_EDGE ( 'NONE', *, *, #2322, .T. ) ;
#651 = EDGE_CURVE ( 'NONE', #305, #3088, #5808, .T. ) ;
#652 = ORIENTED_EDGE ( 'NONE', *, *, #2385, .F. ) ;
#653 = ORIENTED_EDGE ( 'NONE', *, *, #4586, .T. ) ;
#654 = AXIS2_PLACEMENT_3D ( 'NONE', #3496, #4195, #1570 ) ;
#655 = DIRECTION ( 'NONE',  ( -0.000000000000000000, 0.000000000000000000, 1.000000000000000000 ) ) ;
#656 = LINE ( 'NONE', #4986, #2503 ) ;
#657 = CARTESIAN_POINT ( 'NONE',  ( 2.946806295815515460E-15, 15.75000000000000000, -23.25000000000000000 ) ) ;
#658 =( NAMED_UNIT ( * ) PLANE_ANGLE_UNIT ( ) SI_UNIT ( $, .RADIAN. ) );
#659 = AXIS2_PLACEMENT_3D ( 'NONE', #1234, #5151, #218 ) ;
#660 = ORIENTED_EDGE ( 'NONE', *, *, #3677, .T. ) ;
#661 = ORIENTED_EDGE ( 'NONE', *, *, #5843, .F. ) ;
#662 = CARTESIAN_POINT ( 'NONE',  ( -20.00000000000001066, 19.00000000000000355, -19.99999999999998224 ) ) ;
#663 = DIRECTION ( 'NONE',  ( -0.000000000000000000, 1.000000000000000000, -0.000000000000000000 ) ) ;
#664 = PLANE ( 'NONE',  #5031 ) ;
#665 = AXIS2_PLACEMENT_3D ( 'NONE', #6323, #4919, #4862 ) ;
#666 = EDGE_CURVE ( 'NONE', #4856, #1752, #1475, .T. ) ;
#667 = ORIENTED_EDGE ( 'NONE', *, *, #4904, .F. ) ;
#668 = ORIENTED_EDGE ( 'NONE', *, *, #2645, .T. ) ;
#669 = VECTOR ( 'NONE', #2657, 1000.000000000000000 ) ;
#670 = EDGE_LOOP ( 'NONE', ( #950, #5566, #1139, #3259, #4714, #5470 ) ) ;
#671 = CARTESIAN_POINT ( 'NONE',  ( 18.66869921594851434, 18.94353157637684504, 18.66869921594868842 ) ) ;
#672 = DIRECTION ( 'NONE',  ( -0.000000000000000000, -0.000000000000000000, 1.000000000000000000 ) ) ;
#673 = LINE ( 'NONE', #5028, #1315 ) ;
#674 = LINE ( 'NONE', #3583, #6265 ) ;
#675 = CARTESIAN_POINT ( 'NONE',  ( -17.50000000000019895, 19.00000000000000355, -17.49999999999982592 ) ) ;
#676 = EDGE_CURVE ( 'NONE', #4124, #3693, #3847, .T. ) ;
#677 = ORIENTED_EDGE ( 'NONE', *, *, #364, .F. ) ;
#678 = VECTOR ( 'NONE', #2615, 1000.000000000000000 ) ;
#679 = LINE ( 'NONE', #2164, #6259 ) ;
#680 = CARTESIAN_POINT ( 'NONE',  ( 21.30000000000001137, 1.399999999999999911, -8.249999999999985789 ) ) ;
#681 = ORIENTED_EDGE ( 'NONE', *, *, #3567, .T. ) ;
#682 = VERTEX_POINT ( 'NONE', #3001 ) ;
#683 = CARTESIAN_POINT ( 'NONE',  ( 14.99999999999999822, 19.00000000000000355, -25.00000000000000000 ) ) ;
#684 = CARTESIAN_POINT ( 'NONE',  ( -22.50000000000000355, 0.000000000000000000, 13.25000000000000533 ) ) ;
#685 = EDGE_CURVE ( 'NONE', #4116, #5679, #124, .T. ) ;
#686 = DIRECTION ( 'NONE',  ( -0.000000000000000000, -0.000000000000000000, 1.000000000000000000 ) ) ;
#687 = DIRECTION ( 'NONE',  ( 0.000000000000000000, 0.000000000000000000, 1.000000000000000000 ) ) ;
#688 = EDGE_CURVE ( 'NONE', #1222, #990, #1358, .T. ) ;
#689 = ORIENTED_EDGE ( 'NONE', *, *, #2069, .T. ) ;
#690 = VERTEX_POINT ( 'NONE', #545 ) ;
#691 = DIRECTION ( 'NONE',  ( 1.000000000000000000, 0.000000000000000000, 0.000000000000000000 ) ) ;
#692 = DIRECTION ( 'NONE',  ( 0.000000000000000000, -0.000000000000000000, -1.000000000000000000 ) ) ;
#693 = CARTESIAN_POINT ( 'NONE',  ( 27.50000000000000355, 2.864466094067262159, 0.2855339059327393625 ) ) ;
#694 = ORIENTED_EDGE ( 'NONE', *, *, #3802, .T. ) ;
#695 = ORIENTED_EDGE ( 'NONE', *, *, #2358, .F. ) ;
#696 = AXIS2_PLACEMENT_3D ( 'NONE', #5977, #714, #4582 ) ;
#697 = EDGE_LOOP ( 'NONE', ( #5634, #3879, #1292, #2692 ) ) ;
#698 = CARTESIAN_POINT ( 'NONE',  ( -5.204170427930420494E-15, 19.00000000000000355, -24.99999999999999645 ) ) ;
#699 = DIRECTION ( 'NONE',  ( -0.000000000000000000, -0.000000000000000000, -1.000000000000000000 ) ) ;
#700 = AXIS2_PLACEMENT_3D ( 'NONE', #1365, #4314, #381 ) ;
#701 = DIRECTION ( 'NONE',  ( -1.000000000000000000, 0.000000000000000000, 0.000000000000000000 ) ) ;
#702 = CIRCLE ( 'NONE', #3559, 4.999999999999999112 ) ;
#703 = CARTESIAN_POINT ( 'NONE',  ( -17.50000000000000711, 2.000000000000000000, 17.50000000000001421 ) ) ;
#704 = CARTESIAN_POINT ( 'NONE',  ( 17.50000000000000711, 19.00000000000000355, -17.50000000000001421 ) ) ;
#705 = EDGE_CURVE ( 'NONE', #572, #4116, #1144, .T. ) ;
#706 = ORIENTED_EDGE ( 'NONE', *, *, #998, .F. ) ;
#707 = EDGE_CURVE ( 'NONE', #1544, #3231, #1241, .T. ) ;
#708 = CARTESIAN_POINT ( 'NONE',  ( 17.94315120093099125, 2.607002223890847681, -20.15890720558587290 ) ) ;
#709 = FACE_OUTER_BOUND ( 'NONE', #4923, .T. ) ;
#710 = CARTESIAN_POINT ( 'NONE',  ( -17.50000000000019895, 2.000000000000000000, -17.49999999999982592 ) ) ;
#711 = AXIS2_PLACEMENT_3D ( 'NONE', #1768, #825, #3733 ) ;
#712 = VERTEX_POINT ( 'NONE', #159 ) ;
#713 = VERTEX_POINT ( 'NONE', #3613 ) ;
#714 = DIRECTION ( 'NONE',  ( 0.000000000000000000, -1.000000000000000000, 0.000000000000000000 ) ) ;
#715 = DIRECTION ( 'NONE',  ( -0.000000000000000000, -1.000000000000000000, -0.000000000000000000 ) ) ;
#716 = CARTESIAN_POINT ( 'NONE',  ( -22.02032083990106059, 16.96496053433752849, 18.25338680665019098 ) ) ;
#717 = EDGE_CURVE ( 'NONE', #1005, #458, #674, .T. ) ;
#718 = ORIENTED_EDGE ( 'NONE', *, *, #1081, .T. ) ;
#719 = ORIENTED_EDGE ( 'NONE', *, *, #5413, .T. ) ;
#720 = LINE ( 'NONE', #4501, #5213 ) ;
#721 = CARTESIAN_POINT ( 'NONE',  ( 17.50000000000000000, 21.00000000000000355, -22.50000000000000000 ) ) ;
#722 = DIRECTION ( 'NONE',  ( -0.000000000000000000, -0.000000000000000000, -1.000000000000000000 ) ) ;
#723 = ADVANCED_FACE ( 'NONE', ( #1175 ), #4972, .F. ) ;
#724 = EDGE_CURVE ( 'NONE', #209, #1231, #3126, .T. ) ;
#725 = ORIENTED_EDGE ( 'NONE', *, *, #1912, .T. ) ;
#726 = EDGE_CURVE ( 'NONE', #1798, #3732, #3485, .T. ) ;
#727 = ORIENTED_EDGE ( 'NONE', *, *, #3085, .T. ) ;
#728 = VERTEX_POINT ( 'NONE', #4483 ) ;
#729 = ORIENTED_EDGE ( 'NONE', *, *, #3544, .F. ) ;
#730 = CARTESIAN_POINT ( 'NONE',  ( 10.50000000000000178, 15.75000000000002487, -23.25000000000000000 ) ) ;
#731 = LINE ( 'NONE', #2704, #250 ) ;
#732 = AXIS2_PLACEMENT_3D ( 'NONE', #1406, #5283, #2359 ) ;
#733 = FACE_BOUND ( 'NONE', #2219, .T. ) ;
#734 = EDGE_CURVE ( 'NONE', #2101, #1137, #5029, .T. ) ;
#735 = DIRECTION ( 'NONE',  ( -0.000000000000000000, 1.000000000000000000, -0.000000000000000000 ) ) ;
#736 = ORIENTED_EDGE ( 'NONE', *, *, #197, .F. ) ;
#737 = DIRECTION ( 'NONE',  ( 1.000000000000000000, 0.000000000000000000, 0.000000000000000000 ) ) ;
#738 = VECTOR ( 'NONE', #583, 1000.000000000000000 ) ;
#739 = LINE ( 'NONE', #4747, #5559 ) ;
#740 = CARTESIAN_POINT ( 'NONE',  ( 18.50000000000001066, 8.000000000000000000, -18.50000000000001421 ) ) ;
#741 = CARTESIAN_POINT ( 'NONE',  ( -5.849999999999999645, 0.1000000000000000056, -9.249999999999998224 ) ) ;
#742 = ORIENTED_EDGE ( 'NONE', *, *, #4185, .F. ) ;
#743 = CIRCLE ( 'NONE', #639, 0.6999999999999992895 ) ;
#744 = ORIENTED_EDGE ( 'NONE', *, *, #1508, .T. ) ;
#745 = EDGE_CURVE ( 'NONE', #3962, #589, #5651, .T. ) ;
#746 = DIRECTION ( 'NONE',  ( -0.000000000000000000, 0.000000000000000000, 1.000000000000000000 ) ) ;
#747 = LINE ( 'NONE', #1321, #568 ) ;
#748 = CIRCLE ( 'NONE', #4738, 5.999999999999998224 ) ;
#749 = CARTESIAN_POINT ( 'NONE',  ( 4.364351673553916694E-14, 21.00000000000000355, 12.50000000000000000 ) ) ;
#750 = DIRECTION ( 'NONE',  ( -1.000000000000000000, 0.000000000000000000, 0.000000000000000000 ) ) ;
#751 = CONTEXT_DEPENDENT_SHAPE_REPRESENTATION ( #5593, #1101 ) ;
#752 = ORIENTED_EDGE ( 'NONE', *, *, #314, .F. ) ;
#753 = EDGE_LOOP ( 'NONE', ( #5665, #4868, #4894, #61 ) ) ;
#754 = VECTOR ( 'NONE', #2724, 1000.000000000000000 ) ;
#755 = FACE_OUTER_BOUND ( 'NONE', #548, .T. ) ;
#756 = ORIENTED_EDGE ( 'NONE', *, *, #2385, .T. ) ;
#757 = CARTESIAN_POINT ( 'NONE',  ( -21.30000000000000426, 0.000000000000000000, -9.049999999999998934 ) ) ;
#758 = CARTESIAN_POINT ( 'NONE',  ( 22.75625254439646383, 16.25818934172505337, -22.75625254439634304 ) ) ;
#759 = LINE ( 'NONE', #631, #5635 ) ;
#760 = VECTOR ( 'NONE', #2922, 1000.000000000000000 ) ;
#761 = ORIENTED_EDGE ( 'NONE', *, *, #5411, .T. ) ;
#762 = ORIENTED_EDGE ( 'NONE', *, *, #2131, .T. ) ;
#763 = ORIENTED_EDGE ( 'NONE', *, *, #3719, .T. ) ;
#764 = CIRCLE ( 'NONE', #1772, 0.6999999999999995115 ) ;
#765 = CARTESIAN_POINT ( 'NONE',  ( -12.50000000000000000, 19.00000000000000355, 22.50000000000000000 ) ) ;
#766 = DIRECTION ( 'NONE',  ( -0.000000000000000000, 1.000000000000000000, -0.000000000000000000 ) ) ;
#767 = CARTESIAN_POINT ( 'NONE',  ( -13.90000000000001279, 2.000000000000000000, 1.249999999999994005 ) ) ;
#768 = DIRECTION ( 'NONE',  ( 0.000000000000000000, 1.000000000000000000, 0.000000000000000000 ) ) ;
#769 = AXIS2_PLACEMENT_3D ( 'NONE', #1930, #2444, #3468 ) ;
#770 = ORIENTED_EDGE ( 'NONE', *, *, #4674, .F. ) ;
#771 = EDGE_CURVE ( 'NONE', #2216, #778, #2132, .T. ) ;
#772 = LINE ( 'NONE', #5674, #1969 ) ;
#773 = VECTOR ( 'NONE', #5492, 1000.000000000000000 ) ;
#774 = DIRECTION ( 'NONE',  ( 0.000000000000000000, 0.000000000000000000, 1.000000000000000000 ) ) ;
#775 = CARTESIAN_POINT ( 'NONE',  ( 22.70698956635563803, 4.993095913509809414, 18.36783159439241331 ) ) ;
#776 = CARTESIAN_POINT ( 'NONE',  ( 23.50000000000001066, 19.00000000000000355, -15.00000000000000178 ) ) ;
#777 = ORIENTED_EDGE ( 'NONE', *, *, #3664, .F. ) ;
#778 = VERTEX_POINT ( 'NONE', #5572 ) ;
#779 = CARTESIAN_POINT ( 'NONE',  ( -22.50000000000028777, 21.00000000000000355, -27.49999999999976552 ) ) ;
#780 = CARTESIAN_POINT ( 'NONE',  ( -22.50000000000018474, 19.00000000000000355, -17.49999999999976552 ) ) ;
#781 = EDGE_CURVE ( 'NONE', #3444, #2667, #2160, .T. ) ;
#782 = CARTESIAN_POINT ( 'NONE',  ( -14.09999999999999609, 15.75000000000000000, -13.24999999999999822 ) ) ;
#783 = CARTESIAN_POINT ( 'NONE',  ( 5.503891382404351928E-15, 9.149999999999998579, -13.24999999999999822 ) ) ;
#784 = EDGE_LOOP ( 'NONE', ( #4660, #1567, #3888, #5286, #5477, #5811 ) ) ;
#785 = AXIS2_PLACEMENT_3D ( 'NONE', #2987, #5948, #53 ) ;
#786 = EDGE_CURVE ( 'NONE', #5655, #4213, #2985, .T. ) ;
#787 =( BOUNDED_CURVE ( )  B_SPLINE_CURVE ( 3, ( #4523, #5521, #4985, #1096 ),
 .UNSPECIFIED., .F., .F. ) 
 B_SPLINE_CURVE_WITH_KNOTS ( ( 4, 4 ),
 ( 0.000000000000000000, 1.570796326794896558 ),
 .UNSPECIFIED. ) 
 CURVE ( )  GEOMETRIC_REPRESENTATION_ITEM ( )  RATIONAL_B_SPLINE_CURVE ( ( 1.000000000000000000, 0.8047378541243649375, 0.8047378541243649375, 1.000000000000000000 ) ) 
 REPRESENTATION_ITEM ( '' )  );
#788 = EDGE_LOOP ( 'NONE', ( #5437, #4040 ) ) ;
#789 = CARTESIAN_POINT ( 'NONE',  ( -17.50000000000000711, 19.00000000000000355, 15.00000000000000178 ) ) ;
#790 = ADVANCED_FACE ( 'NONE', ( #5932 ), #1438, .F. ) ;
#791 = ORIENTED_EDGE ( 'NONE', *, *, #1857, .T. ) ;
#792 = FACE_BOUND ( 'NONE', #5137, .T. ) ;
#793 = CARTESIAN_POINT ( 'NONE',  ( 18.10998978652563451, 17.77064577498814657, -21.15993871915397406 ) ) ;
#794 = EDGE_CURVE ( 'NONE', #2325, #4875, #5763, .T. ) ;
#795 = CARTESIAN_POINT ( 'NONE',  ( -11.89999999999999680, 15.75000000000000000, -23.25000000000000000 ) ) ;
#796 = VERTEX_POINT ( 'NONE', #5242 ) ;
#797 = ORIENTED_EDGE ( 'NONE', *, *, #230, .F. ) ;
#798 = ORIENTED_EDGE ( 'NONE', *, *, #717, .F. ) ;
#799 = DIRECTION ( 'NONE',  ( -0.000000000000000000, -0.000000000000000000, 1.000000000000000000 ) ) ;
#800 = CARTESIAN_POINT ( 'NONE',  ( 15.00000000000006217, 13.00000000000000355, 17.49999999999995737 ) ) ;
#801 = CARTESIAN_POINT ( 'NONE',  ( -18.49197712378544978, 13.78350687386218354, -23.45186274271101112 ) ) ;
#802 = LINE ( 'NONE', #4672, #3335 ) ;
#803 = EDGE_CURVE ( 'NONE', #5359, #5956, #4771, .T. ) ;
#804 = ORIENTED_EDGE ( 'NONE', *, *, #2408, .T. ) ;
#805 = AXIS2_PLACEMENT_3D ( 'NONE', #2621, #5036, #3683 ) ;
#806 = VECTOR ( 'NONE', #2729, 1000.000000000000000 ) ;
#807 = CARTESIAN_POINT ( 'NONE',  ( 13.90000000000001279, 0.000000000000000000, 1.249999999999994005 ) ) ;
#808 = AXIS2_PLACEMENT_3D ( 'NONE', #1741, #3188, #2705 ) ;
#809 = CYLINDRICAL_SURFACE ( 'NONE', #2776, 0.6999999999999992895 ) ;
#810 = CARTESIAN_POINT ( 'NONE',  ( 17.95962937830984174, 2.006213447506409508, 17.95962937831001227 ) ) ;
#811 = DIRECTION ( 'NONE',  ( -1.047444401652940007E-14, 0.000000000000000000, -1.000000000000000000 ) ) ;
#812 = VERTEX_POINT ( 'NONE', #4288 ) ;
#813 = EDGE_LOOP ( 'NONE', ( #3276, #3607 ) ) ;
#814 = DIRECTION ( 'NONE',  ( -0.000000000000000000, 1.000000000000000000, -0.000000000000000000 ) ) ;
#815 = DIRECTION ( 'NONE',  ( -0.000000000000000000, 1.000000000000000000, 0.000000000000000000 ) ) ;
#816 = VECTOR ( 'NONE', #3053, 1000.000000000000000 ) ;
#817 = DIRECTION ( 'NONE',  ( 0.000000000000000000, 0.000000000000000000, -1.000000000000000000 ) ) ;
#818 = CARTESIAN_POINT ( 'NONE',  ( 22.89299778444398115, 15.65890718546401850, 18.39883296407382574 ) ) ;
#819 = EDGE_CURVE ( 'NONE', #4081, #5732, #3703, .T. ) ;
#820 = CARTESIAN_POINT ( 'NONE',  ( -5.100000000000000533, 0.000000000000000000, 9.250000000000005329 ) ) ;
#821 = ORIENTED_EDGE ( 'NONE', *, *, #314, .T. ) ;
#822 = DIRECTION ( 'NONE',  ( -1.000000000000000000, 0.000000000000000000, 0.000000000000000000 ) ) ;
#823 = LINE ( 'NONE', #2795, #3713 ) ;
#824 = EDGE_LOOP ( 'NONE', ( #661, #934, #1789, #3040 ) ) ;
#825 = DIRECTION ( 'NONE',  ( 1.000000000000000000, 0.000000000000000000, -0.000000000000000000 ) ) ;
#826 = CARTESIAN_POINT ( 'NONE',  ( 18.49839232955921631, 13.39269881009251506, -23.49035397735518416 ) ) ;
#827 = PLANE ( 'NONE',  #4167 ) ;
#828 = CARTESIAN_POINT ( 'NONE',  ( -17.56545058530398506, 2.000000000000000000, 17.89270351182386776 ) ) ;
#829 = ORIENTED_EDGE ( 'NONE', *, *, #4746, .F. ) ;
#830 = ORIENTED_EDGE ( 'NONE', *, *, #3179, .F. ) ;
#831 = ORIENTED_EDGE ( 'NONE', *, *, #4403, .T. ) ;
#832 = DIRECTION ( 'NONE',  ( 0.000000000000000000, 1.000000000000000000, 0.000000000000000000 ) ) ;
#833 = CARTESIAN_POINT ( 'NONE',  ( -17.50000000000000000, 21.00000000000000355, 17.49999999999999645 ) ) ;
#834 = CARTESIAN_POINT ( 'NONE',  ( -17.95962937831044925, 18.99378655249241277, -17.95962937830923778 ) ) ;
#835 = EDGE_CURVE ( 'NONE', #1209, #6129, #5140, .T. ) ;
#836 = CARTESIAN_POINT ( 'NONE',  ( 4.000000000000000888, 1.399999999999999911, 6.650000000000005684 ) ) ;
#837 = VERTEX_POINT ( 'NONE', #5211 ) ;
#838 = AXIS2_PLACEMENT_3D ( 'NONE', #780, #5229, #4205 ) ;
#839 = CARTESIAN_POINT ( 'NONE',  ( 25.00000000000000355, 2.000000000000000000, -19.99999999999999289 ) ) ;
#840 = CARTESIAN_POINT ( 'NONE',  ( 22.75625254439656331, 4.741810658275162460, 22.75625254439639633 ) ) ;
#841 = DIRECTION ( 'NONE',  ( 0.000000000000000000, 0.000000000000000000, -1.000000000000000000 ) ) ;
#842 = VERTEX_POINT ( 'NONE', #6260 ) ;
#843 = CIRCLE ( 'NONE', #4421, 1.100000000000000311 ) ;
#844 = ADVANCED_FACE ( 'NONE', ( #1866 ), #3836, .F. ) ;
#845 = DIRECTION ( 'NONE',  ( 0.000000000000000000, 0.000000000000000000, 1.000000000000000000 ) ) ;
#846 = CARTESIAN_POINT ( 'NONE',  ( -23.50000000000020961, 8.000000000000000000, -18.49999999999976197 ) ) ;
#847 = CARTESIAN_POINT ( 'NONE',  ( 18.50000000000001066, 8.000000000000000000, -23.50000000000001421 ) ) ;
#848 = DIRECTION ( 'NONE',  ( -3.491481338843133355E-15, 0.000000000000000000, -1.000000000000000000 ) ) ;
#849 = FACE_OUTER_BOUND ( 'NONE', #5503, .T. ) ;
#850 = CARTESIAN_POINT ( 'NONE',  ( 25.00000000000000355, 0.000000000000000000, -19.99999999999999289 ) ) ;
#851 = FACE_OUTER_BOUND ( 'NONE', #1193, .T. ) ;
#852 = VERTEX_POINT ( 'NONE', #530 ) ;
#853 = CIRCLE ( 'NONE', #3298, 6.000000000000000000 ) ;
#854 = FACE_OUTER_BOUND ( 'NONE', #6321, .T. ) ;
#855 = DIRECTION ( 'NONE',  ( 1.000000000000000000, 0.000000000000000000, -1.047444401652940007E-14 ) ) ;
#856 = DIRECTION ( 'NONE',  ( -0.000000000000000000, -0.000000000000000000, 1.000000000000000000 ) ) ;
#857 = CARTESIAN_POINT ( 'NONE',  ( -21.83796581139390725, 3.479671977711250364, 21.83796581139392146 ) ) ;
#858 = VECTOR ( 'NONE', #3487, 1000.000000000000000 ) ;
#859 = ORIENTED_EDGE ( 'NONE', *, *, #2877, .F. ) ;
#860 = VECTOR ( 'NONE', #2499, 1000.000000000000000 ) ;
#861 = ORIENTED_EDGE ( 'NONE', *, *, #3823, .F. ) ;
#862 = ORIENTED_EDGE ( 'NONE', *, *, #1246, .T. ) ;
#863 = CARTESIAN_POINT ( 'NONE',  ( 12.69999999999999574, 0.1000000000000000056, 8.100000000000001421 ) ) ;
#864 = DIRECTION ( 'NONE',  ( 0.000000000000000000, 0.000000000000000000, -1.000000000000000000 ) ) ;
#865 = CARTESIAN_POINT ( 'NONE',  ( -23.50000000000021316, 13.19634965606317856, -18.49999999999159073 ) ) ;
#866 = VECTOR ( 'NONE', #5323, 1000.000000000000000 ) ;
#867 = EDGE_CURVE ( 'NONE', #5629, #5194, #3910, .T. ) ;
#868 = ORIENTED_EDGE ( 'NONE', *, *, #2820, .F. ) ;
#869 = VECTOR ( 'NONE', #6175, 1000.000000000000000 ) ;
#870 = DIRECTION ( 'NONE',  ( -6.802837160693362624E-16, 0.000000000000000000, 1.000000000000000000 ) ) ;
#871 = EDGE_CURVE ( 'NONE', #8, #2101, #4224, .T. ) ;
#872 = EDGE_CURVE ( 'NONE', #3984, #5679, #2445, .T. ) ;
#873 = ADVANCED_FACE ( 'NONE', ( #2023 ), #1074, .T. ) ;
#874 = AXIS2_PLACEMENT_3D ( 'NONE', #4777, #1839, #3448 ) ;
#875 = LINE ( 'NONE', #2813, #3922 ) ;
#876 = FACE_BOUND ( 'NONE', #1454, .T. ) ;
#877 = LINE ( 'NONE', #4271, #3709 ) ;
#878 = ORIENTED_EDGE ( 'NONE', *, *, #3330, .F. ) ;
#879 = CIRCLE ( 'NONE', #2598, 5.000000000000000888 ) ;
#880 = LINE ( 'NONE', #6095, #1608 ) ;
#881 = CARTESIAN_POINT ( 'NONE',  ( -0.6999999999999956257, 22.35000000000000142, -13.24999999999999822 ) ) ;
#882 = CARTESIAN_POINT ( 'NONE',  ( -24.99999999999999645, 0.000000000000000000, 25.00000000000000000 ) ) ;
#883 = CARTESIAN_POINT ( 'NONE',  ( -12.49999999999999822, 19.00000000000000355, 1.309305502066175071E-13 ) ) ;
#884 = DIRECTION ( 'NONE',  ( -0.000000000000000000, -1.000000000000000000, 0.000000000000000000 ) ) ;
#885 = EDGE_CURVE ( 'NONE', #4479, #1154, #743, .T. ) ;
#886 = CARTESIAN_POINT ( 'NONE',  ( -11.49999999999999822, 0.000000000000000000, 6.500000000000000000 ) ) ;
#887 = ORIENTED_EDGE ( 'NONE', *, *, #6036, .T. ) ;
#888 = FACE_BOUND ( 'NONE', #3741, .T. ) ;
#889 = CARTESIAN_POINT ( 'NONE',  ( 18.00115067951358583, 18.20698957264240292, -20.50690407708127694 ) ) ;
#890 = CARTESIAN_POINT ( 'NONE',  ( 18.50000000000001066, 13.00000000000000355, -23.50000000000001421 ) ) ;
#891 = CIRCLE ( 'NONE', #4463, 1.499999999999999556 ) ;
#892 = CARTESIAN_POINT ( 'NONE',  ( -22.89299778444372180, 5.341092814535549849, 18.39883296407391455 ) ) ;
#893 = EDGE_CURVE ( 'NONE', #3052, #2010, #2264, .T. ) ;
#894 = EDGE_LOOP ( 'NONE', ( #4148, #3200, #4832, #2717 ) ) ;
#895 = EDGE_LOOP ( 'NONE', ( #451, #4448, #5848, #1247 ) ) ;
#896 = ORIENTED_EDGE ( 'NONE', *, *, #375, .F. ) ;
#897 = CARTESIAN_POINT ( 'NONE',  ( 22.50000000000000000, 19.00000000000000355, -27.50000000000000000 ) ) ;
#898 = DIRECTION ( 'NONE',  ( 5.804445973478889821E-15, -0.000000000000000000, 1.000000000000000000 ) ) ;
#899 = CARTESIAN_POINT ( 'NONE',  ( -23.01889895879287096, 15.70410048036623429, -23.01889895879238068 ) ) ;
#900 = VERTEX_POINT ( 'NONE', #3377 ) ;
#901 = LINE ( 'NONE', #1346, #1765 ) ;
#902 = DIRECTION ( 'NONE',  ( 1.000000000000000000, 0.000000000000000000, 0.000000000000000000 ) ) ;
#903 = CARTESIAN_POINT ( 'NONE',  ( 18.28538848585773735, 2.038676533784760547, 17.63089808097621614 ) ) ;
#904 = DIRECTION ( 'NONE',  ( 1.047444401652940007E-14, -0.000000000000000000, 1.000000000000000000 ) ) ;
#905 = ORIENTED_EDGE ( 'NONE', *, *, #3065, .T. ) ;
#906 = EDGE_CURVE ( 'NONE', #1329, #2601, #1488, .T. ) ;
#907 = AXIS2_PLACEMENT_3D ( 'NONE', #1189, #4041, #2624 ) ;
#908 = FACE_OUTER_BOUND ( 'NONE', #2045, .T. ) ;
#909 = DIRECTION ( 'NONE',  ( -1.000000000000000000, -0.000000000000000000, 2.081668171172167774E-16 ) ) ;
#910 = CARTESIAN_POINT ( 'NONE',  ( 23.50000000000001066, 7.803650343936832101, -18.49999999999184297 ) ) ;
#911 = CARTESIAN_POINT ( 'NONE',  ( 22.70698956635577659, 16.00690408648998897, 18.36783159439252699 ) ) ;
#912 = AXIS2_PLACEMENT_3D ( 'NONE', #5440, #5925, #5834 ) ;
#913 = CARTESIAN_POINT ( 'NONE',  ( -18.46801665073599352, 14.55569534921597530, 23.30809990441585455 ) ) ;
#914 = EDGE_CURVE ( 'NONE', #6098, #482, #4426, .T. ) ;
#915 = DIRECTION ( 'NONE',  ( -0.000000000000000000, 1.000000000000000000, -0.000000000000000000 ) ) ;
#916 = VERTEX_POINT ( 'NONE', #3411 ) ;
#917 = CARTESIAN_POINT ( 'NONE',  ( -11.49999999999999822, 2.000000000000000000, 6.500000000000000000 ) ) ;
#918 = DIRECTION ( 'NONE',  ( 1.000000000000000000, 0.000000000000000000, 0.000000000000000000 ) ) ;
#919 = CARTESIAN_POINT ( 'NONE',  ( -10.49999999999999822, 15.75000000000000000, -23.25000000000000000 ) ) ;
#920 = CARTESIAN_POINT ( 'NONE',  ( -20.87428726325986617, 2.731298660876492868, 20.87428726325987682 ) ) ;
#921 = ORIENTED_EDGE ( 'NONE', *, *, #4908, .F. ) ;
#922 = EDGE_LOOP ( 'NONE', ( #3521, #5443, #5754, #2602 ) ) ;
#923 = VERTEX_POINT ( 'NONE', #4409 ) ;
#924 = CARTESIAN_POINT ( 'NONE',  ( 0.000000000000000000, 2.000000000000000000, 0.000000000000000000 ) ) ;
#925 = DIRECTION ( 'NONE',  ( 1.000000000000000000, 0.000000000000000000, -3.491481338843132961E-15 ) ) ;
#926 = EDGE_CURVE ( 'NONE', #2964, #1952, #947, .T. ) ;
#927 = CARTESIAN_POINT ( 'NONE',  ( -23.42301757142136509, 13.97796522353717918, -18.48716959523661529 ) ) ;
#928 = ORIENTED_EDGE ( 'NONE', *, *, #45, .T. ) ;
#929 = DIRECTION ( 'NONE',  ( 0.000000000000000000, 1.000000000000000000, 0.000000000000000000 ) ) ;
#930 = ADVANCED_FACE ( 'NONE', ( #3501, #4864 ), #2475, .F. ) ;
#931 = CARTESIAN_POINT ( 'NONE',  ( 27.50000000000000355, 0.1000000000000000472, -15.25000000000000000 ) ) ;
#932 = CARTESIAN_POINT ( 'NONE',  ( -18.50000000000001066, 13.00000000000000355, 18.50000000000001421 ) ) ;
#933 = LINE ( 'NONE', #5358, #5558 ) ;
#934 = ORIENTED_EDGE ( 'NONE', *, *, #1060, .F. ) ;
#935 = DIRECTION ( 'NONE',  ( 1.006627378688779886E-14, 0.000000000000000000, 1.000000000000000000 ) ) ;
#936 = CIRCLE ( 'NONE', #5027, 0.6999999999999992895 ) ;
#937 = DIRECTION ( 'NONE',  ( -0.000000000000000000, 0.000000000000000000, 1.000000000000000000 ) ) ;
#938 = CARTESIAN_POINT ( 'NONE',  ( 23.49035397735525166, 13.39269881009248664, 18.49839232955913104 ) ) ;
#939 = ADVANCED_FACE ( 'NONE', ( #4497 ), #52, .F. ) ;
#940 = CARTESIAN_POINT ( 'NONE',  ( -22.89299778444394207, 5.341092814535596034, -18.39883296407378310 ) ) ;
#941 = ORIENTED_EDGE ( 'NONE', *, *, #1109, .T. ) ;
#942 = CARTESIAN_POINT ( 'NONE',  ( -24.99999999999999645, 19.00000000000000355, 2.670652708411654356E-13 ) ) ;
#943 = ORIENTED_EDGE ( 'NONE', *, *, #3272, .T. ) ;
#944 = FACE_BOUND ( 'NONE', #4015, .T. ) ;
#945 = DIRECTION ( 'NONE',  ( 0.000000000000000000, 0.000000000000000000, 1.000000000000000000 ) ) ;
#946 = LINE ( 'NONE', #2895, #3038 ) ;
#947 = CIRCLE ( 'NONE', #5245, 0.6999999999999992895 ) ;
#948 = DIRECTION ( 'NONE',  ( -1.000000000000000000, 0.000000000000000000, 3.491481338843133355E-15 ) ) ;
#949 = CARTESIAN_POINT ( 'NONE',  ( 0.000000000000000000, 19.00000000000000355, 0.000000000000000000 ) ) ;
#950 = ORIENTED_EDGE ( 'NONE', *, *, #771, .T. ) ;
#951 = ORIENTED_EDGE ( 'NONE', *, *, #1907, .T. ) ;
#952 = ORIENTED_EDGE ( 'NONE', *, *, #2914, .T. ) ;
#953 = CARTESIAN_POINT ( 'NONE',  ( -8.299999999999998934, 15.75000000000000000, -23.25000000000000000 ) ) ;
#954 = LINE ( 'NONE', #5952, #3007 ) ;
#955 = LINE ( 'NONE', #2425, #4507 ) ;
#956 = EDGE_LOOP ( 'NONE', ( #4096, #4351, #3806, #1056 ) ) ;
#957 = VECTOR ( 'NONE', #3173, 1000.000000000000000 ) ;
#958 = EDGE_LOOP ( 'NONE', ( #3786, #2768, #4114, #5345 ) ) ;
#959 = AXIS2_PLACEMENT_3D ( 'NONE', #5738, #3327, #2878 ) ;
#960 = CARTESIAN_POINT ( 'NONE',  ( -26.00000000000000355, 1.399999999999999911, 3.821067811865475061 ) ) ;
#961 = CARTESIAN_POINT ( 'NONE',  ( -23.50000000000001066, 19.00000000000000355, 15.00000000000000178 ) ) ;
#962 = FACE_BOUND ( 'NONE', #2052, .T. ) ;
#963 = CIRCLE ( 'NONE', #3520, 5.000000000000000888 ) ;
#964 = CARTESIAN_POINT ( 'NONE',  ( -17.50000000000001421, 13.00000000000000355, 1.833027702892646463E-13 ) ) ;
#965 = ADVANCED_FACE ( 'NONE', ( #3923 ), #4921, .F. ) ;
#966 = ORIENTED_EDGE ( 'NONE', *, *, #493, .F. ) ;
#967 = CIRCLE ( 'NONE', #3931, 5.000000000000000888 ) ;
#968 = PLANE ( 'NONE',  #4206 ) ;
#969 = CARTESIAN_POINT ( 'NONE',  ( 23.42301757142116259, 7.022034776462828809, -18.48716959523686398 ) ) ;
#970 = DIRECTION ( 'NONE',  ( 0.000000000000000000, 0.000000000000000000, -1.000000000000000000 ) ) ;
#971 = CARTESIAN_POINT ( 'NONE',  ( -19.16748811887348225, 2.127925222476518829, -19.16748811887212511 ) ) ;
#972 = ORIENTED_EDGE ( 'NONE', *, *, #4063, .T. ) ;
#973 = VECTOR ( 'NONE', #1807, 1000.000000000000000 ) ;
#974 = CARTESIAN_POINT ( 'NONE',  ( 5.503891382404351928E-15, 9.149999999999998579, -13.24999999999999822 ) ) ;
#975 = ADVANCED_FACE ( 'NONE', ( #1009 ), #4987, .T. ) ;
#976 = ORIENTED_EDGE ( 'NONE', *, *, #4891, .F. ) ;
#977 = DIRECTION ( 'NONE',  ( 1.000000000000000000, -0.000000000000000000, 4.081702296416010573E-16 ) ) ;
#978 = DIRECTION ( 'NONE',  ( 1.000000000000000000, -3.154042683594194381E-17, 3.154042683594194997E-17 ) ) ;
#979 = ADVANCED_FACE ( 'NONE', ( #5372 ), #4439, .T. ) ;
#980 = DIRECTION ( 'NONE',  ( 0.000000000000000000, 1.000000000000000000, 0.000000000000000000 ) ) ;
#981 = DIRECTION ( 'NONE',  ( 0.000000000000000000, 0.000000000000000000, -1.000000000000000000 ) ) ;
#982 = ORIENTED_EDGE ( 'NONE', *, *, #1274, .F. ) ;
#983 = ORIENTED_EDGE ( 'NONE', *, *, #1436, .T. ) ;
#984 = ADVANCED_FACE ( 'NONE', ( #4956 ), #80, .F. ) ;
#985 = EDGE_LOOP ( 'NONE', ( #706, #340 ) ) ;
#986 = CARTESIAN_POINT ( 'NONE',  ( -17.50000000000000711, 19.00000000000000355, 17.50000000000001421 ) ) ;
#987 = LINE ( 'NONE', #2905, #3840 ) ;
#988 = AXIS2_PLACEMENT_3D ( 'NONE', #2674, #3997, #5065 ) ;
#989 = LINE ( 'NONE', #4416, #520 ) ;
#990 = VERTEX_POINT ( 'NONE', #2688 ) ;
#991 = CARTESIAN_POINT ( 'NONE',  ( -15.00000000000000178, 19.00000000000000355, 23.50000000000001421 ) ) ;
#992 = CARTESIAN_POINT ( 'NONE',  ( 5.850000000000001421, 1.399999999999999911, -9.249999999999998224 ) ) ;
#993 = CARTESIAN_POINT ( 'NONE',  ( -11.49999999999999822, -1.000000000000000000, 6.500000000000000000 ) ) ;
#994 = DIRECTION ( 'NONE',  ( 0.000000000000000000, 0.000000000000000000, 1.000000000000000000 ) ) ;
#995 = EDGE_CURVE ( 'NONE', #837, #4143, #450, .T. ) ;
#996 = ORIENTED_EDGE ( 'NONE', *, *, #3046, .T. ) ;
#997 = CARTESIAN_POINT ( 'NONE',  ( -25.00000000000001066, 2.000000000000000000, -24.99999999999998224 ) ) ;
#998 = EDGE_CURVE ( 'NONE', #5829, #418, #5457, .T. ) ;
#999 = LINE ( 'NONE', #1509, #1850 ) ;
#1000 = CARTESIAN_POINT ( 'NONE',  ( -4.000000000000000000, 1.399999999999999911, 7.750000000000006217 ) ) ;
#1001 = CIRCLE ( 'NONE', #5299, 5.000000000000000888 ) ;
#1002 = CARTESIAN_POINT ( 'NONE',  ( -23.50000000000026290, 8.000000000000000000, -23.49999999999976197 ) ) ;
#1003 = AXIS2_PLACEMENT_3D ( 'NONE', #1262, #1799, #2250 ) ;
#1004 = CARTESIAN_POINT ( 'NONE',  ( 13.90000000000001279, -1.000000000000000000, 1.249999999999994005 ) ) ;
#1005 = VERTEX_POINT ( 'NONE', #6039 ) ;
#1006 = DIRECTION ( 'NONE',  ( 0.000000000000000000, 0.000000000000000000, 1.000000000000000000 ) ) ;
#1007 = PLANE ( 'NONE',  #562 ) ;
#1008 = EDGE_CURVE ( 'NONE', #2245, #5451, #4333, .T. ) ;
#1009 = FACE_OUTER_BOUND ( 'NONE', #956, .T. ) ;
#1010 = CARTESIAN_POINT ( 'NONE',  ( -22.50000000000023448, 19.00000000000000355, -22.49999999999976197 ) ) ;
#1011 = ORIENTED_EDGE ( 'NONE', *, *, #6203, .T. ) ;
#1012 = ORIENTED_EDGE ( 'NONE', *, *, #5604, .T. ) ;
#1013 = CARTESIAN_POINT ( 'NONE',  ( 0.000000000000000000, 1.399999999999999911, -10.34999999999999787 ) ) ;
#1014 = LINE ( 'NONE', #5924, #1881 ) ;
#1015 = CARTESIAN_POINT ( 'NONE',  ( 11.50000000000000178, -1.000000000000000000, 6.500000000000000000 ) ) ;
#1016 = VECTOR ( 'NONE', #5944, 1000.000000000000000 ) ;
#1017 = ORIENTED_EDGE ( 'NONE', *, *, #5523, .T. ) ;
#1018 = ADVANCED_FACE ( 'NONE', ( #3049 ), #171, .T. ) ;
#1019 = VECTOR ( 'NONE', #3960, 1000.000000000000000 ) ;
#1020 = DIRECTION ( 'NONE',  ( 0.000000000000000000, 0.000000000000000000, 1.000000000000000000 ) ) ;
#1021 = DIRECTION ( 'NONE',  ( -0.000000000000000000, 1.000000000000000000, -0.000000000000000000 ) ) ;
#1022 = FACE_OUTER_BOUND ( 'NONE', #4773, .T. ) ;
#1023 = FACE_OUTER_BOUND ( 'NONE', #4701, .T. ) ;
#1024 = CYLINDRICAL_SURFACE ( 'NONE', #5662, 6.000000000000000000 ) ;
#1025 = ORIENTED_EDGE ( 'NONE', *, *, #4403, .F. ) ;
#1026 = AXIS2_PLACEMENT_3D ( 'NONE', #5485, #100, #1449 ) ;
#1027 = CARTESIAN_POINT ( 'NONE',  ( -27.50000000000000355, 31.39999999999999858, -13.25000000000000000 ) ) ;
#1028 = CARTESIAN_POINT ( 'NONE',  ( 19.50000000000000355, 31.39999999999999858, -13.24999999999999822 ) ) ;
#1029 = CYLINDRICAL_SURFACE ( 'NONE', #312, 6.000000000000000000 ) ;
#1030 = CARTESIAN_POINT ( 'NONE',  ( -17.72907422770584418, 1.999999973656763519, -17.72907422770594721 ) ) ;
#1031 = ORIENTED_EDGE ( 'NONE', *, *, #2877, .T. ) ;
#1032 = VECTOR ( 'NONE', #4275, 1000.000000000000000 ) ;
#1033 = DIRECTION ( 'NONE',  ( -1.000000000000000000, 0.000000000000000000, 0.000000000000000000 ) ) ;
#1034 = ORIENTED_EDGE ( 'NONE', *, *, #4544, .T. ) ;
#1035 = CARTESIAN_POINT ( 'NONE',  ( -1.918111297674780643E-13, 2.000000000000000000, -15.00000000000005507 ) ) ;
#1036 = CYLINDRICAL_SURFACE ( 'NONE', #3422, 3.800000000000000266 ) ;
#1037 = ADVANCED_FACE ( 'NONE', ( #205 ), #3225, .F. ) ;
#1038 = DIRECTION ( 'NONE',  ( 0.000000000000000000, 0.000000000000000000, 1.000000000000000000 ) ) ;
#1039 = CARTESIAN_POINT ( 'NONE',  ( 20.00000000000000000, 0.000000000000000000, -19.99999999999998934 ) ) ;
#1040 = EDGE_CURVE ( 'NONE', #1075, #1069, #4112, .T. ) ;
#1041 = ORIENTED_EDGE ( 'NONE', *, *, #4677, .F. ) ;
#1042 = ORIENTED_EDGE ( 'NONE', *, *, #4772, .F. ) ;
#1043 = AXIS2_PLACEMENT_3D ( 'NONE', #749, #2755, #333 ) ;
#1044 = CARTESIAN_POINT ( 'NONE',  ( -23.50000000000001066, 8.000000000000000000, 15.00000000000000178 ) ) ;
#1045 = CARTESIAN_POINT ( 'NONE',  ( 0.000000000000000000, 0.1000000000000000056, 0.000000000000000000 ) ) ;
#1046 = AXIS2_PLACEMENT_3D ( 'NONE', #5402, #1931, #471 ) ;
#1047 = EDGE_LOOP ( 'NONE', ( #2542, #4291, #6206, #3149, #982, #6305, #3353, #313, #761, #2731 ) ) ;
#1048 = ORIENTED_EDGE ( 'NONE', *, *, #330, .F. ) ;
#1049 = CARTESIAN_POINT ( 'NONE',  ( -5.850000000000001421, 1.399999999999999911, -6.150000000000004796 ) ) ;
#1050 = ADVANCED_FACE ( 'NONE', ( #4823 ), #2243, .F. ) ;
#1051 = DIRECTION ( 'NONE',  ( -1.000000000000000000, 0.000000000000000000, -0.000000000000000000 ) ) ;
#1052 = AXIS2_PLACEMENT_3D ( 'NONE', #396, #2714, #262 ) ;
#1053 = DIRECTION ( 'NONE',  ( 0.000000000000000000, -0.000000000000000000, -1.000000000000000000 ) ) ;
#1054 = CARTESIAN_POINT ( 'NONE',  ( 26.00000000000000355, 1.399999999999999911, -13.24999999999999822 ) ) ;
#1055 = ORIENTED_EDGE ( 'NONE', *, *, #2854, .F. ) ;
#1056 = ORIENTED_EDGE ( 'NONE', *, *, #6212, .F. ) ;
#1057 = AXIS2_PLACEMENT_3D ( 'NONE', #4214, #4724, #4251 ) ;
#1058 = VECTOR ( 'NONE', #1822, 1000.000000000000000 ) ;
#1059 = EDGE_CURVE ( 'NONE', #6106, #1591, #2478, .T. ) ;
#1060 = EDGE_CURVE ( 'NONE', #4733, #5302, #3238, .T. ) ;
#1061 = DIRECTION ( 'NONE',  ( -0.000000000000000000, 0.000000000000000000, 1.000000000000000000 ) ) ;
#1062 = VECTOR ( 'NONE', #1453, 1000.000000000000000 ) ;
#1063 = CARTESIAN_POINT ( 'NONE',  ( 17.72907422770589392, 1.999999973656763519, -17.72907422770590102 ) ) ;
#1064 = CARTESIAN_POINT ( 'NONE',  ( 0.000000000000000000, 31.39999999999999858, 0.000000000000000000 ) ) ;
#1065 = CARTESIAN_POINT ( 'NONE',  ( -27.50000000000000355, 1.399999999999999911, 1.750000000000001554 ) ) ;
#1066 = PRODUCT_DEFINITION_SHAPE ( 'NONE', 'NONE',  #6332 ) ;
#1067 = AXIS2_PLACEMENT_3D ( 'NONE', #2096, #1203, #1678 ) ;
#1068 = LINE ( 'NONE', #3560, #2397 ) ;
#1069 = VERTEX_POINT ( 'NONE', #4209 ) ;
#1070 = CARTESIAN_POINT ( 'NONE',  ( -18.50000000000020606, 8.000000000000000000, -18.49999999999981526 ) ) ;
#1071 = CARTESIAN_POINT ( 'NONE',  ( -17.50000000000023448, 19.00000000000000355, -22.49999999999981526 ) ) ;
#1072 = EDGE_CURVE ( 'NONE', #2669, #5518, #1723, .T. ) ;
#1073 = CIRCLE ( 'NONE', #4871, 1.249999999999997335 ) ;
#1074 = CYLINDRICAL_SURFACE ( 'NONE', #2883, 5.000000000000000888 ) ;
#1075 = VERTEX_POINT ( 'NONE', #336 ) ;
#1076 = ORIENTED_EDGE ( 'NONE', *, *, #5645, .T. ) ;
#1077 = CIRCLE ( 'NONE', #4770, 0.7999999999999986011 ) ;
#1078 = FACE_BOUND ( 'NONE', #4870, .T. ) ;
#1079 = CARTESIAN_POINT ( 'NONE',  ( 5.503891382404351928E-15, 9.149999999999998579, -15.25000000000000000 ) ) ;
#1080 = DIRECTION ( 'NONE',  ( -1.047444401652940007E-14, 0.000000000000000000, -1.000000000000000000 ) ) ;
#1081 = EDGE_CURVE ( 'NONE', #3538, #3363, #3340, .T. ) ;
#1082 = ORIENTED_EDGE ( 'NONE', *, *, #6089, .F. ) ;
#1083 = ORIENTED_EDGE ( 'NONE', *, *, #1295, .F. ) ;
#1084 = DIRECTION ( 'NONE',  ( 0.000000000000000000, 1.000000000000000000, 0.000000000000000000 ) ) ;
#1085 = CARTESIAN_POINT ( 'NONE',  ( 27.50000000000000355, 1.600000000000000089, -15.25000000000000000 ) ) ;
#1086 = AXIS2_PLACEMENT_3D ( 'NONE', #5918, #21, #595 ) ;
#1087 = DIRECTION ( 'NONE',  ( -0.000000000000000000, -0.000000000000000000, -1.000000000000000000 ) ) ;
#1088 = DIRECTION ( 'NONE',  ( -1.000000000000000000, 0.000000000000000000, 0.000000000000000000 ) ) ;
#1089 = ORIENTED_EDGE ( 'NONE', *, *, #4965, .F. ) ;
#1090 = CARTESIAN_POINT ( 'NONE',  ( 15.00000000000000178, 2.000000000000000000, -5.237222008264700664E-14 ) ) ;
#1091 = LINE ( 'NONE', #5007, #1313 ) ;
#1092 = CARTESIAN_POINT ( 'NONE',  ( 3.800000000000003375, 15.75000000000000000, -13.24999999999999822 ) ) ;
#1093 = ORIENTED_EDGE ( 'NONE', *, *, #3410, .F. ) ;
#1094 =( LENGTH_UNIT ( ) NAMED_UNIT ( * ) SI_UNIT ( .MILLI., .METRE. ) );
#1095 = EDGE_LOOP ( 'NONE', ( #2777, #1514, #4691, #3552 ) ) ;
#1096 = CARTESIAN_POINT ( 'NONE',  ( -17.50000000000019895, 19.00000000000000355, -17.49999999999982592 ) ) ;
#1097 = CARTESIAN_POINT ( 'NONE',  ( -15.00000000000026290, 19.00000000000000355, -24.99999999999984368 ) ) ;
#1098 = CARTESIAN_POINT ( 'NONE',  ( -20.26721574755770305, 18.56709275097683687, 20.26721574755757160 ) ) ;
#1099 = ORIENTED_EDGE ( 'NONE', *, *, #2392, .T. ) ;
#1100 = EDGE_LOOP ( 'NONE', ( #2655, #4070, #6187, #4261 ) ) ;
#1101 = PRODUCT_DEFINITION_SHAPE ( 'NONE', 'NONE',  #6331 ) ;
#1102 = AXIS2_PLACEMENT_3D ( 'NONE', #469, #560, #5399 ) ;
#1103 = CARTESIAN_POINT ( 'NONE',  ( -8.999999999999998224, 15.75000000000000000, -23.25000000000000000 ) ) ;
#1104 = CARTESIAN_POINT ( 'NONE',  ( -27.50000000000000355, 1.600000000000000089, -15.25000000000000000 ) ) ;
#1105 = DIRECTION ( 'NONE',  ( 0.000000000000000000, 0.000000000000000000, -1.000000000000000000 ) ) ;
#1106 = CIRCLE ( 'NONE', #293, 1.249999999999997335 ) ;
#1107 = ORIENTED_EDGE ( 'NONE', *, *, #3901, .T. ) ;
#1108 = ORIENTED_EDGE ( 'NONE', *, *, #3519, .T. ) ;
#1109 = EDGE_CURVE ( 'NONE', #1681, #2857, #3273, .T. ) ;
#1110 = CYLINDRICAL_SURFACE ( 'NONE', #2235, 5.000000000000000000 ) ;
#1111 = PLANE ( 'NONE',  #659 ) ;
#1112 = CARTESIAN_POINT ( 'NONE',  ( 0.000000000000000000, 0.000000000000000000, 10.35000000000000497 ) ) ;
#1113 = AXIS2_PLACEMENT_3D ( 'NONE', #4621, #4048, #3666 ) ;
#1114 = CARTESIAN_POINT ( 'NONE',  ( -23.50000000000000711, 8.000000000000000000, 23.50000000000001776 ) ) ;
#1115 = FACE_OUTER_BOUND ( 'NONE', #5180, .T. ) ;
#1116 = ORIENTED_EDGE ( 'NONE', *, *, #3664, .T. ) ;
#1117 = CIRCLE ( 'NONE', #4, 1.100000000000000311 ) ;
#1118 = CARTESIAN_POINT ( 'NONE',  ( 27.50000000000000355, 6.400000000000000355, 3.821067811865476838 ) ) ;
#1119 = DIRECTION ( 'NONE',  ( 0.000000000000000000, -1.000000000000000000, 0.000000000000000000 ) ) ;
#1120 = CARTESIAN_POINT ( 'NONE',  ( 12.50000000000000000, 19.00000000000000355, -22.50000000000000000 ) ) ;
#1121 = VECTOR ( 'NONE', #1140, 1000.000000000000000 ) ;
#1122 = EDGE_LOOP ( 'NONE', ( #1167, #1500 ) ) ;
#1123 =( NAMED_UNIT ( * ) PLANE_ANGLE_UNIT ( ) SI_UNIT ( $, .RADIAN. ) );
#1124 = ORIENTED_EDGE ( 'NONE', *, *, #2416, .T. ) ;
#1125 = CARTESIAN_POINT ( 'NONE',  ( 0.000000000000000000, 21.00000000000000355, -12.49999999999999822 ) ) ;
#1126 = DIRECTION ( 'NONE',  ( -0.000000000000000000, -1.000000000000000000, -0.000000000000000000 ) ) ;
#1127 = EDGE_CURVE ( 'NONE', #3740, #5139, #1761, .T. ) ;
#1128 = DIRECTION ( 'NONE',  ( 1.000000000000000000, 0.000000000000000000, 0.000000000000000000 ) ) ;
#1129 = LINE ( 'NONE', #2446, #5901 ) ;
#1130 = VERTEX_POINT ( 'NONE', #4758 ) ;
#1131 = ORIENTED_EDGE ( 'NONE', *, *, #2536, .F. ) ;
#1132 = DIRECTION ( 'NONE',  ( 0.000000000000000000, -1.000000000000000000, 0.000000000000000000 ) ) ;
#1133 = CARTESIAN_POINT ( 'NONE',  ( 12.50000000000000000, 21.00000000000000355, -17.49999999999999645 ) ) ;
#1134 = EDGE_CURVE ( 'NONE', #3284, #5352, #406, .T. ) ;
#1135 = FACE_OUTER_BOUND ( 'NONE', #5549, .T. ) ;
#1136 = EDGE_CURVE ( 'NONE', #5518, #4655, #4229, .T. ) ;
#1137 = VERTEX_POINT ( 'NONE', #5652 ) ;
#1138 = VERTEX_POINT ( 'NONE', #1824 ) ;
#1139 = ORIENTED_EDGE ( 'NONE', *, *, #1771, .T. ) ;
#1140 = DIRECTION ( 'NONE',  ( 0.000000000000000000, -0.000000000000000000, -1.000000000000000000 ) ) ;
#1141 = CARTESIAN_POINT ( 'NONE',  ( -15.00000000000000178, 19.00000000000000355, 1.571166602479410136E-13 ) ) ;
#1142 = FACE_OUTER_BOUND ( 'NONE', #2865, .T. ) ;
#1143 = VECTOR ( 'NONE', #948, 1000.000000000000000 ) ;
#1144 = LINE ( 'NONE', #4509, #1553 ) ;
#1145 = DIRECTION ( 'NONE',  ( 0.000000000000000000, 0.000000000000000000, -1.000000000000000000 ) ) ;
#1146 = VERTEX_POINT ( 'NONE', #3204 ) ;
#1147 = AXIS2_PLACEMENT_3D ( 'NONE', #1604, #4654, #2564 ) ;
#1148 = ADVANCED_FACE ( 'NONE', ( #3792 ), #5168, .F. ) ;
#1149 = CARTESIAN_POINT ( 'NONE',  ( 18.50000000000009237, 8.000000000000000000, 23.49999999999994671 ) ) ;
#1150 = CARTESIAN_POINT ( 'NONE',  ( 23.29960934660797633, 6.246085611631633228, 23.29960934660780580 ) ) ;
#1151 = CARTESIAN_POINT ( 'NONE',  ( -17.50000000000018119, 21.00000000000000355, -17.49999999999981881 ) ) ;
#1152 = CIRCLE ( 'NONE', #3825, 0.6999999999999992895 ) ;
#1153 = EDGE_LOOP ( 'NONE', ( #6122, #6233 ) ) ;
#1154 = VERTEX_POINT ( 'NONE', #4247 ) ;
#1155 = CIRCLE ( 'NONE', #553, 0.6999999999999995115 ) ;
#1156 = CARTESIAN_POINT ( 'NONE',  ( 25.00000000000000000, 19.00000000000000355, -15.00000000000000178 ) ) ;
#1157 = DIRECTION ( 'NONE',  ( 1.000000000000000000, -0.000000000000000000, 0.000000000000000000 ) ) ;
#1158 = DIRECTION ( 'NONE',  ( -1.000000000000000000, 0.000000000000000000, 0.000000000000000000 ) ) ;
#1159 = VECTOR ( 'NONE', #2034, 1000.000000000000000 ) ;
#1160 = ORIENTED_EDGE ( 'NONE', *, *, #4746, .T. ) ;
#1161 = ORIENTED_EDGE ( 'NONE', *, *, #3961, .T. ) ;
#1162 = CYLINDRICAL_SURFACE ( 'NONE', #1113, 6.000000000000000000 ) ;
#1163 = DIRECTION ( 'NONE',  ( -0.000000000000000000, -1.000000000000000000, -0.000000000000000000 ) ) ;
#1164 = CARTESIAN_POINT ( 'NONE',  ( 17.50000000000007816, 2.000000000000000000, 17.49999999999995026 ) ) ;
#1165 = ADVANCED_FACE ( 'NONE', ( #849 ), #5269, .F. ) ;
#1166 = CIRCLE ( 'NONE', #1381, 5.999999999999998224 ) ;
#1167 = ORIENTED_EDGE ( 'NONE', *, *, #6040, .F. ) ;
#1168 = EDGE_CURVE ( 'NONE', #3596, #2866, #5458, .T. ) ;
#1169 = ORIENTED_EDGE ( 'NONE', *, *, #1444, .T. ) ;
#1170 = VECTOR ( 'NONE', #4613, 1000.000000000000000 ) ;
#1171 = ORIENTED_EDGE ( 'NONE', *, *, #1452, .F. ) ;
#1172 = CARTESIAN_POINT ( 'NONE',  ( 20.15890720558523341, 18.39299777610944986, 17.94315120093077098 ) ) ;
#1173 = DIRECTION ( 'NONE',  ( 0.000000000000000000, 0.000000000000000000, 1.000000000000000000 ) ) ;
#1174 = DIRECTION ( 'NONE',  ( 0.000000000000000000, 0.000000000000000000, 1.000000000000000000 ) ) ;
#1175 = FACE_OUTER_BOUND ( 'NONE', #1095, .T. ) ;
#1176 = FACE_OUTER_BOUND ( 'NONE', #824, .T. ) ;
#1177 = ORIENTED_EDGE ( 'NONE', *, *, #4280, .T. ) ;
#1178 = ADVANCED_FACE ( 'NONE', ( #3433 ), #2080, .F. ) ;
#1179 = AXIS2_PLACEMENT_3D ( 'NONE', #6112, #3892, #285 ) ;
#1180 = EDGE_CURVE ( 'NONE', #6138, #778, #228, .T. ) ;
#1181 = CARTESIAN_POINT ( 'NONE',  ( 18.10998978652563451, 3.229354225012183832, -21.15993871915446789 ) ) ;
#1182 = CARTESIAN_POINT ( 'NONE',  ( -4.750000000000000888, 1.399999999999999911, -5.050000000000003375 ) ) ;
#1183 = EDGE_CURVE ( 'NONE', #1130, #2061, #748, .T. ) ;
#1184 = FACE_OUTER_BOUND ( 'NONE', #5121, .T. ) ;
#1185 = VERTEX_POINT ( 'NONE', #1120 ) ;
#1186 = EDGE_CURVE ( 'NONE', #3372, #4566, #6303, .T. ) ;
#1187 = ORIENTED_EDGE ( 'NONE', *, *, #705, .T. ) ;
#1188 = ORIENTED_EDGE ( 'NONE', *, *, #2193, .F. ) ;
#1189 = CARTESIAN_POINT ( 'NONE',  ( -13.90000000000001279, 0.000000000000000000, -3.452947483310167141E-15 ) ) ;
#1190 = DIRECTION ( 'NONE',  ( -2.081668171172168513E-16, 0.000000000000000000, -1.000000000000000000 ) ) ;
#1191 = CARTESIAN_POINT ( 'NONE',  ( -17.50000000000000711, 19.00000000000000355, 17.50000000000001421 ) ) ;
#1192 = FACE_OUTER_BOUND ( 'NONE', #670, .T. ) ;
#1193 = EDGE_LOOP ( 'NONE', ( #6210, #540, #4836, #2937 ) ) ;
#1194 = DIRECTION ( 'NONE',  ( -1.000000000000000000, 0.000000000000000000, 0.000000000000000000 ) ) ;
#1195 = CARTESIAN_POINT ( 'NONE',  ( -2.880472104545584703E-13, 21.00000000000000355, -27.50000000000000000 ) ) ;
#1196 = DIRECTION ( 'NONE',  ( 0.000000000000000000, 0.000000000000000000, -1.000000000000000000 ) ) ;
#1197 = ORIENTED_EDGE ( 'NONE', *, *, #3750, .T. ) ;
#1198 = ORIENTED_EDGE ( 'NONE', *, *, #5920, .F. ) ;
#1199 = VECTOR ( 'NONE', #3950, 1000.000000000000000 ) ;
#1200 = VECTOR ( 'NONE', #4503, 1000.000000000000000 ) ;
#1201 = EDGE_LOOP ( 'NONE', ( #435, #3695 ) ) ;
#1202 = CARTESIAN_POINT ( 'NONE',  ( 17.50000000000008527, 19.00000000000000355, 17.49999999999994671 ) ) ;
#1203 = DIRECTION ( 'NONE',  ( -0.000000000000000000, -1.000000000000000000, 0.000000000000000000 ) ) ;
#1204 = CARTESIAN_POINT ( 'NONE',  ( 4.000000000000000888, 0.1000000000000000056, 7.750000000000006217 ) ) ;
#1205 = ADVANCED_FACE ( 'NONE', ( #1184 ), #3650, .T. ) ;
#1206 = AXIS2_PLACEMENT_3D ( 'NONE', #5410, #4388, #2029 ) ;
#1207 = DIRECTION ( 'NONE',  ( 0.000000000000000000, 0.000000000000000000, -1.000000000000000000 ) ) ;
#1208 = ADVANCED_FACE ( 'NONE', ( #3527 ), #3070, .F. ) ;
#1209 = VERTEX_POINT ( 'NONE', #2044 ) ;
#1210 = CARTESIAN_POINT ( 'NONE',  ( -15.00000000000024691, 8.000000000000000000, -23.49999999999985079 ) ) ;
#1211 = DIRECTION ( 'NONE',  ( 0.000000000000000000, 0.000000000000000000, -1.000000000000000000 ) ) ;
#1212 = LINE ( 'NONE', #2529, #5145 ) ;
#1213 = ORIENTED_EDGE ( 'NONE', *, *, #1700, .F. ) ;
#1214 = EDGE_CURVE ( 'NONE', #2675, #3088, #2075, .T. ) ;
#1215 = ORIENTED_EDGE ( 'NONE', *, *, #4764, .T. ) ;
#1216 = DIRECTION ( 'NONE',  ( -0.000000000000000000, 1.000000000000000000, -0.000000000000000000 ) ) ;
#1217 = DIRECTION ( 'NONE',  ( 0.000000000000000000, 0.000000000000000000, 1.000000000000000000 ) ) ;
#1218 = DIRECTION ( 'NONE',  ( -0.000000000000000000, -0.000000000000000000, -1.000000000000000000 ) ) ;
#1219 = APPLICATION_PROTOCOL_DEFINITION ( 'draft international standard', 'automotive_design', 1998, #1343 ) ;
#1220 = VERTEX_POINT ( 'NONE', #2106 ) ;
#1221 =( BOUNDED_CURVE ( )  B_SPLINE_CURVE ( 3, ( #2453, #4480, #3452, #574 ),
 .UNSPECIFIED., .F., .F. ) 
 B_SPLINE_CURVE_WITH_KNOTS ( ( 4, 4 ),
 ( 0.000000000000000000, 1.570796326794896558 ),
 .UNSPECIFIED. ) 
 CURVE ( )  GEOMETRIC_REPRESENTATION_ITEM ( )  RATIONAL_B_SPLINE_CURVE ( ( 1.000000000000000000, 0.8047378541243649375, 0.8047378541243649375, 1.000000000000000000 ) ) 
 REPRESENTATION_ITEM ( '' )  );
#1222 = VERTEX_POINT ( 'NONE', #3623 ) ;
#1223 = CARTESIAN_POINT ( 'NONE',  ( 0.000000000000000000, 19.00000000000000355, 15.00000000000000178 ) ) ;
#1224 = VERTEX_POINT ( 'NONE', #5127 ) ;
#1225 = LINE ( 'NONE', #3175, #2218 ) ;
#1226 = DIRECTION ( 'NONE',  ( -0.000000000000000000, -0.000000000000000000, 1.000000000000000000 ) ) ;
#1227 = CARTESIAN_POINT ( 'NONE',  ( 0.000000000000000000, 19.00000000000000355, -15.00000000000000178 ) ) ;
#1228 = EDGE_CURVE ( 'NONE', #5760, #2982, #4306, .T. ) ;
#1229 = CIRCLE ( 'NONE', #4826, 5.000000000000000000 ) ;
#1230 = ORIENTED_EDGE ( 'NONE', *, *, #5887, .T. ) ;
#1231 = VERTEX_POINT ( 'NONE', #649 ) ;
#1232 = EDGE_LOOP ( 'NONE', ( #6041, #6042, #2459, #4260, #4949, #3148, #4062, #3660, #496, #2770, #2398, #2833, #2237, #3558, #6252, #4860, #1548, #1161, #2622, #3216 ) ) ;
#1233 = CARTESIAN_POINT ( 'NONE',  ( 9.700000000000001066, 15.75000000000002132, -13.24999999999999822 ) ) ;
#1234 = CARTESIAN_POINT ( 'NONE',  ( 7.245781106623601578E-14, 19.00000000000000355, 23.50000000000000355 ) ) ;
#1235 = VECTOR ( 'NONE', #6248, 1000.000000000000000 ) ;
#1236 = FACE_BOUND ( 'NONE', #2666, .T. ) ;
#1237 = CARTESIAN_POINT ( 'NONE',  ( 5.100000000000000533, 0.1000000000000000056, 9.250000000000005329 ) ) ;
#1238 = ORIENTED_EDGE ( 'NONE', *, *, #1876, .T. ) ;
#1239 = FACE_OUTER_BOUND ( 'NONE', #2595, .T. ) ;
#1240 = VECTOR ( 'NONE', #74, 1000.000000000000000 ) ;
#1241 = CIRCLE ( 'NONE', #3599, 0.6999999999999995115 ) ;
#1242 = EDGE_CURVE ( 'NONE', #2026, #3730, #3019, .T. ) ;
#1243 = DIRECTION ( 'NONE',  ( -0.000000000000000000, 1.000000000000000000, -0.000000000000000000 ) ) ;
#1244 = CARTESIAN_POINT ( 'NONE',  ( 18.00115067951365688, 2.793010427357716985, 20.50690407708137997 ) ) ;
#1245 = CARTESIAN_POINT ( 'NONE',  ( -27.50000000000000355, 18.47106781186547408, -8.249999999999998224 ) ) ;
#1246 = EDGE_CURVE ( 'NONE', #4596, #2902, #1212, .T. ) ;
#1247 = ORIENTED_EDGE ( 'NONE', *, *, #1991, .F. ) ;
#1248 = AXIS2_PLACEMENT_3D ( 'NONE', #4516, #6032, #1687 ) ;
#1249 = ORIENTED_EDGE ( 'NONE', *, *, #3503, .T. ) ;
#1250 = EDGE_CURVE ( 'NONE', #3956, #567, #4850, .T. ) ;
#1251 = VERTEX_POINT ( 'NONE', #4094 ) ;
#1252 = DIRECTION ( 'NONE',  ( 0.000000000000000000, 0.000000000000000000, -1.000000000000000000 ) ) ;
#1253 = LINE ( 'NONE', #5165, #4453 ) ;
#1254 = AXIS2_PLACEMENT_3D ( 'NONE', #2825, #4947, #585 ) ;
#1255 = DIRECTION ( 'NONE',  ( -0.000000000000000000, 1.000000000000000000, -0.000000000000000000 ) ) ;
#1256 = CARTESIAN_POINT ( 'NONE',  ( -21.29999999999999716, 0.000000000000000000, 8.249999999999985789 ) ) ;
#1257 = VERTEX_POINT ( 'NONE', #1092 ) ;
#1258 = ORIENTED_EDGE ( 'NONE', *, *, #1673, .F. ) ;
#1259 = AXIS2_PLACEMENT_3D ( 'NONE', #4238, #6186, #4785 ) ;
#1260 = FACE_OUTER_BOUND ( 'NONE', #2452, .T. ) ;
#1261 = ORIENTED_EDGE ( 'NONE', *, *, #5034, .F. ) ;
#1262 = CARTESIAN_POINT ( 'NONE',  ( -13.90000000000001279, -1.000000000000000000, -3.452947483310167141E-15 ) ) ;
#1263 = CARTESIAN_POINT ( 'NONE',  ( 19.05569537833590843, 18.80809989862352793, -17.75928256305599717 ) ) ;
#1264 = DIRECTION ( 'NONE',  ( -0.000000000000000000, -1.000000000000000000, -0.000000000000000000 ) ) ;
#1265 = EDGE_CURVE ( 'NONE', #3121, #3637, #1961, .T. ) ;
#1266 = VECTOR ( 'NONE', #1860, 1000.000000000000000 ) ;
#1267 =( BOUNDED_SURFACE ( )  B_SPLINE_SURFACE ( 3, 2, ( 
 ( #5767, #1808, #5219 ),
 ( #2396, #6238, #4839 ),
 ( #3843, #834, #1840 ),
 ( #449, #355, #1275 ),
 ( #1376, #5318, #5800 ),
 ( #2259, #4357, #2295 ),
 ( #2773, #4228, #1906 ),
 ( #6209, #421, #1408 ),
 ( #2809, #3777, #3221 ),
 ( #1308, #3256, #6302 ),
 ( #4736, #5183, #2741 ),
 ( #3809, #4264, #3871 ),
 ( #3744, #3356, #4778 ),
 ( #4810, #6176, #3323 ),
 ( #5285, #899, #2839 ),
 ( #5735, #2361, #927 ),
 ( #801, #1342, #6271 ),
 ( #4322, #4705, #3287 ),
 ( #1875, #5250, #865 ),
 ( #2873, #390, #318 ) ),
 .UNSPECIFIED., .F., .F., .F. ) 
 B_SPLINE_SURFACE_WITH_KNOTS ( ( 4, 2, 2, 2, 2, 2, 2, 2, 2, 4 ),
 ( 3, 3 ),
 ( 4.712388980384689674, 4.908738521234051966, 5.105088062083414258, 5.301437602932775661, 5.497787143782137953, 5.694136684631500245, 5.890486225480861648, 6.086835766330223940, 6.185010536754905530, 6.283185307179586232 ),
 ( 0.000000000000000000, 1.000000000000000000 ),
 .UNSPECIFIED. ) 
 GEOMETRIC_REPRESENTATION_ITEM ( )  RATIONAL_B_SPLINE_SURFACE ( (
 ( 1.000000000000000000, 1.000000000000000000, 1.000000000000000000),
 ( 1.000000000000000000, 1.000009747438936003, 1.000000000000000000),
 ( 1.000000000000000000, 0.9967613230916871903, 1.000000000000000000),
 ( 1.000000000000000000, 0.9841171518560536402, 1.000000000000000000),
 ( 1.000000000000000000, 0.9747108014071170778, 1.000000000000000000),
 ( 1.000000000000000000, 0.9506740383551965934, 1.000000000000000000),
 ( 1.000000000000000000, 0.9360421792726154600, 1.000000000000000000),
 ( 1.000000000000000000, 0.9031651044137801732, 1.000000000000000000),
 ( 1.000000000000000000, 0.8849191394644404518, 1.000000000000000000),
 ( 1.000000000000000000, 0.8471316681044391839, 1.000000000000000000),
 ( 1.000000000000000000, 0.8275942589162009755, 1.000000000000000000),
 ( 1.000000000000000000, 0.7902180193271395314, 1.000000000000000000),
 ( 1.000000000000000000, 0.7723968094988262756, 1.000000000000000000),
 ( 1.000000000000000000, 0.7418334301983788848, 1.000000000000000000),
 ( 1.000000000000000000, 0.7291288848862664818, 1.000000000000000000),
 ( 1.000000000000000000, 0.7160917299643544398, 1.000000000000000000),
 ( 1.000000000000000000, 0.7127418050326708165, 1.000000000000000000),
 ( 1.000000000000000000, 0.7082489477862095040, 1.000000000000000000),
 ( 1.000000000000000000, 0.7071044350385067290, 1.000000000000000000),
 ( 1.000000000000000000, 0.7071067811865475727, 1.000000000000000000) ) ) 
 REPRESENTATION_ITEM ( '' )  SURFACE ( )  );
#1268 = VERTEX_POINT ( 'NONE', #1624 ) ;
#1269 = VERTEX_POINT ( 'NONE', #2559 ) ;
#1270 = EDGE_LOOP ( 'NONE', ( #4960, #1012, #6327 ) ) ;
#1271 = CIRCLE ( 'NONE', #5060, 0.6999999999999975131 ) ;
#1272 = DIRECTION ( 'NONE',  ( -0.000000000000000000, -0.000000000000000000, 1.000000000000000000 ) ) ;
#1273 = DIRECTION ( 'NONE',  ( 0.000000000000000000, 0.000000000000000000, -1.000000000000000000 ) ) ;
#1274 = EDGE_CURVE ( 'NONE', #2245, #265, #4606, .T. ) ;
#1275 = CARTESIAN_POINT ( 'NONE',  ( -19.05569537833614646, 18.80809989862352083, -17.75928256305578756 ) ) ;
#1276 = CARTESIAN_POINT ( 'NONE',  ( -13.90000000000001279, 2.000000000000000000, -3.452947483310167141E-15 ) ) ;
#1277 = AXIS2_PLACEMENT_3D ( 'NONE', #5349, #3870, #4873 ) ;
#1278 = ORIENTED_EDGE ( 'NONE', *, *, #2788, .F. ) ;
#1279 = CARTESIAN_POINT ( 'NONE',  ( 17.50000000000000711, 2.000000000000000000, -15.00000000000000178 ) ) ;
#1280 = EDGE_CURVE ( 'NONE', #1268, #4504, #5656, .T. ) ;
#1281 = DIRECTION ( 'NONE',  ( -1.047444401652940007E-14, 0.000000000000000000, -1.000000000000000000 ) ) ;
#1282 = PLANE ( 'NONE',  #5419 ) ;
#1283 = LINE ( 'NONE', #776, #341 ) ;
#1284 = EDGE_LOOP ( 'NONE', ( #4225, #1491, #4252, #4994 ) ) ;
#1285 = CIRCLE ( 'NONE', #5695, 1.100000000000000311 ) ;
#1286 = ORIENTED_EDGE ( 'NONE', *, *, #4941, .T. ) ;
#1287 = DIRECTION ( 'NONE',  ( -0.000000000000000000, 0.000000000000000000, 1.000000000000000000 ) ) ;
#1288 = CARTESIAN_POINT ( 'NONE',  ( -4.750000000000000888, 0.000000000000000000, -6.150000000000003908 ) ) ;
#1289 = PLANE ( 'NONE',  #1043 ) ;
#1290 = CARTESIAN_POINT ( 'NONE',  ( 21.19346694644530871, 18.06882508381134045, 21.19346694644528029 ) ) ;
#1291 = DIRECTION ( 'NONE',  ( 0.000000000000000000, 0.000000000000000000, -1.000000000000000000 ) ) ;
#1292 = ORIENTED_EDGE ( 'NONE', *, *, #525, .F. ) ;
#1293 = VECTOR ( 'NONE', #2880, 1000.000000000000000 ) ;
#1294 = LINE ( 'NONE', #1726, #5252 ) ;
#1295 = EDGE_CURVE ( 'NONE', #5797, #2118, #3819, .T. ) ;
#1296 = CARTESIAN_POINT ( 'NONE',  ( -17.50000000000000711, 2.000000000000000000, 17.50000000000001421 ) ) ;
#1297 = ORIENTED_EDGE ( 'NONE', *, *, #2288, .T. ) ;
#1298 = DIRECTION ( 'NONE',  ( 1.000000000000000000, 0.000000000000000000, -0.000000000000000000 ) ) ;
#1299 = CARTESIAN_POINT ( 'NONE',  ( 18.44892610094868601, 14.93329400291702491, -23.19355660569157962 ) ) ;
#1300 = DIRECTION ( 'NONE',  ( -0.000000000000000000, -0.000000000000000000, 1.000000000000000000 ) ) ;
#1301 = ADVANCED_FACE ( 'NONE', ( #365 ), #2303, .F. ) ;
#1302 = CARTESIAN_POINT ( 'NONE',  ( -23.30809990441584745, 6.444304650784043353, 18.46801665073600418 ) ) ;
#1303 = ORIENTED_EDGE ( 'NONE', *, *, #5112, .T. ) ;
#1304 = ORIENTED_EDGE ( 'NONE', *, *, #2525, .T. ) ;
#1305 = ORIENTED_EDGE ( 'NONE', *, *, #4391, .F. ) ;
#1306 = CARTESIAN_POINT ( 'NONE',  ( -22.50000000000018474, 21.00000000000000355, -17.49999999999976552 ) ) ;
#1307 = FACE_OUTER_BOUND ( 'NONE', #4223, .T. ) ;
#1308 = CARTESIAN_POINT ( 'NONE',  ( -18.25338680665041480, 16.96496053433752849, -22.02032083990086875 ) ) ;
#1309 = DIRECTION ( 'NONE',  ( -0.000000000000000000, 1.000000000000000000, 0.000000000000000000 ) ) ;
#1310 = VECTOR ( 'NONE', #5463, 1000.000000000000000 ) ;
#1311 = EDGE_CURVE ( 'NONE', #3596, #728, #129, .T. ) ;
#1312 = ORIENTED_EDGE ( 'NONE', *, *, #1444, .F. ) ;
#1313 = VECTOR ( 'NONE', #2074, 1000.000000000000000 ) ;
#1314 = CARTESIAN_POINT ( 'NONE',  ( -18.50000000000025935, 8.000000000000000000, -23.49999999999981526 ) ) ;
#1315 = VECTOR ( 'NONE', #4541, 1000.000000000000000 ) ;
#1316 = FACE_OUTER_BOUND ( 'NONE', #238, .T. ) ;
#1317 = CARTESIAN_POINT ( 'NONE',  ( 21.15993871915396696, 3.229354225011805912, 18.10998978652555635 ) ) ;
#1318 = CARTESIAN_POINT ( 'NONE',  ( 3.887357607529844343E-15, 22.35000000000000142, -23.25000000000000000 ) ) ;
#1319 = EDGE_LOOP ( 'NONE', ( #5596, #3416 ) ) ;
#1320 = CYLINDRICAL_SURFACE ( 'NONE', #2435, 1.100000000000000311 ) ;
#1321 = CARTESIAN_POINT ( 'NONE',  ( 27.50000000000000000, 19.00000000000000355, 0.000000000000000000 ) ) ;
#1322 = LINE ( 'NONE', #847, #4739 ) ;
#1323 = CARTESIAN_POINT ( 'NONE',  ( 21.15993871915405222, 17.77064577498813946, 18.10998978652555635 ) ) ;
#1324 = AXIS2_PLACEMENT_3D ( 'NONE', #3848, #34, #485 ) ;
#1325 = CARTESIAN_POINT ( 'NONE',  ( -23.01889895879262227, 15.70410048036623429, 23.01889895879262937 ) ) ;
#1326 = ORIENTED_EDGE ( 'NONE', *, *, #5661, .F. ) ;
#1327 = CARTESIAN_POINT ( 'NONE',  ( 22.50000000000000000, 21.00000000000000355, -27.50000000000000000 ) ) ;
#1328 = EDGE_CURVE ( 'NONE', #2101, #3005, #1283, .T. ) ;
#1329 = VERTEX_POINT ( 'NONE', #5161 ) ;
#1330 = DIRECTION ( 'NONE',  ( -0.000000000000000000, -0.000000000000000000, 1.000000000000000000 ) ) ;
#1331 = CARTESIAN_POINT ( 'NONE',  ( 22.70698956635570553, 16.00690408648998542, -18.36783159439261226 ) ) ;
#1332 = DIRECTION ( 'NONE',  ( 0.000000000000000000, 0.000000000000000000, -1.000000000000000000 ) ) ;
#1333 = CARTESIAN_POINT ( 'NONE',  ( -17.95962937830961792, 2.006213447507048997, 17.95962937830993411 ) ) ;
#1334 = ORIENTED_EDGE ( 'NONE', *, *, #4859, .T. ) ;
#1335 = VECTOR ( 'NONE', #2189, 1000.000000000000000 ) ;
#1336 = EDGE_CURVE ( 'NONE', #2039, #4713, #877, .T. ) ;
#1337 = ORIENTED_EDGE ( 'NONE', *, *, #995, .F. ) ;
#1338 = ADVANCED_FACE ( 'NONE', ( #4199 ), #4750, .T. ) ;
#1339 = ORIENTED_EDGE ( 'NONE', *, *, #4063, .F. ) ;
#1340 = CARTESIAN_POINT ( 'NONE',  ( -15.00000000000024691, 19.00000000000000355, -23.49999999999985434 ) ) ;
#1341 = CARTESIAN_POINT ( 'NONE',  ( 13.90000000000001279, 0.000000000000000000, -3.452947483310167141E-15 ) ) ;
#1342 = CARTESIAN_POINT ( 'NONE',  ( -23.37365715857681892, 14.41676346881562409, -23.37365715857632864 ) ) ;
#1343 = APPLICATION_CONTEXT ( 'automotive_design' ) ;
#1344 = ORIENTED_EDGE ( 'NONE', *, *, #2525, .F. ) ;
#1345 = AXIS2_PLACEMENT_3D ( 'NONE', #6174, #3321, #5700 ) ;
#1346 = CARTESIAN_POINT ( 'NONE',  ( -26.00000000000000355, 2.864466094067262159, 0.2855339059327391404 ) ) ;
#1347 = ADVANCED_FACE ( 'NONE', ( #3817 ), #2200, .T. ) ;
#1348 = DIRECTION ( 'NONE',  ( 0.000000000000000000, -1.000000000000000000, 0.000000000000000000 ) ) ;
#1349 = CARTESIAN_POINT ( 'NONE',  ( 20.26721574755792332, 2.432907249023355423, 20.26721574755803346 ) ) ;
#1350 = FACE_OUTER_BOUND ( 'NONE', #2411, .T. ) ;
#1351 = ORIENTED_EDGE ( 'NONE', *, *, #2576, .T. ) ;
#1352 = AXIS2_PLACEMENT_3D ( 'NONE', #1118, #5035, #6059 ) ;
#1353 = DIRECTION ( 'NONE',  ( 0.000000000000000000, 0.000000000000000000, 1.000000000000000000 ) ) ;
#1354 = LINE ( 'NONE', #4755, #5441 ) ;
#1355 = EDGE_CURVE ( 'NONE', #1803, #4124, #853, .T. ) ;
#1356 = DIRECTION ( 'NONE',  ( 0.000000000000000000, -1.000000000000000000, 0.000000000000000000 ) ) ;
#1357 = CARTESIAN_POINT ( 'NONE',  ( 18.39883296407412061, 15.65890718546431692, 22.89299778444371469 ) ) ;
#1358 = CIRCLE ( 'NONE', #4520, 0.6999999999999992895 ) ;
#1359 = DIRECTION ( 'NONE',  ( 0.000000000000000000, -1.000000000000000000, 0.000000000000000000 ) ) ;
#1360 = CYLINDRICAL_SURFACE ( 'NONE', #3820, 6.000000000000000000 ) ;
#1361 = FACE_OUTER_BOUND ( 'NONE', #2180, .T. ) ;
#1362 = ORIENTED_EDGE ( 'NONE', *, *, #2454, .F. ) ;
#1363 = AXIS2_PLACEMENT_3D ( 'NONE', #1693, #1218, #750 ) ;
#1364 = CARTESIAN_POINT ( 'NONE',  ( 17.50000000000000711, 19.00000000000000355, -17.50000000000001421 ) ) ;
#1365 = CARTESIAN_POINT ( 'NONE',  ( 15.60000000000000142, 15.75000000000003553, -23.25000000000000000 ) ) ;
#1366 = DIRECTION ( 'NONE',  ( -0.000000000000000000, -1.000000000000000000, -0.000000000000000000 ) ) ;
#1367 = ORIENTED_EDGE ( 'NONE', *, *, #1525, .F. ) ;
#1368 = AXIS2_PLACEMENT_3D ( 'NONE', #6310, #426, #994 ) ;
#1369 = ORIENTED_EDGE ( 'NONE', *, *, #3072, .T. ) ;
#1370 = AXIS2_PLACEMENT_3D ( 'NONE', #4269, #6213, #5869 ) ;
#1371 = VERTEX_POINT ( 'NONE', #741 ) ;
#1372 = EDGE_CURVE ( 'NONE', #4311, #437, #6147, .T. ) ;
#1373 = ORIENTED_EDGE ( 'NONE', *, *, #81, .F. ) ;
#1374 = CARTESIAN_POINT ( 'NONE',  ( -27.50000000000000355, 14.93553390593273633, -11.78553390593273598 ) ) ;
#1375 = CARTESIAN_POINT ( 'NONE',  ( 26.00000000000000355, 18.47106781186547053, -13.24999999999999822 ) ) ;
#1376 = CARTESIAN_POINT ( 'NONE',  ( -17.82221566379941535, 18.69355661402630631, -19.43329398279500708 ) ) ;
#1377 = EDGE_CURVE ( 'NONE', #398, #812, #291, .T. ) ;
#1378 = ORIENTED_EDGE ( 'NONE', *, *, #3085, .F. ) ;
#1379 = CIRCLE ( 'NONE', #6081, 6.000000000000000000 ) ;
#1380 = CARTESIAN_POINT ( 'NONE',  ( 22.50000000000004263, 19.00000000000000355, 12.49999999999992184 ) ) ;
#1381 = AXIS2_PLACEMENT_3D ( 'NONE', #1551, #3418, #5409 ) ;
#1382 = LINE ( 'NONE', #5774, #4326 ) ;
#1383 = CARTESIAN_POINT ( 'NONE',  ( -3.799999999999997602, 15.75000000000000000, -23.25000000000000000 ) ) ;
#1384 = DIRECTION ( 'NONE',  ( 1.000000000000000000, 0.000000000000000000, 0.000000000000000000 ) ) ;
#1385 = EDGE_CURVE ( 'NONE', #358, #2632, #6244, .T. ) ;
#1386 = ORIENTED_EDGE ( 'NONE', *, *, #1892, .T. ) ;
#1387 = AXIS2_PLACEMENT_3D ( 'NONE', #3234, #296, #5615 ) ;
#1388 = LINE ( 'NONE', #6282, #6120 ) ;
#1389 = DIRECTION ( 'NONE',  ( -1.000000000000000000, 0.000000000000000000, 0.000000000000000000 ) ) ;
#1390 = CYLINDRICAL_SURFACE ( 'NONE', #2668, 6.000000000000000000 ) ;
#1391 = CARTESIAN_POINT ( 'NONE',  ( -18.50000000000025935, 2.000000000000001776, -23.49999999999981526 ) ) ;
#1392 = CARTESIAN_POINT ( 'NONE',  ( 12.50000000000006040, 19.00000000000000355, 17.49999999999995737 ) ) ;
#1393 = ORIENTED_EDGE ( 'NONE', *, *, #5467, .F. ) ;
#1394 = EDGE_CURVE ( 'NONE', #3033, #167, #6215, .T. ) ;
#1395 = LINE ( 'NONE', #4310, #5468 ) ;
#1396 = ORIENTED_EDGE ( 'NONE', *, *, #2041, .T. ) ;
#1397 = CARTESIAN_POINT ( 'NONE',  ( -14.09999999999999609, 15.75000000000000000, -23.25000000000000000 ) ) ;
#1398 = CARTESIAN_POINT ( 'NONE',  ( 20.15890720558587645, 18.39299777610915143, -17.94315120093099836 ) ) ;
#1399 = DIRECTION ( 'NONE',  ( -6.802837160693362624E-16, 0.000000000000000000, 1.000000000000000000 ) ) ;
#1400 = VECTOR ( 'NONE', #320, 1000.000000000000000 ) ;
#1401 = CARTESIAN_POINT ( 'NONE',  ( -22.70698956635555987, 4.993095913509804973, 18.36783159439263358 ) ) ;
#1402 = ORIENTED_EDGE ( 'NONE', *, *, #3750, .F. ) ;
#1403 = ORIENTED_EDGE ( 'NONE', *, *, #2379, .F. ) ;
#1404 = ADVANCED_FACE ( 'NONE', ( #5641 ), #4161, .F. ) ;
#1405 = ORIENTED_EDGE ( 'NONE', *, *, #4848, .F. ) ;
#1406 = CARTESIAN_POINT ( 'NONE',  ( -12.69999999999999574, 1.399999999999999911, -8.597458788255783673E-15 ) ) ;
#1407 = DIRECTION ( 'NONE',  ( 0.000000000000000000, 0.000000000000000000, 1.000000000000000000 ) ) ;
#1408 = CARTESIAN_POINT ( 'NONE',  ( -21.15993871915410907, 17.77064577498818920, -18.10998978652541069 ) ) ;
#1409 = ORIENTED_EDGE ( 'NONE', *, *, #3428, .T. ) ;
#1410 = CARTESIAN_POINT ( 'NONE',  ( -5.000000000000000000, 0.1000000000000000056, 6.650000000000005684 ) ) ;
#1411 = VECTOR ( 'NONE', #151, 1000.000000000000000 ) ;
#1412 = CARTESIAN_POINT ( 'NONE',  ( -23.50000000000001066, 8.000000000000000000, 18.50000000000001066 ) ) ;
#1413 = DIRECTION ( 'NONE',  ( 0.000000000000000000, 0.000000000000000000, -1.000000000000000000 ) ) ;
#1414 = CARTESIAN_POINT ( 'NONE',  ( -6.099999999999997868, 15.75000000000000000, -15.25000000000000000 ) ) ;
#1415 = AXIS2_PLACEMENT_3D ( 'NONE', #2252, #1264, #2831 ) ;
#1416 = EDGE_LOOP ( 'NONE', ( #2233, #5066 ) ) ;
#1417 = CIRCLE ( 'NONE', #5095, 0.7999999999999986011 ) ;
#1418 = CARTESIAN_POINT ( 'NONE',  ( -19.50000000000000355, 23.39999999999999858, -15.25000000000000000 ) ) ;
#1419 = CARTESIAN_POINT ( 'NONE',  ( -15.59999999999999787, 15.75000000000000000, -13.24999999999999822 ) ) ;
#1420 = CARTESIAN_POINT ( 'NONE',  ( 21.83796581139421278, 17.52032802228863773, 21.83796581139392501 ) ) ;
#1421 = CIRCLE ( 'NONE', #4580, 8.000000000000000000 ) ;
#1422 = CARTESIAN_POINT ( 'NONE',  ( -21.46496053433778073, 3.479679160099003354, -18.16082675572270233 ) ) ;
#1423 = DIRECTION ( 'NONE',  ( 0.000000000000000000, -1.000000000000000000, 0.000000000000000000 ) ) ;
#1424 = EDGE_LOOP ( 'NONE', ( #996, #3112, #5129, #581 ) ) ;
#1425 = DIRECTION ( 'NONE',  ( 1.000000000000000000, 0.000000000000000000, -1.278740865116515653E-14 ) ) ;
#1426 = CARTESIAN_POINT ( 'NONE',  ( 8.300000000000002487, 15.75000000000002132, -15.25000000000000000 ) ) ;
#1427 = CYLINDRICAL_SURFACE ( 'NONE', #2732, 8.100000000000003197 ) ;
#1428 = CARTESIAN_POINT ( 'NONE',  ( -18.00115067951358583, 2.793010427357272896, 20.50690407708078666 ) ) ;
#1429 = LINE ( 'NONE', #2296, #3024 ) ;
#1430 = EDGE_LOOP ( 'NONE', ( #4646, #1367, #1213, #3319 ) ) ;
#1431 = EDGE_LOOP ( 'NONE', ( #725, #1636, #5156, #6171 ) ) ;
#1432 = ORIENTED_EDGE ( 'NONE', *, *, #2440, .F. ) ;
#1433 = CARTESIAN_POINT ( 'NONE',  ( -17.50000000000000000, 21.00000000000000355, 27.50000000000000000 ) ) ;
#1434 = CARTESIAN_POINT ( 'NONE',  ( 27.50000000000000355, 0.1000000000000000472, -13.75000000000000000 ) ) ;
#1435 = CARTESIAN_POINT ( 'NONE',  ( 15.00000000000000178, 19.00000000000000355, -23.50000000000001421 ) ) ;
#1436 = EDGE_CURVE ( 'NONE', #3458, #5139, #3265, .T. ) ;
#1437 = ORIENTED_EDGE ( 'NONE', *, *, #3401, .T. ) ;
#1438 =( BOUNDED_SURFACE ( )  B_SPLINE_SURFACE ( 3, 2, ( 
 ( #609, #1114, #4060 ),
 ( #1533, #5001, #5962 ),
 ( #2551, #3517, #5481 ),
 ( #125, #4028, #5995 ),
 ( #1589, #6027, #6295 ),
 ( #1302, #5311, #383 ),
 ( #1802, #2287, #6202 ),
 ( #892, #2832, #1833 ),
 ( #1401, #857, #1899 ),
 ( #4831, #4348, #3348 ),
 ( #3864, #920, #4729 ),
 ( #346, #4802, #4220 ),
 ( #5824, #2801, #5793 ),
 ( #4258, #2864, #1428 ),
 ( #2354, #442, #3800 ),
 ( #2764, #2321, #5091 ),
 ( #6232, #3770, #5758 ),
 ( #5729, #1333, #3738 ),
 ( #3280, #2386, #828 ),
 ( #703, #414, #3315 ) ),
 .UNSPECIFIED., .F., .F., .F. ) 
 B_SPLINE_SURFACE_WITH_KNOTS ( ( 4, 2, 2, 2, 2, 2, 2, 2, 2, 4 ),
 ( 3, 3 ),
 ( 3.141592653589793116, 3.239767424014474262, 3.337942194439155408, 3.534291735288517255, 3.730641276137879103, 3.926990816987241395, 4.123340357836603687, 4.319689898685965090, 4.516039439535327382, 4.712388980384689674 ),
 ( 0.000000000000000000, 1.000000000000000000 ),
 .UNSPECIFIED. ) 
 GEOMETRIC_REPRESENTATION_ITEM ( )  RATIONAL_B_SPLINE_SURFACE ( (
 ( 1.000000000000000000, 0.7071067811865475727, 1.000000000000000000),
 ( 1.000000000000000000, 0.7071044350385069510, 1.000000000000000000),
 ( 1.000000000000000000, 0.7082489477862088378, 1.000000000000000000),
 ( 1.000000000000000000, 0.7127418050326717047, 1.000000000000000000),
 ( 1.000000000000000000, 0.7160917299643506650, 1.000000000000000000),
 ( 1.000000000000000000, 0.7291288848862734762, 1.000000000000000000),
 ( 1.000000000000000000, 0.7418334301983664503, 1.000000000000000000),
 ( 1.000000000000000000, 0.7723968094988371558, 1.000000000000000000),
 ( 1.000000000000000000, 0.7902180193271468589, 1.000000000000000000),
 ( 1.000000000000000000, 0.8275942589161940921, 1.000000000000000000),
 ( 1.000000000000000000, 0.8471316681044469554, 1.000000000000000000),
 ( 1.000000000000000000, 0.8849191394644304598, 1.000000000000000000),
 ( 1.000000000000000000, 0.9031651044137659623, 1.000000000000000000),
 ( 1.000000000000000000, 0.9360421792726296708, 1.000000000000000000),
 ( 1.000000000000000000, 0.9506740383552012563, 1.000000000000000000),
 ( 1.000000000000000000, 0.9747108014071118598, 1.000000000000000000),
 ( 1.000000000000000000, 0.9841171518560533071, 1.000000000000000000),
 ( 1.000000000000000000, 0.9967613230916868572, 1.000000000000000000),
 ( 1.000000000000000000, 1.000009747438936669, 1.000000000000000000),
 ( 1.000000000000000000, 1.000000000000000000, 1.000000000000000000) ) ) 
 REPRESENTATION_ITEM ( '' )  SURFACE ( )  );
#1439 = CARTESIAN_POINT ( 'NONE',  ( -21.29999999999999716, 1.399999999999999911, 9.849999999999983658 ) ) ;
#1440 = CARTESIAN_POINT ( 'NONE',  ( -21.01471862576143579, 2.000000000000001332, 18.08578643762691840 ) ) ;
#1441 = CARTESIAN_POINT ( 'NONE',  ( -19.50000000000000355, 23.39999999999999858, 0.000000000000000000 ) ) ;
#1442 = DIRECTION ( 'NONE',  ( -1.000000000000000000, 0.000000000000000000, 0.000000000000000000 ) ) ;
#1443 = CIRCLE ( 'NONE', #732, 8.100000000000003197 ) ;
#1444 = EDGE_CURVE ( 'NONE', #1583, #4812, #5678, .T. ) ;
#1445 = EDGE_LOOP ( 'NONE', ( #6047, #2737, #17, #5079, #4937, #3779, #3071, #2477 ) ) ;
#1446 = ADVANCED_FACE ( 'NONE', ( #2816 ), #4712, .F. ) ;
#1447 = DIRECTION ( 'NONE',  ( -1.000000000000000000, 0.000000000000000000, 3.491481338843133355E-15 ) ) ;
#1448 = DIRECTION ( 'NONE',  ( 1.000000000000000000, 0.000000000000000000, -5.782411586589354878E-15 ) ) ;
#1449 = DIRECTION ( 'NONE',  ( 1.000000000000000000, 0.000000000000000000, 0.000000000000000000 ) ) ;
#1450 = ADVANCED_FACE ( 'NONE', ( #1350 ), #2268, .F. ) ;
#1451 = CARTESIAN_POINT ( 'NONE',  ( -17.94315120093120797, 2.607002223890483972, -20.15890720558480353 ) ) ;
#1452 = EDGE_CURVE ( 'NONE', #3932, #5406, #5261, .T. ) ;
#1453 = DIRECTION ( 'NONE',  ( 0.000000000000000000, -1.000000000000000000, 0.000000000000000000 ) ) ;
#1454 = EDGE_LOOP ( 'NONE', ( #4565, #3652, #4175, #1461, #1482, #1017, #1834, #4151 ) ) ;
#1455 = CARTESIAN_POINT ( 'NONE',  ( 17.50000000000000711, 8.000000000000000000, -15.00000000000000178 ) ) ;
#1456 = CYLINDRICAL_SURFACE ( 'NONE', #367, 5.000000000000000888 ) ;
#1457 = AXIS2_PLACEMENT_3D ( 'NONE', #5854, #3981, #2418 ) ;
#1458 = CARTESIAN_POINT ( 'NONE',  ( -22.50000000000000355, 0.000000000000000000, 8.250000000000003553 ) ) ;
#1459 = CARTESIAN_POINT ( 'NONE',  ( -6.799999999999997158, 15.75000000000000000, -15.25000000000000000 ) ) ;
#1460 = VERTEX_POINT ( 'NONE', #4936 ) ;
#1461 = ORIENTED_EDGE ( 'NONE', *, *, #5047, .T. ) ;
#1462 = ADVANCED_FACE ( 'NONE', ( #2494 ), #69, .T. ) ;
#1463 = EDGE_LOOP ( 'NONE', ( #5023, #1230, #5906, #613 ) ) ;
#1464 = LINE ( 'NONE', #5379, #4219 ) ;
#1465 = CARTESIAN_POINT ( 'NONE',  ( 0.000000000000000000, 2.000000000000000000, 15.00000000000000178 ) ) ;
#1466 = DIRECTION ( 'NONE',  ( 0.000000000000000000, -0.000000000000000000, -1.000000000000000000 ) ) ;
#1467 = VECTOR ( 'NONE', #3718, 1000.000000000000000 ) ;
#1468 = ORIENTED_EDGE ( 'NONE', *, *, #5015, .T. ) ;
#1469 = EDGE_CURVE ( 'NONE', #1185, #5721, #5360, .T. ) ;
#1470 = CYLINDRICAL_SURFACE ( 'NONE', #5158, 5.000000000000000888 ) ;
#1471 = DIRECTION ( 'NONE',  ( -1.000000000000000000, 0.000000000000000000, 0.000000000000000000 ) ) ;
#1472 = CARTESIAN_POINT ( 'NONE',  ( -4.000000000000000000, 0.1000000000000000056, 9.250000000000005329 ) ) ;
#1473 = CIRCLE ( 'NONE', #2292, 6.000000000000000000 ) ;
#1474 = DIRECTION ( 'NONE',  ( 0.000000000000000000, 0.000000000000000000, 1.000000000000000000 ) ) ;
#1475 =( BOUNDED_CURVE ( )  B_SPLINE_CURVE ( 3, ( #1412, #4363, #1440, #5356 ),
 .UNSPECIFIED., .F., .T. ) 
 B_SPLINE_CURVE_WITH_KNOTS ( ( 4, 4 ),
 ( 3.141592653589793116, 4.712388980384689674 ),
 .UNSPECIFIED. ) 
 CURVE ( )  GEOMETRIC_REPRESENTATION_ITEM ( )  RATIONAL_B_SPLINE_CURVE ( ( 1.000000000000000000, 0.8047378541243649375, 0.8047378541243649375, 1.000000000000000000 ) ) 
 REPRESENTATION_ITEM ( '' )  );
#1476 = ORIENTED_EDGE ( 'NONE', *, *, #819, .F. ) ;
#1477 = AXIS2_PLACEMENT_3D ( 'NONE', #1079, #505, #6301 ) ;
#1478 = CARTESIAN_POINT ( 'NONE',  ( 5.503891382404351928E-15, 9.149999999999998579, -23.25000000000000000 ) ) ;
#1479 = CARTESIAN_POINT ( 'NONE',  ( 23.30809990441584745, 6.444304650784043353, -18.46801665073600418 ) ) ;
#1480 = DIRECTION ( 'NONE',  ( 0.000000000000000000, -1.000000000000000000, 0.000000000000000000 ) ) ;
#1481 = CARTESIAN_POINT ( 'NONE',  ( -21.19346694644581319, 2.931174916188777235, -21.19346694644535845 ) ) ;
#1482 = ORIENTED_EDGE ( 'NONE', *, *, #3802, .F. ) ;
#1483 = ORIENTED_EDGE ( 'NONE', *, *, #6284, .T. ) ;
#1484 = CARTESIAN_POINT ( 'NONE',  ( 18.50000000000007816, 13.00000000000000355, 18.49999999999994671 ) ) ;
#1485 = ORIENTED_EDGE ( 'NONE', *, *, #4617, .T. ) ;
#1486 = DIRECTION ( 'NONE',  ( 0.000000000000000000, -0.000000000000000000, -1.000000000000000000 ) ) ;
#1487 = DIRECTION ( 'NONE',  ( 1.000000000000000000, 0.000000000000000000, 0.000000000000000000 ) ) ;
#1488 = LINE ( 'NONE', #5434, #1143 ) ;
#1489 = CARTESIAN_POINT ( 'NONE',  ( 0.000000000000000000, 0.000000000000000000, 0.000000000000000000 ) ) ;
#1490 = EDGE_CURVE ( 'NONE', #1960, #1729, #3919, .T. ) ;
#1491 = ORIENTED_EDGE ( 'NONE', *, *, #5720, .F. ) ;
#1492 = ORIENTED_EDGE ( 'NONE', *, *, #3117, .F. ) ;
#1493 = ORIENTED_EDGE ( 'NONE', *, *, #1771, .F. ) ;
#1494 = CARTESIAN_POINT ( 'NONE',  ( -18.50000000000001066, 16.51471862576143224, 23.50000000000001776 ) ) ;
#1495 = FACE_BOUND ( 'NONE', #54, .T. ) ;
#1496 = CIRCLE ( 'NONE', #5386, 1.100000000000000311 ) ;
#1497 = DIRECTION ( 'NONE',  ( -1.000000000000000000, 0.000000000000000000, 0.000000000000000000 ) ) ;
#1498 = ADVANCED_FACE ( 'NONE', ( #4456 ), #2404, .F. ) ;
#1499 = VERTEX_POINT ( 'NONE', #6279 ) ;
#1500 = ORIENTED_EDGE ( 'NONE', *, *, #1059, .F. ) ;
#1501 = DIRECTION ( 'NONE',  ( 0.000000000000000000, 1.000000000000000000, 0.000000000000000000 ) ) ;
#1502 = DIRECTION ( 'NONE',  ( -0.000000000000000000, 0.000000000000000000, 1.000000000000000000 ) ) ;
#1503 = CYLINDRICAL_SURFACE ( 'NONE', #4842, 5.000000000000000888 ) ;
#1504 = FACE_BOUND ( 'NONE', #813, .T. ) ;
#1505 = DIRECTION ( 'NONE',  ( 0.000000000000000000, 0.000000000000000000, -1.000000000000000000 ) ) ;
#1506 = ORIENTED_EDGE ( 'NONE', *, *, #98, .T. ) ;
#1507 = CARTESIAN_POINT ( 'NONE',  ( 26.00000000000000355, 2.864466094067262159, 0.2855339059327393625 ) ) ;
#1508 = EDGE_CURVE ( 'NONE', #572, #3984, #549, .T. ) ;
#1509 = CARTESIAN_POINT ( 'NONE',  ( 17.50000000000000000, 19.00000000000000355, -12.49999999999999822 ) ) ;
#1510 = FACE_OUTER_BOUND ( 'NONE', #4708, .T. ) ;
#1511 = CARTESIAN_POINT ( 'NONE',  ( -17.95962937830996609, 2.006213447507495751, -17.95962937830957173 ) ) ;
#1512 = VECTOR ( 'NONE', #141, 1000.000000000000000 ) ;
#1513 = DIRECTION ( 'NONE',  ( 0.000000000000000000, 0.000000000000000000, -1.000000000000000000 ) ) ;
#1514 = ORIENTED_EDGE ( 'NONE', *, *, #3128, .T. ) ;
#1515 = DIRECTION ( 'NONE',  ( -0.000000000000000000, -1.000000000000000000, -0.000000000000000000 ) ) ;
#1516 = FACE_OUTER_BOUND ( 'NONE', #5347, .T. ) ;
#1517 = VECTOR ( 'NONE', #4874, 1000.000000000000000 ) ;
#1518 = CARTESIAN_POINT ( 'NONE',  ( -17.50000000000000000, 21.00000000000000355, 17.49999999999999645 ) ) ;
#1519 = DIRECTION ( 'NONE',  ( -1.047444401652940007E-14, 0.000000000000000000, -1.000000000000000000 ) ) ;
#1520 = VERTEX_POINT ( 'NONE', #3878 ) ;
#1521 = ORIENTED_EDGE ( 'NONE', *, *, #4651, .F. ) ;
#1522 = LINE ( 'NONE', #6016, #816 ) ;
#1523 = FACE_OUTER_BOUND ( 'NONE', #1754, .T. ) ;
#1524 = DIRECTION ( 'NONE',  ( 1.000000000000000000, 0.000000000000000000, 0.000000000000000000 ) ) ;
#1525 = EDGE_CURVE ( 'NONE', #3670, #55, #5421, .T. ) ;
#1526 = AXIS2_PLACEMENT_3D ( 'NONE', #1441, #5388, #2431 ) ;
#1527 = ORIENTED_EDGE ( 'NONE', *, *, #2260, .T. ) ;
#1528 = EDGE_CURVE ( 'NONE', #3437, #533, #4424, .T. ) ;
#1529 = EDGE_CURVE ( 'NONE', #533, #2524, #3456, .T. ) ;
#1530 = ORIENTED_EDGE ( 'NONE', *, *, #4418, .T. ) ;
#1531 = CARTESIAN_POINT ( 'NONE',  ( -25.00000000000015632, 2.000000000000000000, -14.99999999999973532 ) ) ;
#1532 = CARTESIAN_POINT ( 'NONE',  ( -21.30000000000000426, 0.1000000000000000056, -8.250000000000000000 ) ) ;
#1533 = CARTESIAN_POINT ( 'NONE',  ( -23.50000000000001066, 7.803650343936832101, 18.49999999999184297 ) ) ;
#1534 = DIRECTION ( 'NONE',  ( -0.000000000000000000, 1.000000000000000000, -0.000000000000000000 ) ) ;
#1535 = FACE_OUTER_BOUND ( 'NONE', #154, .T. ) ;
#1536 = ORIENTED_EDGE ( 'NONE', *, *, #1040, .F. ) ;
#1537 = ADVANCED_FACE ( 'NONE', ( #35 ), #5840, .F. ) ;
#1538 = CARTESIAN_POINT ( 'NONE',  ( -11.19999999999999751, 15.75000000000000000, -13.24999999999999822 ) ) ;
#1539 =( REPRESENTATION_RELATIONSHIP ('NONE','NONE', #2567, #4540 ) REPRESENTATION_RELATIONSHIP_WITH_TRANSFORMATION ( #3140 )SHAPE_REPRESENTATION_RELATIONSHIP( ) );
#1540 = CARTESIAN_POINT ( 'NONE',  ( 18.42791506257007228, 2.034276963138594407, -18.42791506256976319 ) ) ;
#1541 = CARTESIAN_POINT ( 'NONE',  ( -23.30809990441605350, 6.444304650784072663, -18.46801665073575194 ) ) ;
#1542 = CIRCLE ( 'NONE', #6144, 0.6999999999999992895 ) ;
#1543 = DIRECTION ( 'NONE',  ( -1.006627378688779886E-14, 0.000000000000000000, -1.000000000000000000 ) ) ;
#1544 = VERTEX_POINT ( 'NONE', #3393 ) ;
#1545 = FACE_OUTER_BOUND ( 'NONE', #1430, .T. ) ;
#1546 = CARTESIAN_POINT ( 'NONE',  ( -27.50000000000000000, 21.00000000000000355, 0.000000000000000000 ) ) ;
#1547 = DIRECTION ( 'NONE',  ( 0.000000000000000000, 0.000000000000000000, -1.000000000000000000 ) ) ;
#1548 = ORIENTED_EDGE ( 'NONE', *, *, #2400, .T. ) ;
#1549 = ORIENTED_EDGE ( 'NONE', *, *, #3908, .T. ) ;
#1550 = CARTESIAN_POINT ( 'NONE',  ( 27.50000000000000355, 14.93553390593273456, -11.78553390593273420 ) ) ;
#1551 = CARTESIAN_POINT ( 'NONE',  ( -15.00000000000001421, 8.000000000000000000, 17.50000000000001421 ) ) ;
#1552 = CARTESIAN_POINT ( 'NONE',  ( -2.880472104545584703E-13, 21.00000000000000355, -27.50000000000000000 ) ) ;
#1553 = VECTOR ( 'NONE', #3063, 1000.000000000000000 ) ;
#1554 = ORIENTED_EDGE ( 'NONE', *, *, #3134, .T. ) ;
#1555 = ORIENTED_EDGE ( 'NONE', *, *, #926, .F. ) ;
#1556 = CARTESIAN_POINT ( 'NONE',  ( -22.50000000000023448, 21.00000000000000355, -22.49999999999976197 ) ) ;
#1557 = CARTESIAN_POINT ( 'NONE',  ( -21.30000000000000426, 0.1000000000000000056, -9.849999999999997868 ) ) ;
#1558 = AXIS2_PLACEMENT_3D ( 'NONE', #2721, #1359, #1291 ) ;
#1559 = PRODUCT ( 'ultrasonic A', 'ultrasonic A', '', ( #3078 ) ) ;
#1560 = DIRECTION ( 'NONE',  ( -0.000000000000000000, 1.000000000000000000, -0.000000000000000000 ) ) ;
#1561 = DIRECTION ( 'NONE',  ( 0.000000000000000000, 1.000000000000000000, 0.000000000000000000 ) ) ;
#1562 = EDGE_LOOP ( 'NONE', ( #1083, #2093, #1305 ) ) ;
#1563 = CIRCLE ( 'NONE', #4024, 0.7999999999999986011 ) ;
#1564 = DIRECTION ( 'NONE',  ( -0.000000000000000000, -0.000000000000000000, 1.000000000000000000 ) ) ;
#1565 = LINE ( 'NONE', #3884, #1240 ) ;
#1566 = CARTESIAN_POINT ( 'NONE',  ( 17.50000000000007816, 19.00000000000000355, 17.49999999999995026 ) ) ;
#1567 = ORIENTED_EDGE ( 'NONE', *, *, #3197, .F. ) ;
#1568 = ORIENTED_EDGE ( 'NONE', *, *, #5333, .T. ) ;
#1569 = VECTOR ( 'NONE', #2128, 1000.000000000000000 ) ;
#1570 = DIRECTION ( 'NONE',  ( 0.000000000000000000, 0.000000000000000000, -1.000000000000000000 ) ) ;
#1571 = EDGE_LOOP ( 'NONE', ( #5475, #3199 ) ) ;
#1572 = FACE_OUTER_BOUND ( 'NONE', #4046, .T. ) ;
#1573 = CARTESIAN_POINT ( 'NONE',  ( 14.09999999999999787, 15.75000000000003197, -13.24999999999999822 ) ) ;
#1574 = CARTESIAN_POINT ( 'NONE',  ( -19.16748811887341830, 18.87207477752336260, 19.16748811887311987 ) ) ;
#1575 = ADVANCED_FACE ( 'NONE', ( #1535 ), #1024, .F. ) ;
#1576 = EDGE_CURVE ( 'NONE', #4564, #1224, #5462, .T. ) ;
#1577 = ORIENTED_EDGE ( 'NONE', *, *, #3908, .F. ) ;
#1578 = ORIENTED_EDGE ( 'NONE', *, *, #3006, .T. ) ;
#1579 = VECTOR ( 'NONE', #2082, 1000.000000000000000 ) ;
#1580 = CARTESIAN_POINT ( 'NONE',  ( -1.309305502066175071E-13, 19.00000000000000355, -12.50000000000000000 ) ) ;
#1581 = DIRECTION ( 'NONE',  ( 0.000000000000000000, 0.000000000000000000, -1.000000000000000000 ) ) ;
#1582 = CARTESIAN_POINT ( 'NONE',  ( -27.50000000000023448, 19.00000000000000355, -22.49999999999971223 ) ) ;
#1583 = VERTEX_POINT ( 'NONE', #2367 ) ;
#1584 = ORIENTED_EDGE ( 'NONE', *, *, #666, .T. ) ;
#1585 = LINE ( 'NONE', #5025, #1121 ) ;
#1586 = CARTESIAN_POINT ( 'NONE',  ( -20.00000000000001066, 19.00000000000000355, -24.99999999999979039 ) ) ;
#1587 = DIRECTION ( 'NONE',  ( -3.154042683594194997E-17, -0.000000000000000000, 1.000000000000000000 ) ) ;
#1588 = VECTOR ( 'NONE', #1590, 1000.000000000000000 ) ;
#1589 = CARTESIAN_POINT ( 'NONE',  ( -23.42301757142116259, 7.022034776462828809, 18.48716959523686398 ) ) ;
#1590 = DIRECTION ( 'NONE',  ( 0.000000000000000000, 0.000000000000000000, -1.000000000000000000 ) ) ;
#1591 = VERTEX_POINT ( 'NONE', #1414 ) ;
#1592 = EDGE_CURVE ( 'NONE', #1138, #2356, #933, .T. ) ;
#1593 = CARTESIAN_POINT ( 'NONE',  ( -15.00000000000005507, 2.000000000000000000, 3.469446951953648268E-14 ) ) ;
#1594 = DIRECTION ( 'NONE',  ( 0.000000000000000000, 0.000000000000000000, 1.000000000000000000 ) ) ;
#1595 = CARTESIAN_POINT ( 'NONE',  ( 23.50000000000008171, 7.803650343936824108, 18.49999999999175060 ) ) ;
#1596 = CARTESIAN_POINT ( 'NONE',  ( -17.50000000000020250, 2.000000000000000000, -17.49999999999982592 ) ) ;
#1597 = ORIENTED_EDGE ( 'NONE', *, *, #1250, .F. ) ;
#1598 = EDGE_CURVE ( 'NONE', #443, #6188, #4881, .T. ) ;
#1599 = SURFACE_SIDE_STYLE ('',( #6007 ) ) ;
#1600 = VERTEX_POINT ( 'NONE', #7 ) ;
#1601 = CARTESIAN_POINT ( 'NONE',  ( -15.00000000000018474, 2.000000000000000000, -17.49999999999985079 ) ) ;
#1602 = DIRECTION ( 'NONE',  ( 0.000000000000000000, 0.000000000000000000, 1.000000000000000000 ) ) ;
#1603 = AXIS2_PLACEMENT_3D ( 'NONE', #1070, #2656, #2141 ) ;
#1604 = CARTESIAN_POINT ( 'NONE',  ( -22.50000000000000355, 1.399999999999999911, 8.250000000000003553 ) ) ;
#1605 = CARTESIAN_POINT ( 'NONE',  ( 25.00000000000000355, 2.000000000000000000, 24.99999999999998934 ) ) ;
#1606 = ORIENTED_EDGE ( 'NONE', *, *, #5476, .F. ) ;
#1607 = ORIENTED_EDGE ( 'NONE', *, *, #2735, .T. ) ;
#1608 = VECTOR ( 'NONE', #3201, 1000.000000000000000 ) ;
#1609 = CARTESIAN_POINT ( 'NONE',  ( 20.00000000000000000, 0.000000000000000000, -24.99999999999998934 ) ) ;
#1610 = PLANE ( 'NONE',  #1672 ) ;
#1611 = CARTESIAN_POINT ( 'NONE',  ( 22.50000000000000355, 1.399999999999999911, 8.250000000000003553 ) ) ;
#1612 = ORIENTED_EDGE ( 'NONE', *, *, #3246, .F. ) ;
#1613 = EDGE_LOOP ( 'NONE', ( #3403, #3868, #719, #5759 ) ) ;
#1614 = CARTESIAN_POINT ( 'NONE',  ( -4.749999999999993783, 1.399999999999999911, -10.34999999999999787 ) ) ;
#1615 = CARTESIAN_POINT ( 'NONE',  ( 18.50000000000001066, 13.00000000000000355, -18.50000000000001421 ) ) ;
#1616 = EDGE_CURVE ( 'NONE', #3056, #3538, #2166, .T. ) ;
#1617 = DIRECTION ( 'NONE',  ( -0.000000000000000000, 1.000000000000000000, -0.000000000000000000 ) ) ;
#1618 = VECTOR ( 'NONE', #4355, 1000.000000000000000 ) ;
#1619 = DIRECTION ( 'NONE',  ( -1.000000000000000000, 0.000000000000000000, 0.000000000000000000 ) ) ;
#1620 = CARTESIAN_POINT ( 'NONE',  ( 27.50000000000000355, 0.000000000000000000, 0.000000000000000000 ) ) ;
#1621 = ORIENTED_EDGE ( 'NONE', *, *, #5271, .F. ) ;
#1622 = DIRECTION ( 'NONE',  ( 0.000000000000000000, -1.000000000000000000, 0.000000000000000000 ) ) ;
#1623 = CARTESIAN_POINT ( 'NONE',  ( 23.37365715857656667, 6.583236531184200935, 23.37365715857639614 ) ) ;
#1624 = CARTESIAN_POINT ( 'NONE',  ( -15.00000000000018474, 19.00000000000000355, -17.49999999999985079 ) ) ;
#1625 = ORIENTED_EDGE ( 'NONE', *, *, #3324, .F. ) ;
#1626 = VERTEX_POINT ( 'NONE', #1975 ) ;
#1627 = EDGE_CURVE ( 'NONE', #1269, #1499, #3611, .T. ) ;
#1628 = ORIENTED_EDGE ( 'NONE', *, *, #2408, .F. ) ;
#1629 = LINE ( 'NONE', #1125, #5195 ) ;
#1630 = CARTESIAN_POINT ( 'NONE',  ( -21.29999999999999716, 0.000000000000000000, 9.049999999999984723 ) ) ;
#1631 = CIRCLE ( 'NONE', #4602, 5.000000000000000000 ) ;
#1632 = EDGE_CURVE ( 'NONE', #2442, #6138, #5904, .T. ) ;
#1633 = CARTESIAN_POINT ( 'NONE',  ( 0.000000000000000000, 1.600000000000000089, -13.75000000000000000 ) ) ;
#1634 = PRODUCT_CONTEXT ( 'NONE', #4071, 'mechanical' ) ;
#1635 = VERTEX_POINT ( 'NONE', #580 ) ;
#1636 = ORIENTED_EDGE ( 'NONE', *, *, #4166, .T. ) ;
#1637 = CARTESIAN_POINT ( 'NONE',  ( -12.69999999999999396, 0.1000000000000000056, -8.100000000000012079 ) ) ;
#1638 = DIRECTION ( 'NONE',  ( 6.802837160693364596E-16, 0.000000000000000000, -1.000000000000000000 ) ) ;
#1639 = CARTESIAN_POINT ( 'NONE',  ( 9.700000000000001066, 15.75000000000002132, -23.25000000000000000 ) ) ;
#1640 = ORIENTED_EDGE ( 'NONE', *, *, #3992, .F. ) ;
#1641 = ORIENTED_EDGE ( 'NONE', *, *, #321, .F. ) ;
#1642 = VECTOR ( 'NONE', #1722, 1000.000000000000000 ) ;
#1643 = ADVANCED_FACE ( 'NONE', ( #3004 ), #96, .F. ) ;
#1644 = ORIENTED_EDGE ( 'NONE', *, *, #4904, .T. ) ;
#1645 = CARTESIAN_POINT ( 'NONE',  ( 19.05569537833598659, 18.80809989862352438, 17.75928256305592967 ) ) ;
#1646 = LINE ( 'NONE', #3580, #152 ) ;
#1647 = EDGE_CURVE ( 'NONE', #1836, #533, #4120, .T. ) ;
#1648 = FACE_BOUND ( 'NONE', #6143, .T. ) ;
#1649 = AXIS2_PLACEMENT_3D ( 'NONE', #2969, #1845, #3815 ) ;
#1650 = DIRECTION ( 'NONE',  ( 0.000000000000000000, 0.000000000000000000, 1.000000000000000000 ) ) ;
#1651 = DIRECTION ( 'NONE',  ( -0.000000000000000000, -0.000000000000000000, 1.000000000000000000 ) ) ;
#1652 = ORIENTED_EDGE ( 'NONE', *, *, #1795, .F. ) ;
#1653 = APPLICATION_CONTEXT ( 'automotive_design' ) ;
#1654 = AXIS2_PLACEMENT_3D ( 'NONE', #1787, #2231, #3753 ) ;
#1655 = CARTESIAN_POINT ( 'NONE',  ( -27.50000000000000355, 1.399999999999999911, 3.821067811865476394 ) ) ;
#1656 = LINE ( 'NONE', #1686, #4517 ) ;
#1657 = AXIS2_PLACEMENT_3D ( 'NONE', #339, #3242, #377 ) ;
#1658 = DIRECTION ( 'NONE',  ( -1.000000000000000000, 0.000000000000000000, 1.047444401652940007E-14 ) ) ;
#1659 = AXIS2_PLACEMENT_3D ( 'NONE', #5577, #4065, #3035 ) ;
#1660 = ORIENTED_EDGE ( 'NONE', *, *, #2041, .F. ) ;
#1661 = ORIENTED_EDGE ( 'NONE', *, *, #5389, .F. ) ;
#1662 = AXIS2_PLACEMENT_3D ( 'NONE', #47, #4887, #5397 ) ;
#1663 = DIRECTION ( 'NONE',  ( -0.000000000000000000, -0.000000000000000000, -1.000000000000000000 ) ) ;
#1664 = LINE ( 'NONE', #2563, #773 ) ;
#1665 = CARTESIAN_POINT ( 'NONE',  ( -17.82221566379920574, 18.69355661402631696, 19.43329398279517051 ) ) ;
#1666 = CIRCLE ( 'NONE', #1067, 5.000000000000000888 ) ;
#1667 = DIRECTION ( 'NONE',  ( -0.000000000000000000, 1.000000000000000000, -0.000000000000000000 ) ) ;
#1668 = EDGE_LOOP ( 'NONE', ( #5865, #3497, #3642, #5405 ) ) ;
#1669 = DIRECTION ( 'NONE',  ( 1.000000000000000000, -0.000000000000000000, -0.000000000000000000 ) ) ;
#1670 = LINE ( 'NONE', #3541, #2497 ) ;
#1671 = DIRECTION ( 'NONE',  ( -0.000000000000000000, 1.000000000000000000, -0.000000000000000000 ) ) ;
#1672 = AXIS2_PLACEMENT_3D ( 'NONE', #3573, #2182, #5531 ) ;
#1673 = EDGE_CURVE ( 'NONE', #2426, #2377, #5450, .T. ) ;
#1674 = ORIENTED_EDGE ( 'NONE', *, *, #1134, .F. ) ;
#1675 = ORIENTED_EDGE ( 'NONE', *, *, #2462, .T. ) ;
#1676 = ORIENTED_EDGE ( 'NONE', *, *, #3562, .T. ) ;
#1677 = DIRECTION ( 'NONE',  ( -0.000000000000000000, -0.000000000000000000, 1.000000000000000000 ) ) ;
#1678 = DIRECTION ( 'NONE',  ( 0.000000000000000000, 0.000000000000000000, -1.000000000000000000 ) ) ;
#1679 = CARTESIAN_POINT ( 'NONE',  ( -15.00000000000001421, 13.00000000000000355, 17.50000000000001421 ) ) ;
#1680 = LINE ( 'NONE', #2585, #678 ) ;
#1681 = VERTEX_POINT ( 'NONE', #886 ) ;
#1682 = UNCERTAINTY_MEASURE_WITH_UNIT (LENGTH_MEASURE( 1.000000000000000082E-05 ), #2244, 'distance_accuracy_value', 'NONE');
#1683 = AXIS2_PLACEMENT_3D ( 'NONE', #1276, #5342, #5633 ) ;
#1684 = ORIENTED_EDGE ( 'NONE', *, *, #5454, .F. ) ;
#1685 = CARTESIAN_POINT ( 'NONE',  ( -22.50000000000018474, 21.00000000000000355, -17.49999999999976552 ) ) ;
#1686 = CARTESIAN_POINT ( 'NONE',  ( 26.00000000000000355, 16.39999999999999858, -13.24999999999999822 ) ) ;
#1687 = DIRECTION ( 'NONE',  ( -1.000000000000000000, 0.000000000000000000, 0.000000000000000000 ) ) ;
#1688 = EDGE_LOOP ( 'NONE', ( #729, #1093 ) ) ;
#1689 = ORIENTED_EDGE ( 'NONE', *, *, #1912, .F. ) ;
#1690 = CARTESIAN_POINT ( 'NONE',  ( 23.50000000000001066, 8.000000000000000000, -15.00000000000000178 ) ) ;
#1691 = DIRECTION ( 'NONE',  ( 1.000000000000000000, 0.000000000000000000, 4.081702296416010080E-16 ) ) ;
#1692 = ADVANCED_FACE ( 'NONE', ( #851 ), #3309, .F. ) ;
#1693 = CARTESIAN_POINT ( 'NONE',  ( 2.946806295815515460E-15, 15.75000000000000000, -15.25000000000000000 ) ) ;
#1694 = ORIENTED_EDGE ( 'NONE', *, *, #2619, .F. ) ;
#1695 = CARTESIAN_POINT ( 'NONE',  ( 16.30000000000000071, 15.75000000000003553, -15.25000000000000000 ) ) ;
#1696 = ORIENTED_EDGE ( 'NONE', *, *, #3881, .T. ) ;
#1697 = DIRECTION ( 'NONE',  ( 0.000000000000000000, 0.000000000000000000, 1.000000000000000000 ) ) ;
#1698 = LINE ( 'NONE', #4531, #3935 ) ;
#1699 = DIRECTION ( 'NONE',  ( 1.000000000000000000, 0.000000000000000000, 0.000000000000000000 ) ) ;
#1700 = EDGE_CURVE ( 'NONE', #2363, #3670, #2583, .T. ) ;
#1701 = ORIENTED_EDGE ( 'NONE', *, *, #5303, .F. ) ;
#1702 = VERTEX_POINT ( 'NONE', #5272 ) ;
#1703 = CIRCLE ( 'NONE', #4169, 5.000000000000000888 ) ;
#1704 = EDGE_LOOP ( 'NONE', ( #2512, #2623, #2076, #6297, #2349, #2170, #6172, #3253 ) ) ;
#1705 = DIRECTION ( 'NONE',  ( 1.000000000000000000, 0.000000000000000000, 0.000000000000000000 ) ) ;
#1706 = CARTESIAN_POINT ( 'NONE',  ( -1.309305502066175071E-13, 21.00000000000000355, -12.50000000000000000 ) ) ;
#1707 = DIRECTION ( 'NONE',  ( 0.000000000000000000, 0.000000000000000000, 1.000000000000000000 ) ) ;
#1708 = ADVANCED_FACE ( 'NONE', ( #1361 ), #6101, .F. ) ;
#1709 = AXIS2_PLACEMENT_3D ( 'NONE', #5445, #4789, #399 ) ;
#1710 = CARTESIAN_POINT ( 'NONE',  ( 15.00000000000000178, 13.00000000000000355, -23.50000000000001421 ) ) ;
#1711 = ADVANCED_FACE ( 'NONE', ( #755 ), #2691, .F. ) ;
#1712 = ORIENTED_EDGE ( 'NONE', *, *, #3503, .F. ) ;
#1713 = LINE ( 'NONE', #6090, #5257 ) ;
#1714 = CARTESIAN_POINT ( 'NONE',  ( 4.749999999999999112, 0.000000000000000000, -6.150000000000003908 ) ) ;
#1715 = DIRECTION ( 'NONE',  ( 0.000000000000000000, -1.000000000000000000, -0.000000000000000000 ) ) ;
#1716 = ORIENTED_EDGE ( 'NONE', *, *, #4794, .T. ) ;
#1717 = EDGE_CURVE ( 'NONE', #2828, #3284, #5976, .T. ) ;
#1718 = VERTEX_POINT ( 'NONE', #4658 ) ;
#1719 = CARTESIAN_POINT ( 'NONE',  ( -13.90000000000001279, 0.000000000000000000, 1.249999999999994005 ) ) ;
#1720 = CARTESIAN_POINT ( 'NONE',  ( -17.50000000000000000, 13.00000000000000355, -7.142979018728018725E-15 ) ) ;
#1721 = VECTOR ( 'NONE', #2007, 1000.000000000000000 ) ;
#1722 = DIRECTION ( 'NONE',  ( -0.000000000000000000, 1.000000000000000000, -0.000000000000000000 ) ) ;
#1723 = LINE ( 'NONE', #1392, #3192 ) ;
#1724 = ORIENTED_EDGE ( 'NONE', *, *, #3482, .T. ) ;
#1725 = ADVANCED_FACE ( 'NONE', ( #6196 ), #273, .F. ) ;
#1726 = CARTESIAN_POINT ( 'NONE',  ( 0.000000000000000000, 19.00000000000000355, -15.00000000000000178 ) ) ;
#1727 = DIRECTION ( 'NONE',  ( 0.000000000000000000, 0.000000000000000000, 1.000000000000000000 ) ) ;
#1728 = CIRCLE ( 'NONE', #2550, 1.100000000000000311 ) ;
#1729 = VERTEX_POINT ( 'NONE', #1695 ) ;
#1730 = LINE ( 'NONE', #5657, #3469 ) ;
#1731 = CARTESIAN_POINT ( 'NONE',  ( 21.15993871915386748, 17.77064577498822118, -18.10998978652564162 ) ) ;
#1732 = CYLINDRICAL_SURFACE ( 'NONE', #700, 0.7000000000000009548 ) ;
#1733 = AXIS2_PLACEMENT_3D ( 'NONE', #460, #5330, #5908 ) ;
#1734 = CIRCLE ( 'NONE', #2874, 5.000000000000000888 ) ;
#1735 = ORIENTED_EDGE ( 'NONE', *, *, #2288, .F. ) ;
#1736 = ORIENTED_EDGE ( 'NONE', *, *, #1812, .T. ) ;
#1737 = ORIENTED_EDGE ( 'NONE', *, *, #3401, .F. ) ;
#1738 = LINE ( 'NONE', #1340, #3281 ) ;
#1739 = DIRECTION ( 'NONE',  ( 0.000000000000000000, 0.000000000000000000, -1.000000000000000000 ) ) ;
#1740 = CIRCLE ( 'NONE', #838, 5.000000000000000888 ) ;
#1741 = CARTESIAN_POINT ( 'NONE',  ( -27.50000000000000355, 31.39999999999999858, -13.25000000000000000 ) ) ;
#1742 = FACE_BOUND ( 'NONE', #6015, .T. ) ;
#1743 = ORIENTED_EDGE ( 'NONE', *, *, #4478, .F. ) ;
#1744 = VECTOR ( 'NONE', #4066, 1000.000000000000000 ) ;
#1745 = VECTOR ( 'NONE', #2067, 1000.000000000000000 ) ;
#1746 = CARTESIAN_POINT ( 'NONE',  ( 27.50000000000000355, 23.39999999999999858, -15.25000000000000000 ) ) ;
#1747 = CARTESIAN_POINT ( 'NONE',  ( 19.16748811887287829, 2.127925222476597433, 19.16748811887226012 ) ) ;
#1748 = EDGE_CURVE ( 'NONE', #4017, #3372, #2210, .T. ) ;
#1749 = DIRECTION ( 'NONE',  ( 1.000000000000000000, 0.000000000000000000, 0.000000000000000000 ) ) ;
#1750 = ORIENTED_EDGE ( 'NONE', *, *, #2103, .T. ) ;
#1751 = AXIS2_PLACEMENT_3D ( 'NONE', #3556, #5037, #4005 ) ;
#1752 = VERTEX_POINT ( 'NONE', #1296 ) ;
#1753 = ORIENTED_EDGE ( 'NONE', *, *, #1948, .F. ) ;
#1754 = EDGE_LOOP ( 'NONE', ( #4472, #466, #1437, #1286, #2153, #5764 ) ) ;
#1755 = CARTESIAN_POINT ( 'NONE',  ( 0.000000000000000000, 0.1000000000000000056, 13.25000000000000533 ) ) ;
#1756 = LINE ( 'NONE', #5714, #2972 ) ;
#1757 = VECTOR ( 'NONE', #2889, 1000.000000000000000 ) ;
#1758 = CLOSED_SHELL ( 'NONE', ( #4069, #1446, #3602, #4257, #2315, #2115, #2368, #3099, #4659, #4513, #4607, #1711, #1725, #391, #965, #5130, #5594, #4097, #6182, #619, #723, #4863, #2948, #3290, #2427, #4281, #2484, #5081, #4123, #5093, #3451, #5801, #2004, #2403, #5189, #5806, #2856, #190, #161, #3523, #6245, #5768, #930, #1165, #2009, #5706, #4869, #2116, #3858, #587, #5786, #404, #4931, #4656, #2510, #3653, #2300, #2345, #2502, #873, #474, #979, #2736, #5327, #3778, #1338, #4292, #4814, #4451, #593, #3009, #6071, #1205, #4545, #3736, #2025, #1347, #4942, #6319, #1178, #3461, #264, #790, #5534, #4298, #5727, #2328, #1537, #310, #1788, #632, #5424, #60, #3329, #1037, #3916, #2988, #4824, #1575, #245, #2936, #3029 ) ) ;
#1759 = DIRECTION ( 'NONE',  ( 1.000000000000000000, 0.000000000000000000, 0.000000000000000000 ) ) ;
#1760 = DIRECTION ( 'NONE',  ( 0.000000000000000000, -0.7071067811865474617, 0.7071067811865475727 ) ) ;
#1761 = LINE ( 'NONE', #3305, #2676 ) ;
#1762 = APPLICATION_PROTOCOL_DEFINITION ( 'draft international standard', 'automotive_design', 1998, #4071 ) ;
#1763 = VERTEX_POINT ( 'NONE', #4174 ) ;
#1764 = ORIENTED_EDGE ( 'NONE', *, *, #1228, .T. ) ;
#1765 = VECTOR ( 'NONE', #4362, 1000.000000000000000 ) ;
#1766 = DIRECTION ( 'NONE',  ( -3.699648155960350207E-15, 0.000000000000000000, -1.000000000000000000 ) ) ;
#1767 = EDGE_LOOP ( 'NONE', ( #3739, #5086 ) ) ;
#1768 = CARTESIAN_POINT ( 'NONE',  ( 26.00000000000000355, 0.000000000000000000, 0.000000000000000000 ) ) ;
#1769 = CARTESIAN_POINT ( 'NONE',  ( 23.29960934660792304, 14.75391438836838631, -23.29960934660793370 ) ) ;
#1770 = CYLINDRICAL_SURFACE ( 'NONE', #5098, 0.7000000000000009548 ) ;
#1771 = EDGE_CURVE ( 'NONE', #4139, #1209, #4283, .T. ) ;
#1772 = AXIS2_PLACEMENT_3D ( 'NONE', #6237, #5734, #5766 ) ;
#1773 = DIRECTION ( 'NONE',  ( 0.000000000000000000, 0.000000000000000000, 1.000000000000000000 ) ) ;
#1774 = EDGE_LOOP ( 'NONE', ( #694, #2836, #1660, #2393 ) ) ;
#1775 = ORIENTED_EDGE ( 'NONE', *, *, #2854, .T. ) ;
#1776 = ORIENTED_EDGE ( 'NONE', *, *, #1717, .F. ) ;
#1777 = AXIS2_PLACEMENT_3D ( 'NONE', #3667, #6104, #5110 ) ;
#1778 = PLANE ( 'NONE',  #3067 ) ;
#1779 = LINE ( 'NONE', #4321, #3723 ) ;
#1780 = LINE ( 'NONE', #2545, #1517 ) ;
#1781 = PLANE ( 'NONE',  #3851 ) ;
#1782 = CIRCLE ( 'NONE', #5371, 1.249999999999997335 ) ;
#1783 = ORIENTED_EDGE ( 'NONE', *, *, #235, .T. ) ;
#1784 = CARTESIAN_POINT ( 'NONE',  ( 11.20000000000000107, 15.75000000000002487, -23.25000000000000000 ) ) ;
#1785 = DIRECTION ( 'NONE',  ( -0.000000000000000000, 1.000000000000000000, -0.000000000000000000 ) ) ;
#1786 = CARTESIAN_POINT ( 'NONE',  ( -12.50000000000018296, 19.00000000000000355, -17.49999999999986855 ) ) ;
#1787 = CARTESIAN_POINT ( 'NONE',  ( 6.800000000000002487, 15.75000000000001421, -23.25000000000000000 ) ) ;
#1788 = ADVANCED_FACE ( 'NONE', ( #1260 ), #3275, .F. ) ;
#1789 = ORIENTED_EDGE ( 'NONE', *, *, #5047, .F. ) ;
#1790 = LINE ( 'NONE', #5164, #5101 ) ;
#1791 = FACE_OUTER_BOUND ( 'NONE', #4995, .T. ) ;
#1792 = CARTESIAN_POINT ( 'NONE',  ( 11.90000000000000036, 15.75000000000002487, -15.25000000000000000 ) ) ;
#1793 = CARTESIAN_POINT ( 'NONE',  ( 22.27064578127492211, 16.65993870974526203, 18.29510763021241715 ) ) ;
#1794 = CARTESIAN_POINT ( 'NONE',  ( -23.49035397735517705, 13.39269881009251506, 18.49839232955922341 ) ) ;
#1795 = EDGE_CURVE ( 'NONE', #3284, #5618, #3794, .T. ) ;
#1796 = VERTEX_POINT ( 'NONE', #5723 ) ;
#1797 = DIRECTION ( 'NONE',  ( 4.081702296416010573E-16, 0.000000000000000000, -1.000000000000000000 ) ) ;
#1798 = VERTEX_POINT ( 'NONE', #6130 ) ;
#1799 = DIRECTION ( 'NONE',  ( -0.000000000000000000, 1.000000000000000000, -0.000000000000000000 ) ) ;
#1800 = CARTESIAN_POINT ( 'NONE',  ( 18.50000000000001066, 12.99999999999999289, -23.50000000000001776 ) ) ;
#1801 = CARTESIAN_POINT ( 'NONE',  ( 13.90000000000001279, 0.000000000000000000, -3.452947483310167141E-15 ) ) ;
#1802 = CARTESIAN_POINT ( 'NONE',  ( -23.19355660569174304, 6.066705997083390756, 18.44892610094868957 ) ) ;
#1803 = VERTEX_POINT ( 'NONE', #789 ) ;
#1804 = ORIENTED_EDGE ( 'NONE', *, *, #2935, .T. ) ;
#1805 = ORIENTED_EDGE ( 'NONE', *, *, #2629, .F. ) ;
#1806 = DIRECTION ( 'NONE',  ( 1.000000000000000000, 0.000000000000000000, 0.000000000000000000 ) ) ;
#1807 = DIRECTION ( 'NONE',  ( -0.000000000000000000, -1.000000000000000000, -0.000000000000000000 ) ) ;
#1808 = CARTESIAN_POINT ( 'NONE',  ( -17.50000000000020250, 19.00000000000000355, -17.49999999999982236 ) ) ;
#1809 = EDGE_CURVE ( 'NONE', #567, #3119, #6162, .T. ) ;
#1810 = VECTOR ( 'NONE', #1425, 1000.000000000000000 ) ;
#1811 = ORIENTED_EDGE ( 'NONE', *, *, #481, .F. ) ;
#1812 = EDGE_CURVE ( 'NONE', #315, #1220, #2891, .T. ) ;
#1813 = DIRECTION ( 'NONE',  ( 0.000000000000000000, 1.000000000000000000, 0.000000000000000000 ) ) ;
#1814 = AXIS2_PLACEMENT_3D ( 'NONE', #1204, #1617, #3581 ) ;
#1815 = FACE_OUTER_BOUND ( 'NONE', #894, .T. ) ;
#1816 = CARTESIAN_POINT ( 'NONE',  ( 17.50000000000008171, 2.000000000000000000, 17.49999999999994316 ) ) ;
#1817 = CARTESIAN_POINT ( 'NONE',  ( 27.50000000000000355, 31.39999999999999858, -13.24999999999999822 ) ) ;
#1818 = VERTEX_POINT ( 'NONE', #1327 ) ;
#1819 = FACE_OUTER_BOUND ( 'NONE', #1463, .T. ) ;
#1820 = CARTESIAN_POINT ( 'NONE',  ( -27.50000000000000355, 31.39999999999999858, -13.25000000000000000 ) ) ;
#1821 = CIRCLE ( 'NONE', #2626, 6.000000000000000000 ) ;
#1822 = DIRECTION ( 'NONE',  ( 1.000000000000000000, 0.000000000000000000, 0.000000000000000000 ) ) ;
#1823 = CARTESIAN_POINT ( 'NONE',  ( 22.50000000000009592, 21.00000000000000355, 27.49999999999992184 ) ) ;
#1824 = CARTESIAN_POINT ( 'NONE',  ( 23.50000000000007816, 13.00000000000000355, 18.49999999999992895 ) ) ;
#1825 = EDGE_CURVE ( 'NONE', #4655, #2601, #823, .T. ) ;
#1826 = LINE ( 'NONE', #3306, #3409 ) ;
#1827 = DIRECTION ( 'NONE',  ( 0.000000000000000000, 0.7071067811865474617, -0.7071067811865475727 ) ) ;
#1828 = ORIENTED_EDGE ( 'NONE', *, *, #3240, .F. ) ;
#1829 = CARTESIAN_POINT ( 'NONE',  ( -23.50000000000017053, 8.000000000000000000, -14.99999999999975486 ) ) ;
#1830 = CARTESIAN_POINT ( 'NONE',  ( 19.43329398279520959, 18.69355661402629565, -17.82221566379921285 ) ) ;
#1831 = EDGE_CURVE ( 'NONE', #1803, #712, #5622, .T. ) ;
#1832 = DIRECTION ( 'NONE',  ( 6.802837160693364596E-16, 0.000000000000000000, -1.000000000000000000 ) ) ;
#1833 = CARTESIAN_POINT ( 'NONE',  ( -18.39883296407390745, 5.341092814535593369, 22.89299778444374667 ) ) ;
#1834 = ORIENTED_EDGE ( 'NONE', *, *, #3901, .F. ) ;
#1835 = AXIS2_PLACEMENT_3D ( 'NONE', #1064, #4913, #4885 ) ;
#1836 = VERTEX_POINT ( 'NONE', #2469 ) ;
#1837 = ORIENTED_EDGE ( 'NONE', *, *, #3179, .T. ) ;
#1838 = CARTESIAN_POINT ( 'NONE',  ( 15.00000000000000178, 19.00000000000000355, -5.237222008264700664E-14 ) ) ;
#1839 = DIRECTION ( 'NONE',  ( -0.000000000000000000, -1.000000000000000000, 0.000000000000000000 ) ) ;
#1840 = CARTESIAN_POINT ( 'NONE',  ( -18.28538848585780840, 18.96132346621525144, -17.63089808097607403 ) ) ;
#1841 = VERTEX_POINT ( 'NONE', #3830 ) ;
#1842 = VECTOR ( 'NONE', #909, 1000.000000000000000 ) ;
#1843 = DIRECTION ( 'NONE',  ( 0.000000000000000000, -1.000000000000000000, 0.000000000000000000 ) ) ;
#1844 = EDGE_CURVE ( 'NONE', #2118, #315, #436, .T. ) ;
#1845 = DIRECTION ( 'NONE',  ( 1.000000000000000000, 0.000000000000000000, -3.083311109201532150E-15 ) ) ;
#1846 = CARTESIAN_POINT ( 'NONE',  ( 20.15890720558518368, 2.607002223890535486, 17.94315120093077454 ) ) ;
#1847 = EDGE_CURVE ( 'NONE', #2081, #5545, #3859, .T. ) ;
#1848 = CARTESIAN_POINT ( 'NONE',  ( 15.00000000000008349, 8.000000000000000000, 23.49999999999995737 ) ) ;
#1849 = VERTEX_POINT ( 'NONE', #5304 ) ;
#1850 = VECTOR ( 'NONE', #3367, 1000.000000000000000 ) ;
#1851 = CARTESIAN_POINT ( 'NONE',  ( 5.100000000000000533, 1.399999999999999911, 10.25000000000000533 ) ) ;
#1852 = ORIENTED_EDGE ( 'NONE', *, *, #5864, .F. ) ;
#1853 = CARTESIAN_POINT ( 'NONE',  ( 12.50000000000000000, 21.00000000000000355, -17.49999999999999645 ) ) ;
#1854 = DIRECTION ( 'NONE',  ( -1.000000000000000000, 0.000000000000000000, 3.491481338843133355E-15 ) ) ;
#1855 = LINE ( 'NONE', #1391, #3161 ) ;
#1856 = AXIS2_PLACEMENT_3D ( 'NONE', #4088, #1560, #4542 ) ;
#1857 = EDGE_CURVE ( 'NONE', #2857, #1796, #6289, .T. ) ;
#1858 = CARTESIAN_POINT ( 'NONE',  ( -6.799999999999997158, 15.75000000000000000, -15.25000000000000000 ) ) ;
#1859 = ORIENTED_EDGE ( 'NONE', *, *, #3445, .T. ) ;
#1860 = DIRECTION ( 'NONE',  ( 0.000000000000000000, 1.000000000000000000, -0.000000000000000000 ) ) ;
#1861 = ORIENTED_EDGE ( 'NONE', *, *, #4859, .F. ) ;
#1862 = AXIS2_PLACEMENT_3D ( 'NONE', #1151, #6092, #2167 ) ;
#1863 = FACE_OUTER_BOUND ( 'NONE', #2923, .T. ) ;
#1864 = CARTESIAN_POINT ( 'NONE',  ( 19.42876307165497707, 18.82177372592212095, -19.42876307165482785 ) ) ;
#1865 = DIRECTION ( 'NONE',  ( 1.000000000000000000, 0.000000000000000000, 0.000000000000000000 ) ) ;
#1866 = FACE_OUTER_BOUND ( 'NONE', #3903, .T. ) ;
#1867 = AXIS2_PLACEMENT_3D ( 'NONE', #2008, #547, #1505 ) ;
#1868 = ORIENTED_EDGE ( 'NONE', *, *, #2654, .T. ) ;
#1869 = VECTOR ( 'NONE', #1281, 1000.000000000000000 ) ;
#1870 = EDGE_CURVE ( 'NONE', #6329, #82, #4948, .T. ) ;
#1871 = VERTEX_POINT ( 'NONE', #524 ) ;
#1872 = ORIENTED_EDGE ( 'NONE', *, *, #4236, .T. ) ;
#1873 = CARTESIAN_POINT ( 'NONE',  ( 6.800000000000002487, 15.75000000000001421, -13.24999999999999822 ) ) ;
#1874 = DIRECTION ( 'NONE',  ( -0.000000000000000000, -0.000000000000000000, 1.000000000000000000 ) ) ;
#1875 = CARTESIAN_POINT ( 'NONE',  ( -18.49999999999208811, 13.19634965606317145, -23.49999999999981526 ) ) ;
#1876 = EDGE_CURVE ( 'NONE', #482, #6098, #4340, .T. ) ;
#1877 = AXIS2_PLACEMENT_3D ( 'NONE', #1784, #6181, #3749 ) ;
#1878 = VERTEX_POINT ( 'NONE', #467 ) ;
#1879 = CIRCLE ( 'NONE', #5474, 5.000000000000000888 ) ;
#1880 = LINE ( 'NONE', #3359, #2172 ) ;
#1881 = VECTOR ( 'NONE', #2514, 1000.000000000000000 ) ;
#1882 = DIRECTION ( 'NONE',  ( -0.000000000000000000, 0.000000000000000000, 1.000000000000000000 ) ) ;
#1883 = CARTESIAN_POINT ( 'NONE',  ( 17.89270351182393526, 2.000000000000000444, 17.56545058530392467 ) ) ;
#1884 = CARTESIAN_POINT ( 'NONE',  ( 17.50000000000000000, 19.00000000000000355, -22.50000000000000000 ) ) ;
#1885 = EDGE_LOOP ( 'NONE', ( #4182, #1577, #5557, #5851, #4666, #2225 ) ) ;
#1886 = AXIS2_PLACEMENT_3D ( 'NONE', #2415, #50, #4829 ) ;
#1887 = DIRECTION ( 'NONE',  ( 1.000000000000000000, 0.000000000000000000, 3.154042683594194381E-17 ) ) ;
#1888 = DIRECTION ( 'NONE',  ( 1.000000000000000000, 0.000000000000000000, 0.000000000000000000 ) ) ;
#1889 = CARTESIAN_POINT ( 'NONE',  ( 18.25338680665013413, 16.96496053433752493, 22.02032083990100020 ) ) ;
#1890 = CARTESIAN_POINT ( 'NONE',  ( -23.19355660569192779, 6.066705997083351676, -18.44892610094831653 ) ) ;
#1891 = VERTEX_POINT ( 'NONE', #3948 ) ;
#1892 = EDGE_CURVE ( 'NONE', #2291, #852, #1563, .T. ) ;
#1893 = DIRECTION ( 'NONE',  ( 0.000000000000000000, 0.000000000000000000, -1.000000000000000000 ) ) ;
#1894 = ORIENTED_EDGE ( 'NONE', *, *, #1311, .F. ) ;
#1895 = DIRECTION ( 'NONE',  ( 4.081702296416010573E-16, 0.000000000000000000, -1.000000000000000000 ) ) ;
#1896 = CYLINDRICAL_SURFACE ( 'NONE', #4033, 6.000000000000000000 ) ;
#1897 = DIRECTION ( 'NONE',  ( 0.000000000000000000, -1.000000000000000000, 0.000000000000000000 ) ) ;
#1898 = CIRCLE ( 'NONE', #5179, 5.000000000000000888 ) ;
#1899 = CARTESIAN_POINT ( 'NONE',  ( -18.36783159439262647, 4.993095913509806749, 22.70698956635557053 ) ) ;
#1900 = FACE_OUTER_BOUND ( 'NONE', #128, .T. ) ;
#1901 = ORIENTED_EDGE ( 'NONE', *, *, #906, .F. ) ;
#1902 = ORIENTED_EDGE ( 'NONE', *, *, #5861, .T. ) ;
#1903 = ORIENTED_EDGE ( 'NONE', *, *, #130, .F. ) ;
#1904 = LINE ( 'NONE', #3869, #6058 ) ;
#1905 = CARTESIAN_POINT ( 'NONE',  ( 12.50000000000006040, 21.00000000000000355, 17.49999999999995737 ) ) ;
#1906 = CARTESIAN_POINT ( 'NONE',  ( -20.50690407708154694, 18.20698957264234963, -18.00115067951335845 ) ) ;
#1907 = EDGE_CURVE ( 'NONE', #458, #3730, #1395, .T. ) ;
#1908 = EDGE_CURVE ( 'NONE', #6246, #4284, #2587, .T. ) ;
#1909 = EDGE_LOOP ( 'NONE', ( #1025, #4990 ) ) ;
#1910 = DIRECTION ( 'NONE',  ( 2.081668171172167774E-16, -0.000000000000000000, 1.000000000000000000 ) ) ;
#1911 = EDGE_CURVE ( 'NONE', #1796, #5073, #2378, .T. ) ;
#1912 = EDGE_CURVE ( 'NONE', #97, #5663, #4237, .T. ) ;
#1913 = PLANE ( 'NONE',  #3293 ) ;
#1914 = DIRECTION ( 'NONE',  ( -1.047444401652940007E-14, 0.000000000000000000, -1.000000000000000000 ) ) ;
#1915 = CARTESIAN_POINT ( 'NONE',  ( 5.849999999999998757, 1.399999999999999911, -5.150000000000003908 ) ) ;
#1916 = VECTOR ( 'NONE', #2670, 1000.000000000000000 ) ;
#1917 = EDGE_LOOP ( 'NONE', ( #4730, #3529, #4447, #4665 ) ) ;
#1918 = VECTOR ( 'NONE', #1287, 1000.000000000000000 ) ;
#1919 = LINE ( 'NONE', #1027, #15 ) ;
#1920 = DIRECTION ( 'NONE',  ( -1.000000000000000000, 0.000000000000000000, -4.081702296416010080E-16 ) ) ;
#1921 = DIRECTION ( 'NONE',  ( -0.000000000000000000, -0.000000000000000000, 1.000000000000000000 ) ) ;
#1922 = AXIS2_PLACEMENT_3D ( 'NONE', #4649, #4164, #6123 ) ;
#1923 = CARTESIAN_POINT ( 'NONE',  ( -23.45186274271139837, 7.216493126137729419, -18.49197712378495240 ) ) ;
#1924 = EDGE_CURVE ( 'NONE', #1635, #5115, #2740, .T. ) ;
#1925 = ORIENTED_EDGE ( 'NONE', *, *, #5289, .F. ) ;
#1926 = AXIS2_PLACEMENT_3D ( 'NONE', #5809, #1914, #4846 ) ;
#1927 = DIRECTION ( 'NONE',  ( 0.000000000000000000, 1.000000000000000000, 0.000000000000000000 ) ) ;
#1928 = EDGE_LOOP ( 'NONE', ( #303, #5975, #2682, #1902 ) ) ;
#1929 = DIRECTION ( 'NONE',  ( -0.000000000000000000, -1.000000000000000000, -0.000000000000000000 ) ) ;
#1930 = CARTESIAN_POINT ( 'NONE',  ( -17.50000000000000711, 8.000000000000000000, 15.00000000000000178 ) ) ;
#1931 = DIRECTION ( 'NONE',  ( 0.000000000000000000, -1.000000000000000000, 0.000000000000000000 ) ) ;
#1932 = DIRECTION ( 'NONE',  ( 0.000000000000000000, 0.000000000000000000, 1.000000000000000000 ) ) ;
#1933 = ORIENTED_EDGE ( 'NONE', *, *, #3814, .T. ) ;
#1934 = ORIENTED_EDGE ( 'NONE', *, *, #2400, .F. ) ;
#1935 = EDGE_LOOP ( 'NONE', ( #1339, #6163, #1940, #4560 ) ) ;
#1936 = FACE_OUTER_BOUND ( 'NONE', #4352, .T. ) ;
#1937 = FACE_OUTER_BOUND ( 'NONE', #4609, .T. ) ;
#1938 = CARTESIAN_POINT ( 'NONE',  ( 7.500000000000001776, 15.75000000000001421, -15.25000000000000000 ) ) ;
#1939 = EDGE_CURVE ( 'NONE', #4398, #2907, #2281, .T. ) ;
#1940 = ORIENTED_EDGE ( 'NONE', *, *, #3699, .T. ) ;
#1941 = DIRECTION ( 'NONE',  ( -1.000000000000000000, 0.000000000000000000, 0.000000000000000000 ) ) ;
#1942 = CARTESIAN_POINT ( 'NONE',  ( 20.00000000000000000, 19.00000000000000355, -25.00000000000000000 ) ) ;
#1943 = FACE_OUTER_BOUND ( 'NONE', #1917, .T. ) ;
#1944 = CARTESIAN_POINT ( 'NONE',  ( -21.29999999999999716, 0.1000000000000000056, 9.049999999999984723 ) ) ;
#1945 = VECTOR ( 'NONE', #799, 1000.000000000000000 ) ;
#1946 = ORIENTED_EDGE ( 'NONE', *, *, #1717, .T. ) ;
#1947 = DIRECTION ( 'NONE',  ( 0.000000000000000000, 0.000000000000000000, -1.000000000000000000 ) ) ;
#1948 = EDGE_CURVE ( 'NONE', #5722, #2304, #6253, .T. ) ;
#1949 = CARTESIAN_POINT ( 'NONE',  ( 22.89299778444372180, 5.341092814535549849, -18.39883296407391455 ) ) ;
#1950 = CARTESIAN_POINT ( 'NONE',  ( 21.30000000000001137, 0.000000000000000000, -9.849999999999983658 ) ) ;
#1951 = CARTESIAN_POINT ( 'NONE',  ( -19.05569537833611093, 2.191900101376478283, -17.75928256305579112 ) ) ;
#1952 = VERTEX_POINT ( 'NONE', #2412 ) ;
#1953 = EDGE_CURVE ( 'NONE', #4608, #4266, #4341, .T. ) ;
#1954 = CARTESIAN_POINT ( 'NONE',  ( 23.50000000000000711, 4.485281374238571317, -18.50000000000001776 ) ) ;
#1955 = EDGE_LOOP ( 'NONE', ( #2868, #5536 ) ) ;
#1956 = CARTESIAN_POINT ( 'NONE',  ( -3.799999999999997602, 15.75000000000000000, -15.25000000000000000 ) ) ;
#1957 = DIRECTION ( 'NONE',  ( 0.000000000000000000, 0.000000000000000000, 1.000000000000000000 ) ) ;
#1958 = DIRECTION ( 'NONE',  ( 0.000000000000000000, 1.000000000000000000, 0.000000000000000000 ) ) ;
#1959 = DIRECTION ( 'NONE',  ( 0.000000000000000000, -1.000000000000000000, 0.000000000000000000 ) ) ;
#1960 = VERTEX_POINT ( 'NONE', #2951 ) ;
#1961 = CIRCLE ( 'NONE', #5355, 0.7000000000000009548 ) ;
#1962 = AXIS2_PLACEMENT_3D ( 'NONE', #2147, #1667, #3631 ) ;
#1963 = ORIENTED_EDGE ( 'NONE', *, *, #2432, .T. ) ;
#1964 = CARTESIAN_POINT ( 'NONE',  ( -17.50000000000000711, 2.000000000000000000, 18.50000000000001421 ) ) ;
#1965 = CYLINDRICAL_SURFACE ( 'NONE', #4762, 5.000000000000000888 ) ;
#1966 = EDGE_CURVE ( 'NONE', #209, #4505, #3371, .T. ) ;
#1967 = LINE ( 'NONE', #1435, #1200 ) ;
#1968 = ORIENTED_EDGE ( 'NONE', *, *, #3544, .T. ) ;
#1969 = VECTOR ( 'NONE', #4493, 1000.000000000000000 ) ;
#1970 = CARTESIAN_POINT ( 'NONE',  ( -18.50000000000020606, 19.00000000000000355, -18.49999999999981526 ) ) ;
#1971 = DIRECTION ( 'NONE',  ( -1.000000000000000000, 0.000000000000000000, 3.491481338843133355E-15 ) ) ;
#1972 = DIRECTION ( 'NONE',  ( 0.000000000000000000, 0.000000000000000000, -1.000000000000000000 ) ) ;
#1973 = DIRECTION ( 'NONE',  ( 0.000000000000000000, 1.000000000000000000, -0.000000000000000000 ) ) ;
#1974 = AXIS2_PLACEMENT_3D ( 'NONE', #5479, #1941, #3028 ) ;
#1975 = CARTESIAN_POINT ( 'NONE',  ( 19.50000000000000355, 31.39999999999999858, -15.25000000000000000 ) ) ;
#1976 = ORIENTED_EDGE ( 'NONE', *, *, #1809, .T. ) ;
#1977 = ORIENTED_EDGE ( 'NONE', *, *, #781, .T. ) ;
#1978 = VECTOR ( 'NONE', #4079, 1000.000000000000000 ) ;
#1979 = CARTESIAN_POINT ( 'NONE',  ( -15.00000000000024691, 8.000000000000000000, -23.49999999999985434 ) ) ;
#1980 = CARTESIAN_POINT ( 'NONE',  ( 23.49999999815067042, 7.639984025277327007, -23.49999999815067753 ) ) ;
#1981 = DIRECTION ( 'NONE',  ( -1.000000000000000000, 0.000000000000000000, 0.000000000000000000 ) ) ;
#1982 = CARTESIAN_POINT ( 'NONE',  ( -18.39883296407415969, 5.341092814535814526, -22.89299778444364009 ) ) ;
#1983 = VECTOR ( 'NONE', #561, 1000.000000000000000 ) ;
#1984 = CARTESIAN_POINT ( 'NONE',  ( -5.100000000000000533, 0.000000000000000000, 7.750000000000007105 ) ) ;
#1985 = ORIENTED_EDGE ( 'NONE', *, *, #2460, .F. ) ;
#1986 = FACE_OUTER_BOUND ( 'NONE', #633, .T. ) ;
#1987 = CARTESIAN_POINT ( 'NONE',  ( 0.000000000000000000, 13.00000000000000355, -17.50000000000001421 ) ) ;
#1988 = EDGE_CURVE ( 'NONE', #2675, #5560, #4858, .T. ) ;
#1989 = VERTEX_POINT ( 'NONE', #5850 ) ;
#1990 = EDGE_CURVE ( 'NONE', #5760, #1138, #4533, .T. ) ;
#1991 = EDGE_CURVE ( 'NONE', #1069, #1075, #1155, .T. ) ;
#1992 = DIRECTION ( 'NONE',  ( -0.000000000000000000, 1.000000000000000000, 0.000000000000000000 ) ) ;
#1993 = PLANE ( 'NONE',  #1086 ) ;
#1994 = ORIENTED_EDGE ( 'NONE', *, *, #4201, .T. ) ;
#1995 = ORIENTED_EDGE ( 'NONE', *, *, #5703, .T. ) ;
#1996 = ORIENTED_EDGE ( 'NONE', *, *, #3795, .F. ) ;
#1997 = LINE ( 'NONE', #2932, #2468 ) ;
#1998 = DIRECTION ( 'NONE',  ( 1.000000000000000000, 0.000000000000000000, 0.000000000000000000 ) ) ;
#1999 = DIRECTION ( 'NONE',  ( -4.081702296416010573E-16, 0.000000000000000000, 1.000000000000000000 ) ) ;
#2000 = EDGE_LOOP ( 'NONE', ( #48, #3215, #5598, #3546 ) ) ;
#2001 = EDGE_CURVE ( 'NONE', #5770, #6188, #1068, .T. ) ;
#2002 = ORIENTED_EDGE ( 'NONE', *, *, #3328, .F. ) ;
#2003 = DIRECTION ( 'NONE',  ( 0.000000000000000000, -0.000000000000000000, -1.000000000000000000 ) ) ;
#2004 = ADVANCED_FACE ( 'NONE', ( #3073 ), #5460, .F. ) ;
#2005 = CARTESIAN_POINT ( 'NONE',  ( 9.601573681818617358E-14, 19.00000000000000355, 27.50000000000000000 ) ) ;
#2006 = DIRECTION ( 'NONE',  ( 0.000000000000000000, 0.000000000000000000, -1.000000000000000000 ) ) ;
#2007 = DIRECTION ( 'NONE',  ( -1.000000000000000000, 0.000000000000000000, 0.000000000000000000 ) ) ;
#2008 = CARTESIAN_POINT ( 'NONE',  ( -12.69999999999999574, 0.1000000000000000056, -8.597458788255783673E-15 ) ) ;
#2009 = ADVANCED_FACE ( 'NONE', ( #588 ), #2227, .F. ) ;
#2010 = VERTEX_POINT ( 'NONE', #4464 ) ;
#2011 = AXIS2_PLACEMENT_3D ( 'NONE', #5532, #3084, #4080 ) ;
#2012 = CARTESIAN_POINT ( 'NONE',  ( -21.29999999999999716, 0.1000000000000000056, 8.249999999999985789 ) ) ;
#2013 = DIRECTION ( 'NONE',  ( 1.000000000000000000, 0.000000000000000000, 0.000000000000000000 ) ) ;
#2014 = DIRECTION ( 'NONE',  ( -4.081702296416010573E-16, 0.000000000000000000, 1.000000000000000000 ) ) ;
#2015 = CARTESIAN_POINT ( 'NONE',  ( -18.50000000000026290, 8.000000000000000000, -23.49999999999981526 ) ) ;
#2016 = VECTOR ( 'NONE', #1515, 1000.000000000000000 ) ;
#2017 =( NAMED_UNIT ( * ) SI_UNIT ( $, .STERADIAN. ) SOLID_ANGLE_UNIT ( ) );
#2018 = ORIENTED_EDGE ( 'NONE', *, *, #3594, .T. ) ;
#2019 = CARTESIAN_POINT ( 'NONE',  ( -8.999999999999998224, 15.75000000000000000, -13.24999999999999822 ) ) ;
#2020 = CARTESIAN_POINT ( 'NONE',  ( -19.50000000000000355, 31.39999999999999858, -15.25000000000000000 ) ) ;
#2021 = AXIS2_PLACEMENT_3D ( 'NONE', #369, #6218, #1353 ) ;
#2022 = CIRCLE ( 'NONE', #186, 0.6999999999999992895 ) ;
#2023 = FACE_OUTER_BOUND ( 'NONE', #4163, .T. ) ;
#2024 = ORIENTED_EDGE ( 'NONE', *, *, #1908, .F. ) ;
#2025 = ADVANCED_FACE ( 'NONE', ( #1239 ), #6114, .T. ) ;
#2026 = VERTEX_POINT ( 'NONE', #5011 ) ;
#2027 = LINE ( 'NONE', #4961, #635 ) ;
#2028 = DIRECTION ( 'NONE',  ( -2.312964634635756861E-15, 0.000000000000000000, -1.000000000000000000 ) ) ;
#2029 = DIRECTION ( 'NONE',  ( -1.000000000000000000, 0.000000000000000000, -0.000000000000000000 ) ) ;
#2030 = MANIFOLD_SOLID_BREP ( 'Fillet4', #5147 ) ;
#2031 = ORIENTED_EDGE ( 'NONE', *, *, #5661, .T. ) ;
#2032 = ORIENTED_EDGE ( 'NONE', *, *, #5826, .F. ) ;
#2033 = EDGE_CURVE ( 'NONE', #1231, #4797, #772, .T. ) ;
#2034 = DIRECTION ( 'NONE',  ( -0.000000000000000000, -1.000000000000000000, -0.000000000000000000 ) ) ;
#2035 = CARTESIAN_POINT ( 'NONE',  ( 17.50000000000007816, 2.000000000000000000, 17.49999999999995026 ) ) ;
#2036 = CARTESIAN_POINT ( 'NONE',  ( -25.00000000000001066, 2.000000000000000000, -19.99999999999998224 ) ) ;
#2037 = DIRECTION ( 'NONE',  ( -1.000000000000000000, 0.000000000000000000, 0.000000000000000000 ) ) ;
#2038 = DIRECTION ( 'NONE',  ( 0.000000000000000000, 0.000000000000000000, -1.000000000000000000 ) ) ;
#2039 = VERTEX_POINT ( 'NONE', #1279 ) ;
#2040 = VECTOR ( 'NONE', #1480, 1000.000000000000000 ) ;
#2041 = EDGE_CURVE ( 'NONE', #6329, #5302, #3531, .T. ) ;
#2042 = CARTESIAN_POINT ( 'NONE',  ( 17.50000000000000711, 2.000000000000000000, -17.50000000000001421 ) ) ;
#2043 = CARTESIAN_POINT ( 'NONE',  ( -27.50000000000023448, 19.00000000000000355, -22.49999999999971223 ) ) ;
#2044 = CARTESIAN_POINT ( 'NONE',  ( -26.00000000000000355, 18.47106781186547408, -13.24999999999999822 ) ) ;
#2045 = EDGE_LOOP ( 'NONE', ( #2978, #1369, #4221, #1968 ) ) ;
#2046 = AXIS2_PLACEMENT_3D ( 'NONE', #3254, #3807, #2837 ) ;
#2047 = PRESENTATION_STYLE_ASSIGNMENT (( #103 ) ) ;
#2048 = ORIENTED_EDGE ( 'NONE', *, *, #5131, .F. ) ;
#2049 = PLANE ( 'NONE',  #5423 ) ;
#2050 = CARTESIAN_POINT ( 'NONE',  ( 18.50000000000009237, 2.000000000000001776, 23.49999999999994671 ) ) ;
#2051 = DIRECTION ( 'NONE',  ( -0.000000000000000000, 1.000000000000000000, -0.000000000000000000 ) ) ;
#2052 = EDGE_LOOP ( 'NONE', ( #621, #5148 ) ) ;
#2053 = CIRCLE ( 'NONE', #2370, 5.000000000000000888 ) ;
#2054 = ORIENTED_EDGE ( 'NONE', *, *, #4687, .T. ) ;
#2055 = VECTOR ( 'NONE', #640, 1000.000000000000000 ) ;
#2056 = DIRECTION ( 'NONE',  ( 0.000000000000000000, 1.000000000000000000, 0.000000000000000000 ) ) ;
#2057 = DIRECTION ( 'NONE',  ( -0.000000000000000000, 1.000000000000000000, -0.000000000000000000 ) ) ;
#2058 = PLANE ( 'NONE',  #2362 ) ;
#2059 = MANIFOLD_SOLID_BREP ( 'Fillet3', #1758 ) ;
#2060 = ORIENTED_EDGE ( 'NONE', *, *, #200, .T. ) ;
#2061 = VERTEX_POINT ( 'NONE', #2263 ) ;
#2062 = CARTESIAN_POINT ( 'NONE',  ( 17.63089808097635114, 18.96132346621524434, 18.28538848585759524 ) ) ;
#2063 = LINE ( 'NONE', #4026, #5263 ) ;
#2064 = CARTESIAN_POINT ( 'NONE',  ( 17.50000000000004263, 19.00000000000000355, 12.49999999999993960 ) ) ;
#2065 = VECTOR ( 'NONE', #5934, 1000.000000000000000 ) ;
#2066 = PRODUCT_DEFINITION_SHAPE ( 'NONE', 'NONE',  #2246 ) ;
#2067 = DIRECTION ( 'NONE',  ( 0.000000000000000000, -1.000000000000000000, 0.000000000000000000 ) ) ;
#2068 = DIRECTION ( 'NONE',  ( 0.000000000000000000, 0.000000000000000000, 1.000000000000000000 ) ) ;
#2069 = EDGE_CURVE ( 'NONE', #1520, #4293, #2195, .T. ) ;
#2070 = EDGE_LOOP ( 'NONE', ( #1578, #4581 ) ) ;
#2071 = AXIS2_PLACEMENT_3D ( 'NONE', #6227, #1797, #5171 ) ;
#2072 = AXIS2_PLACEMENT_3D ( 'NONE', #3917, #5818, #1893 ) ;
#2073 = DIRECTION ( 'NONE',  ( 3.491481338843133355E-15, 0.000000000000000000, 1.000000000000000000 ) ) ;
#2074 = DIRECTION ( 'NONE',  ( 1.000000000000000000, -0.000000000000000000, -3.083311109201532150E-15 ) ) ;
#2075 = LINE ( 'NONE', #4491, #5044 ) ;
#2076 = ORIENTED_EDGE ( 'NONE', *, *, #4809, .F. ) ;
#2077 = VERTEX_POINT ( 'NONE', #1380 ) ;
#2078 = AXIS2_PLACEMENT_3D ( 'NONE', #1970, #1501, #1020 ) ;
#2079 = CARTESIAN_POINT ( 'NONE',  ( -5.100000000000000533, 0.1000000000000000056, 10.25000000000000533 ) ) ;
#2080 =( BOUNDED_SURFACE ( )  B_SPLINE_SURFACE ( 3, 2, ( 
 ( #2015, #1002, #2439 ),
 ( #6287, #2466, #4886 ),
 ( #5941, #3012, #2949 ),
 ( #3977, #2501, #1923 ),
 ( #4914, #3493, #3402 ),
 ( #491, #4432, #1541 ),
 ( #4979, #5334, #1890 ),
 ( #1982, #3885, #940 ),
 ( #3856, #5880, #521 ),
 ( #5846, #1481, #2920 ),
 ( #5396, #2410, #4372 ),
 ( #4462, #5815, #1422 ),
 ( #4402, #3369, #2888 ),
 ( #3946, #463, #75 ),
 ( #1451, #971, #5365 ),
 ( #4855, #44, #5911 ),
 ( #6316, #14, #1951 ),
 ( #3915, #1511, #3464 ),
 ( #5428, #1030, #2977 ),
 ( #6003, #5517, #1596 ) ),
 .UNSPECIFIED., .F., .F., .T. ) 
 B_SPLINE_SURFACE_WITH_KNOTS ( ( 4, 2, 2, 2, 2, 2, 2, 2, 2, 4 ),
 ( 3, 3 ),
 ( 3.141592653589793116, 3.239767424014474262, 3.337942194439155408, 3.534291735288517255, 3.730641276137879103, 3.926990816987241395, 4.123340357836603687, 4.319689898685965090, 4.516039439535327382, 4.712388980384689674 ),
 ( 0.000000000000000000, 1.000000000000000000 ),
 .UNSPECIFIED. ) 
 GEOMETRIC_REPRESENTATION_ITEM ( )  RATIONAL_B_SPLINE_SURFACE ( (
 ( 1.000000000000000000, 0.7071067811865475727, 1.000000000000000000),
 ( 1.000000000000000000, 0.7071044350385069510, 1.000000000000000000),
 ( 1.000000000000000000, 0.7082489477862088378, 1.000000000000000000),
 ( 1.000000000000000000, 0.7127418050326717047, 1.000000000000000000),
 ( 1.000000000000000000, 0.7160917299643506650, 1.000000000000000000),
 ( 1.000000000000000000, 0.7291288848862734762, 1.000000000000000000),
 ( 1.000000000000000000, 0.7418334301983742218, 1.000000000000000000),
 ( 1.000000000000000000, 0.7723968094988293842, 1.000000000000000000),
 ( 1.000000000000000000, 0.7902180193271418629, 1.000000000000000000),
 ( 1.000000000000000000, 0.8275942589161974228, 1.000000000000000000),
 ( 1.000000000000000000, 0.8471316681044425145, 1.000000000000000000),
 ( 1.000000000000000000, 0.8849191394644349007, 1.000000000000000000),
 ( 1.000000000000000000, 0.9031651044137845030, 1.000000000000000000),
 ( 1.000000000000000000, 0.9360421792726103529, 1.000000000000000000),
 ( 1.000000000000000000, 0.9506740383552108042, 1.000000000000000000),
 ( 1.000000000000000000, 0.9747108014071016457, 1.000000000000000000),
 ( 1.000000000000000000, 0.9841171518560534182, 1.000000000000000000),
 ( 1.000000000000000000, 0.9967613230916869682, 1.000000000000000000),
 ( 1.000000000000000000, 1.000009747438936669, 1.000000000000000000),
 ( 1.000000000000000000, 1.000000000000000000, 1.000000000000000000) ) ) 
 REPRESENTATION_ITEM ( '' )  SURFACE ( )  );
#2081 = VERTEX_POINT ( 'NONE', #807 ) ;
#2082 = DIRECTION ( 'NONE',  ( -0.000000000000000000, -1.000000000000000000, -0.000000000000000000 ) ) ;
#2083 = AXIS2_PLACEMENT_3D ( 'NONE', #5985, #4108, #4591 ) ;
#2084 = CARTESIAN_POINT ( 'NONE',  ( -17.95962937830975648, 18.99378655249351411, 17.95962937830977069 ) ) ;
#2085 = CARTESIAN_POINT ( 'NONE',  ( -15.00000000000000000, 2.000000000000000000, 24.99999999999999645 ) ) ;
#2086 = EDGE_CURVE ( 'NONE', #55, #4047, #3513, .T. ) ;
#2087 = VERTEX_POINT ( 'NONE', #5805 ) ;
#2088 = EDGE_LOOP ( 'NONE', ( #941, #3557, #1872, #4434 ) ) ;
#2089 = DIRECTION ( 'NONE',  ( 0.000000000000000000, -1.000000000000000000, 0.000000000000000000 ) ) ;
#2090 = CARTESIAN_POINT ( 'NONE',  ( 18.50000000000009237, 13.00000000000000355, 23.49999999999994671 ) ) ;
#2091 = CARTESIAN_POINT ( 'NONE',  ( -4.000000000000000000, 0.1000000000000000056, 7.750000000000006217 ) ) ;
#2092 = ORIENTED_EDGE ( 'NONE', *, *, #5620, .T. ) ;
#2093 = ORIENTED_EDGE ( 'NONE', *, *, #4101, .T. ) ;
#2094 = AXIS2_PLACEMENT_3D ( 'NONE', #222, #2068, #5120 ) ;
#2095 = DIRECTION ( 'NONE',  ( -1.000000000000000000, 0.000000000000000000, 2.081668171172168513E-16 ) ) ;
#2096 = CARTESIAN_POINT ( 'NONE',  ( -18.50000000000001066, 8.000000000000000000, 18.50000000000001421 ) ) ;
#2097 = CARTESIAN_POINT ( 'NONE',  ( 25.00000000000000355, 19.00000000000000355, -6.938893903907231533E-15 ) ) ;
#2098 = DIRECTION ( 'NONE',  ( -0.000000000000000000, 0.000000000000000000, 1.000000000000000000 ) ) ;
#2099 = CYLINDRICAL_SURFACE ( 'NONE', #4983, 0.6999999999999992895 ) ;
#2100 = EDGE_CURVE ( 'NONE', #5927, #4017, #3717, .T. ) ;
#2101 = VERTEX_POINT ( 'NONE', #2331 ) ;
#2102 = PRODUCT_DEFINITION_FORMATION_WITH_SPECIFIED_SOURCE ( 'ANY', '', #84, .NOT_KNOWN. ) ;
#2103 = EDGE_CURVE ( 'NONE', #207, #6239, #2843, .T. ) ;
#2104 = CARTESIAN_POINT ( 'NONE',  ( 19.43329398279535880, 2.306443385973768745, -17.82221566379921285 ) ) ;
#2105 = DIRECTION ( 'NONE',  ( 0.000000000000000000, -1.000000000000000000, 0.000000000000000000 ) ) ;
#2106 = CARTESIAN_POINT ( 'NONE',  ( -17.50000000000017053, 19.00000000000000355, -14.99999999999983125 ) ) ;
#2107 = VERTEX_POINT ( 'NONE', #1314 ) ;
#2108 = ORIENTED_EDGE ( 'NONE', *, *, #3470, .T. ) ;
#2109 = CARTESIAN_POINT ( 'NONE',  ( 6.100000000000003197, 15.75000000000001421, -13.24999999999999822 ) ) ;
#2110 = CARTESIAN_POINT ( 'NONE',  ( 10.50000000000000178, 15.75000000000002487, -13.24999999999999822 ) ) ;
#2111 = AXIS2_PLACEMENT_3D ( 'NONE', #4532, #2664, #1105 ) ;
#2112 = AXIS2_PLACEMENT_3D ( 'NONE', #3075, #655, #331 ) ;
#2113 = CARTESIAN_POINT ( 'NONE',  ( -17.94315120093099125, 18.39299777610913011, 20.15890720558594040 ) ) ;
#2114 = SHAPE_DEFINITION_REPRESENTATION ( #3507, #4540 ) ;
#2115 = ADVANCED_FACE ( 'NONE', ( #3261 ), #2364, .F. ) ;
#2116 = ADVANCED_FACE ( 'NONE', ( #5288 ), #5771, .T. ) ;
#2117 = VERTEX_POINT ( 'NONE', #6211 ) ;
#2118 = VERTEX_POINT ( 'NONE', #2778 ) ;
#2119 = AXIS2_PLACEMENT_3D ( 'NONE', #4633, #1174, #5668 ) ;
#2120 = CARTESIAN_POINT ( 'NONE',  ( 24.99999999999999645, 19.00000000000000355, -19.99999999999998934 ) ) ;
#2121 = LINE ( 'NONE', #6044, #6288 ) ;
#2122 = DIRECTION ( 'NONE',  ( 0.000000000000000000, 0.000000000000000000, -1.000000000000000000 ) ) ;
#2123 = EDGE_CURVE ( 'NONE', #2866, #378, #901, .T. ) ;
#2124 = ORIENTED_EDGE ( 'NONE', *, *, #1469, .F. ) ;
#2125 = ORIENTED_EDGE ( 'NONE', *, *, #5453, .T. ) ;
#2126 = VERTEX_POINT ( 'NONE', #3292 ) ;
#2127 = LINE ( 'NONE', #5630, #2340 ) ;
#2128 = DIRECTION ( 'NONE',  ( -1.000000000000000000, 3.154042683594194381E-17, -3.154042683594194997E-17 ) ) ;
#2129 = FACE_BOUND ( 'NONE', #788, .T. ) ;
#2130 = AXIS2_PLACEMENT_3D ( 'NONE', #504, #2449, #4414 ) ;
#2131 = EDGE_CURVE ( 'NONE', #6108, #5359, #5362, .T. ) ;
#2132 = LINE ( 'NONE', #2521, #5550 ) ;
#2133 = CARTESIAN_POINT ( 'NONE',  ( 11.50000000000000178, 2.000000000000000000, 6.500000000000000000 ) ) ;
#2134 = ORIENTED_EDGE ( 'NONE', *, *, #5389, .T. ) ;
#2135 = CARTESIAN_POINT ( 'NONE',  ( 22.02032083990095401, 4.035039465662372038, -18.25338680665019453 ) ) ;
#2136 = CARTESIAN_POINT ( 'NONE',  ( 18.49839232955930513, 7.607301189907563987, 23.49035397735512021 ) ) ;
#2137 = CARTESIAN_POINT ( 'NONE',  ( -23.50000000000000711, 16.51471862576143224, 18.50000000000001776 ) ) ;
#2138 = EDGE_LOOP ( 'NONE', ( #1261, #6093, #350, #286 ) ) ;
#2139 = ORIENTED_EDGE ( 'NONE', *, *, #3065, .F. ) ;
#2140 = EDGE_CURVE ( 'NONE', #4682, #1130, #6275, .T. ) ;
#2141 = DIRECTION ( 'NONE',  ( 0.000000000000000000, 0.000000000000000000, -1.000000000000000000 ) ) ;
#2142 = LINE ( 'NONE', #2050, #5792 ) ;
#2143 = CARTESIAN_POINT ( 'NONE',  ( -19.05569537833590843, 18.80809989862352793, 17.75928256305599717 ) ) ;
#2144 = APPLICATION_PROTOCOL_DEFINITION ( 'draft international standard', 'automotive_design', 1998, #1653 ) ;
#2145 = VECTOR ( 'NONE', #3337, 1000.000000000000000 ) ;
#2146 = AXIS2_PLACEMENT_3D ( 'NONE', #1472, #1534, #1413 ) ;
#2147 = CARTESIAN_POINT ( 'NONE',  ( -4.750000000000000888, 0.1000000000000000056, -6.150000000000003908 ) ) ;
#2148 = ORIENTED_EDGE ( 'NONE', *, *, #1598, .T. ) ;
#2149 = LINE ( 'NONE', #6073, #3051 ) ;
#2150 = LINE ( 'NONE', #211, #5889 ) ;
#2151 = PLANE ( 'NONE',  #2111 ) ;
#2152 =( BOUNDED_SURFACE ( )  B_SPLINE_SURFACE ( 3, 2, ( 
 ( #3643, #5504, #1202 ),
 ( #4084, #121, #2157 ),
 ( #2062, #5990, #3547 ),
 ( #5061, #4538, #1645 ),
 ( #3579, #671, #2610 ),
 ( #4567, #182, #1172 ),
 ( #5088, #6193, #5298 ),
 ( #3790, #5783, #1323 ),
 ( #3237, #2824, #5686 ),
 ( #1889, #4277, #5200 ),
 ( #2241, #1290, #1793 ),
 ( #3727, #1420, #911 ),
 ( #1357, #2791, #818 ),
 ( #4792, #5233, #2277 ),
 ( #5814, #3304, #3855 ),
 ( #2853, #4246, #5268 ),
 ( #3368, #3758, #4686 ),
 ( #5332, #2756, #938 ),
 ( #4822, #300, #403 ),
 ( #5717, #4208, #3270 ) ),
 .UNSPECIFIED., .F., .F., .F. ) 
 B_SPLINE_SURFACE_WITH_KNOTS ( ( 4, 2, 2, 2, 2, 2, 2, 2, 2, 4 ),
 ( 3, 3 ),
 ( 4.712388980384689674, 4.908738521234051966, 5.105088062083414258, 5.301437602932775661, 5.497787143782137953, 5.694136684631500245, 5.890486225480861648, 6.086835766330223940, 6.185010536754905530, 6.283185307179586232 ),
 ( 0.000000000000000000, 1.000000000000000000 ),
 .UNSPECIFIED. ) 
 GEOMETRIC_REPRESENTATION_ITEM ( )  RATIONAL_B_SPLINE_SURFACE ( (
 ( 1.000000000000000000, 1.000000000000000000, 1.000000000000000000),
 ( 1.000000000000000000, 1.000009747438936003, 1.000000000000000000),
 ( 1.000000000000000000, 0.9967613230916871903, 1.000000000000000000),
 ( 1.000000000000000000, 0.9841171518560536402, 1.000000000000000000),
 ( 1.000000000000000000, 0.9747108014070874349, 1.000000000000000000),
 ( 1.000000000000000000, 0.9506740383552263474, 1.000000000000000000),
 ( 1.000000000000000000, 0.9360421792726146828, 1.000000000000000000),
 ( 1.000000000000000000, 0.9031651044137793960, 1.000000000000000000),
 ( 1.000000000000000000, 0.8849191394644267961, 1.000000000000000000),
 ( 1.000000000000000000, 0.8471316681044521735, 1.000000000000000000),
 ( 1.000000000000000000, 0.8275942589162100793, 1.000000000000000000),
 ( 1.000000000000000000, 0.7902180193271319819, 1.000000000000000000),
 ( 1.000000000000000000, 0.7723968094988222788, 1.000000000000000000),
 ( 1.000000000000000000, 0.7418334301983826595, 1.000000000000000000),
 ( 1.000000000000000000, 0.7291288848862663707, 1.000000000000000000),
 ( 1.000000000000000000, 0.7160917299643543288, 1.000000000000000000),
 ( 1.000000000000000000, 0.7127418050326708165, 1.000000000000000000),
 ( 1.000000000000000000, 0.7082489477862095040, 1.000000000000000000),
 ( 1.000000000000000000, 0.7071044350385067290, 1.000000000000000000),
 ( 1.000000000000000000, 0.7071067811865475727, 1.000000000000000000) ) ) 
 REPRESENTATION_ITEM ( '' )  SURFACE ( )  );
#2153 = ORIENTED_EDGE ( 'NONE', *, *, #4572, .F. ) ;
#2154 = VERTEX_POINT ( 'NONE', #1439 ) ;
#2155 = AXIS2_PLACEMENT_3D ( 'NONE', #4234, #4783, #6184 ) ;
#2156 = EDGE_LOOP ( 'NONE', ( #861, #1701, #6204, #5282 ) ) ;
#2157 = CARTESIAN_POINT ( 'NONE',  ( 17.89270351182393526, 19.00000000000000355, 17.56545058530392112 ) ) ;
#2158 = DIRECTION ( 'NONE',  ( 4.081702296416010573E-16, -0.000000000000000000, -1.000000000000000000 ) ) ;
#2159 = FACE_BOUND ( 'NONE', #1688, .T. ) ;
#2160 = CIRCLE ( 'NONE', #5966, 0.6999999999999992895 ) ;
#2161 = LINE ( 'NONE', #3032, #5802 ) ;
#2162 = ORIENTED_EDGE ( 'NONE', *, *, #3341, .T. ) ;
#2163 = EDGE_CURVE ( 'NONE', #2442, #3458, #3307, .T. ) ;
#2164 = CARTESIAN_POINT ( 'NONE',  ( 12.49999999999999822, 19.00000000000000355, -4.364351673553916063E-14 ) ) ;
#2165 = CARTESIAN_POINT ( 'NONE',  ( -13.90000000000001279, -1.000000000000000000, 1.249999999999994005 ) ) ;
#2166 = CIRCLE ( 'NONE', #37, 0.7999999999999986011 ) ;
#2167 = DIRECTION ( 'NONE',  ( 0.000000000000000000, 0.000000000000000000, 1.000000000000000000 ) ) ;
#2168 = VECTOR ( 'NONE', #424, 1000.000000000000000 ) ;
#2169 = ORIENTED_EDGE ( 'NONE', *, *, #3677, .F. ) ;
#2170 = ORIENTED_EDGE ( 'NONE', *, *, #5246, .T. ) ;
#2171 = VERTEX_POINT ( 'NONE', #2745 ) ;
#2172 = VECTOR ( 'NONE', #5256, 1000.000000000000000 ) ;
#2173 = DIRECTION ( 'NONE',  ( 1.000000000000000000, 0.000000000000000000, 0.000000000000000000 ) ) ;
#2174 = CARTESIAN_POINT ( 'NONE',  ( -18.50000000000001066, 13.00000000000000355, 23.50000000000001421 ) ) ;
#2175 = EDGE_CURVE ( 'NONE', #2201, #796, #1880, .T. ) ;
#2176 = CARTESIAN_POINT ( 'NONE',  ( -18.36783159439260871, 16.00690408648999252, 22.70698956635570553 ) ) ;
#2177 = ORIENTED_EDGE ( 'NONE', *, *, #1991, .T. ) ;
#2178 = EDGE_LOOP ( 'NONE', ( #4616, #3326, #5301, #3043 ) ) ;
#2179 = ADVANCED_FACE ( 'NONE', ( #4844 ), #452, .F. ) ;
#2180 = EDGE_LOOP ( 'NONE', ( #3711, #1607, #2560, #5796 ) ) ;
#2181 = CARTESIAN_POINT ( 'NONE',  ( -5.000000000000000000, 1.399999999999999911, 6.650000000000005684 ) ) ;
#2182 = DIRECTION ( 'NONE',  ( 0.000000000000000000, 1.000000000000000000, 0.000000000000000000 ) ) ;
#2183 = ADVANCED_FACE ( 'NONE', ( #4233 ), #2812, .F. ) ;
#2184 = LINE ( 'NONE', #1639, #431 ) ;
#2185 = EDGE_CURVE ( 'NONE', #4917, #2902, #4781, .T. ) ;
#2186 = ORIENTED_EDGE ( 'NONE', *, *, #3636, .F. ) ;
#2187 = ORIENTED_EDGE ( 'NONE', *, *, #3341, .F. ) ;
#2188 = ORIENTED_EDGE ( 'NONE', *, *, #2826, .T. ) ;
#2189 = DIRECTION ( 'NONE',  ( -0.000000000000000000, 1.000000000000000000, -0.000000000000000000 ) ) ;
#2190 = CARTESIAN_POINT ( 'NONE',  ( 17.50000000000009592, 19.00000000000000355, 27.49999999999993605 ) ) ;
#2191 = DIRECTION ( 'NONE',  ( 0.000000000000000000, 1.000000000000000000, 0.000000000000000000 ) ) ;
#2192 = FACE_OUTER_BOUND ( 'NONE', #628, .T. ) ;
#2193 = EDGE_CURVE ( 'NONE', #1137, #1635, #4299, .T. ) ;
#2194 = VERTEX_POINT ( 'NONE', #1531 ) ;
#2195 = LINE ( 'NONE', #1410, #3617 ) ;
#2196 = VECTOR ( 'NONE', #1145, 1000.000000000000000 ) ;
#2197 = VERTEX_POINT ( 'NONE', #3904 ) ;
#2198 = CYLINDRICAL_SURFACE ( 'NONE', #2155, 0.6999999999999992895 ) ;
#2199 = CARTESIAN_POINT ( 'NONE',  ( 17.50000000000006750, 2.000000000000000000, 14.99999999999993960 ) ) ;
#2200 = CYLINDRICAL_SURFACE ( 'NONE', #4431, 5.000000000000000888 ) ;
#2201 = VERTEX_POINT ( 'NONE', #1049 ) ;
#2202 = EDGE_LOOP ( 'NONE', ( #1597, #650, #3669, #30 ) ) ;
#2203 = DIRECTION ( 'NONE',  ( -0.000000000000000000, -1.000000000000000000, 0.000000000000000000 ) ) ;
#2204 = LINE ( 'NONE', #1820, #4833 ) ;
#2205 = LINE ( 'NONE', #6125, #3612 ) ;
#2206 = CARTESIAN_POINT ( 'NONE',  ( -20.50690407708137641, 18.20698957264233542, 18.00115067951359293 ) ) ;
#2207 =( NAMED_UNIT ( * ) SI_UNIT ( $, .STERADIAN. ) SOLID_ANGLE_UNIT ( ) );
#2208 = ORIENTED_EDGE ( 'NONE', *, *, #557, .T. ) ;
#2209 = CARTESIAN_POINT ( 'NONE',  ( 12.50000000000000000, 21.00000000000000355, -22.50000000000000000 ) ) ;
#2210 = LINE ( 'NONE', #2827, #754 ) ;
#2211 = ORIENTED_EDGE ( 'NONE', *, *, #4955, .T. ) ;
#2212 = PLANE ( 'NONE',  #4588 ) ;
#2213 = CARTESIAN_POINT ( 'NONE',  ( 18.29510763021250241, 16.65993870974526558, -22.27064578127485106 ) ) ;
#2214 = CARTESIAN_POINT ( 'NONE',  ( 18.08578643762691485, 19.00000000000000355, -21.01471862576144289 ) ) ;
#2215 = AXIS2_PLACEMENT_3D ( 'NONE', #1801, #3767, #1332 ) ;
#2216 = VERTEX_POINT ( 'NONE', #960 ) ;
#2217 = ORIENTED_EDGE ( 'NONE', *, *, #1328, .F. ) ;
#2218 = VECTOR ( 'NONE', #3696, 1000.000000000000000 ) ;
#2219 = EDGE_LOOP ( 'NONE', ( #2900, #2018 ) ) ;
#2220 = CARTESIAN_POINT ( 'NONE',  ( -27.50000000000000355, 6.400000000000000355, 3.821067811865476394 ) ) ;
#2221 = DIRECTION ( 'NONE',  ( -1.000000000000000000, 0.000000000000000000, 0.000000000000000000 ) ) ;
#2222 = FACE_BOUND ( 'NONE', #3020, .T. ) ;
#2223 = VECTOR ( 'NONE', #4932, 1000.000000000000000 ) ;
#2224 = LINE ( 'NONE', #5185, #2921 ) ;
#2225 = ORIENTED_EDGE ( 'NONE', *, *, #2950, .T. ) ;
#2226 = EDGE_CURVE ( 'NONE', #1138, #2982, #1221, .T. ) ;
#2227 = PLANE ( 'NONE',  #654 ) ;
#2228 = VECTOR ( 'NONE', #57, 1000.000000000000000 ) ;
#2229 = CYLINDRICAL_SURFACE ( 'NONE', #24, 8.100000000000003197 ) ;
#2230 = CARTESIAN_POINT ( 'NONE',  ( 18.42791506256998701, 2.034276963139227234, 18.42791506256952516 ) ) ;
#2231 = DIRECTION ( 'NONE',  ( -0.000000000000000000, -0.000000000000000000, 1.000000000000000000 ) ) ;
#2232 = ORIENTED_EDGE ( 'NONE', *, *, #4296, .T. ) ;
#2233 = ORIENTED_EDGE ( 'NONE', *, *, #5999, .T. ) ;
#2234 = ORIENTED_EDGE ( 'NONE', *, *, #79, .T. ) ;
#2235 = AXIS2_PLACEMENT_3D ( 'NONE', #3152, #3672, #6050 ) ;
#2236 = EDGE_CURVE ( 'NONE', #5146, #2683, #2519, .T. ) ;
#2237 = ORIENTED_EDGE ( 'NONE', *, *, #5660, .T. ) ;
#2238 = DIRECTION ( 'NONE',  ( 0.000000000000000000, 1.000000000000000000, 0.000000000000000000 ) ) ;
#2239 = DIRECTION ( 'NONE',  ( 0.000000000000000000, 0.000000000000000000, 1.000000000000000000 ) ) ;
#2240 = DIRECTION ( 'NONE',  ( 0.000000000000000000, 1.000000000000000000, -0.000000000000000000 ) ) ;
#2241 = CARTESIAN_POINT ( 'NONE',  ( 18.29510763021258768, 16.65993870974535085, 22.27064578127472672 ) ) ;
#2242 = VECTOR ( 'NONE', #5456, 1000.000000000000000 ) ;
#2243 = CYLINDRICAL_SURFACE ( 'NONE', #1558, 1.100000000000000311 ) ;
#2244 =( LENGTH_UNIT ( ) NAMED_UNIT ( * ) SI_UNIT ( .MILLI., .METRE. ) );
#2245 = VERTEX_POINT ( 'NONE', #2428 ) ;
#2246 = PRODUCT_DEFINITION ( 'UNKNOWN', '', #2313, #3745 ) ;
#2247 = DIRECTION ( 'NONE',  ( 0.000000000000000000, 1.000000000000000000, 0.000000000000000000 ) ) ;
#2248 = CIRCLE ( 'NONE', #4718, 1.100000000000000311 ) ;
#2249 = ORIENTED_EDGE ( 'NONE', *, *, #4722, .F. ) ;
#2250 = DIRECTION ( 'NONE',  ( 0.000000000000000000, 0.000000000000000000, 1.000000000000000000 ) ) ;
#2251 = CARTESIAN_POINT ( 'NONE',  ( 22.89299778444377509, 15.65890718546432403, -18.39883296407403535 ) ) ;
#2252 = CARTESIAN_POINT ( 'NONE',  ( 22.50000000000000000, 19.00000000000000355, -17.49999999999999645 ) ) ;
#2253 = CARTESIAN_POINT ( 'NONE',  ( 17.50000000000000000, 19.00000000000000355, -17.49999999999999645 ) ) ;
#2254 = ORIENTED_EDGE ( 'NONE', *, *, #510, .F. ) ;
#2255 = ORIENTED_EDGE ( 'NONE', *, *, #2588, .F. ) ;
#2256 = EDGE_LOOP ( 'NONE', ( #4211, #718, #2930, #3143 ) ) ;
#2257 = DIRECTION ( 'NONE',  ( 0.000000000000000000, 0.000000000000000000, -1.000000000000000000 ) ) ;
#2258 = FACE_OUTER_BOUND ( 'NONE', #3429, .T. ) ;
#2259 = CARTESIAN_POINT ( 'NONE',  ( -17.94315120093120441, 18.39299777610916564, -20.15890720558567040 ) ) ;
#2260 = EDGE_CURVE ( 'NONE', #5788, #1878, #5416, .T. ) ;
#2261 = CARTESIAN_POINT ( 'NONE',  ( 9.422592737498557488E-14, 19.00000000000000355, 25.00000000000000355 ) ) ;
#2262 = EDGE_LOOP ( 'NONE', ( #2357, #5586, #1985, #966 ) ) ;
#2263 = CARTESIAN_POINT ( 'NONE',  ( 15.00000000000000178, 8.000000000000000000, -23.50000000000001421 ) ) ;
#2264 = CIRCLE ( 'NONE', #4007, 8.100000000000001421 ) ;
#2265 = EDGE_CURVE ( 'NONE', #3818, #3119, #1271, .T. ) ;
#2266 = PLANE ( 'NONE',  #4635 ) ;
#2267 = CARTESIAN_POINT ( 'NONE',  ( 18.25338680665027269, 4.035039465661983904, 22.02032083990049927 ) ) ;
#2268 = CYLINDRICAL_SURFACE ( 'NONE', #1259, 0.7999999999999986011 ) ;
#2269 = ORIENTED_EDGE ( 'NONE', *, *, #2578, .T. ) ;
#2270 = VECTOR ( 'NONE', #373, 1000.000000000000000 ) ;
#2271 = VECTOR ( 'NONE', #402, 1000.000000000000000 ) ;
#2272 = DIRECTION ( 'NONE',  ( -0.000000000000000000, 1.000000000000000000, 0.000000000000000000 ) ) ;
#2273 = DIRECTION ( 'NONE',  ( 0.000000000000000000, 0.000000000000000000, 1.000000000000000000 ) ) ;
#2274 = AXIS2_PLACEMENT_3D ( 'NONE', #1884, #4847, #457 ) ;
#2275 = CIRCLE ( 'NONE', #5045, 6.000000000000000000 ) ;
#2276 = CARTESIAN_POINT ( 'NONE',  ( -19.50000000000000355, 31.39999999999999858, -13.25000000000000000 ) ) ;
#2277 = CARTESIAN_POINT ( 'NONE',  ( 23.19355660569162936, 14.93329400291707465, 18.44892610094860075 ) ) ;
#2278 = DIRECTION ( 'NONE',  ( 0.000000000000000000, 0.000000000000000000, -1.000000000000000000 ) ) ;
#2279 = VERTEX_POINT ( 'NONE', #3483 ) ;
#2280 = LINE ( 'NONE', #2209, #2894 ) ;
#2281 = CIRCLE ( 'NONE', #2072, 5.000000000000000000 ) ;
#2282 = DIRECTION ( 'NONE',  ( 0.000000000000000000, -0.7071067811865475727, -0.7071067811865474617 ) ) ;
#2283 = ORIENTED_EDGE ( 'NONE', *, *, #1616, .F. ) ;
#2284 = FACE_OUTER_BOUND ( 'NONE', #3867, .T. ) ;
#2285 = CARTESIAN_POINT ( 'NONE',  ( 18.49999999999183586, 13.19634965606317145, -23.50000000000001776 ) ) ;
#2286 = CARTESIAN_POINT ( 'NONE',  ( -1.918111297674780643E-13, 19.00000000000000355, -15.00000000000005507 ) ) ;
#2287 = CARTESIAN_POINT ( 'NONE',  ( -22.75625254439660594, 4.741810658275354307, 22.75625254439649225 ) ) ;
#2288 = EDGE_CURVE ( 'NONE', #682, #2632, #91, .T. ) ;
#2289 = VERTEX_POINT ( 'NONE', #5991 ) ;
#2290 = VERTEX_POINT ( 'NONE', #3994 ) ;
#2291 = VERTEX_POINT ( 'NONE', #4876 ) ;
#2292 = AXIS2_PLACEMENT_3D ( 'NONE', #800, #925, #2772 ) ;
#2293 = CARTESIAN_POINT ( 'NONE',  ( 12.50000000000007638, 19.00000000000000355, 22.49999999999995381 ) ) ;
#2294 = DIRECTION ( 'NONE',  ( 0.000000000000000000, 0.000000000000000000, 1.000000000000000000 ) ) ;
#2295 = CARTESIAN_POINT ( 'NONE',  ( -20.15890720558612870, 18.39299777610913011, -17.94315120093078164 ) ) ;
#2296 = CARTESIAN_POINT ( 'NONE',  ( -22.50000000000000000, 21.00000000000000355, 12.49999999999999822 ) ) ;
#2297 = CIRCLE ( 'NONE', #5894, 0.7999999999999986011 ) ;
#2298 = ORIENTED_EDGE ( 'NONE', *, *, #5131, .T. ) ;
#2299 = CARTESIAN_POINT ( 'NONE',  ( 17.50000000000007816, 21.00000000000000355, 22.49999999999993605 ) ) ;
#2300 = ADVANCED_FACE ( 'NONE', ( #3936 ), #1470, .T. ) ;
#2301 = CARTESIAN_POINT ( 'NONE',  ( -27.50000000000000000, 19.00000000000000355, 22.50000000000000000 ) ) ;
#2302 = DIRECTION ( 'NONE',  ( 1.000000000000000000, 0.000000000000000000, -3.491481338843133355E-15 ) ) ;
#2303 = CYLINDRICAL_SURFACE ( 'NONE', #1654, 0.6999999999999992895 ) ;
#2304 = VERTEX_POINT ( 'NONE', #3423 ) ;
#2305 = ORIENTED_EDGE ( 'NONE', *, *, #2379, .T. ) ;
#2306 = EDGE_CURVE ( 'NONE', #4553, #4248, #3729, .T. ) ;
#2307 = VECTOR ( 'NONE', #3222, 1000.000000000000000 ) ;
#2308 = CARTESIAN_POINT ( 'NONE',  ( -21.29999999999999716, 0.000000000000000000, 9.849999999999983658 ) ) ;
#2309 = DIRECTION ( 'NONE',  ( 0.000000000000000000, 0.000000000000000000, 1.000000000000000000 ) ) ;
#2310 = CARTESIAN_POINT ( 'NONE',  ( 12.50000000000000000, 21.00000000000000355, 0.000000000000000000 ) ) ;
#2311 = DIRECTION ( 'NONE',  ( 0.000000000000000000, 0.000000000000000000, -1.000000000000000000 ) ) ;
#2312 = CARTESIAN_POINT ( 'NONE',  ( -23.29960934660792304, 14.75391438836838631, 23.29960934660793370 ) ) ;
#2313 = PRODUCT_DEFINITION_FORMATION_WITH_SPECIFIED_SOURCE ( 'ANY', '', #1559, .NOT_KNOWN. ) ;
#2314 = DIRECTION ( 'NONE',  ( -3.491481338843132961E-15, 0.000000000000000000, -1.000000000000000000 ) ) ;
#2315 = ADVANCED_FACE ( 'NONE', ( #3514 ), #122, .F. ) ;
#2316 = DIRECTION ( 'NONE',  ( -1.000000000000000000, 0.000000000000000000, 1.075199977268568920E-14 ) ) ;
#2317 = VERTEX_POINT ( 'NONE', #4997 ) ;
#2318 = CARTESIAN_POINT ( 'NONE',  ( 11.90000000000000036, 15.75000000000002487, -23.25000000000000000 ) ) ;
#2319 = CARTESIAN_POINT ( 'NONE',  ( 22.02032083990106059, 16.96496053433752849, -18.25338680665019098 ) ) ;
#2320 = DIRECTION ( 'NONE',  ( -0.000000000000000000, -0.000000000000000000, 1.000000000000000000 ) ) ;
#2321 = CARTESIAN_POINT ( 'NONE',  ( -18.66869921594830117, 2.056468423623372566, 18.66869921594800275 ) ) ;
#2322 = EDGE_CURVE ( 'NONE', #3956, #3818, #2063, .T. ) ;
#2323 = ORIENTED_EDGE ( 'NONE', *, *, #724, .F. ) ;
#2324 = ORIENTED_EDGE ( 'NONE', *, *, #4394, .T. ) ;
#2325 = VERTEX_POINT ( 'NONE', #5354 ) ;
#2326 = DIRECTION ( 'NONE',  ( -0.000000000000000000, -1.000000000000000000, -0.000000000000000000 ) ) ;
#2327 = CARTESIAN_POINT ( 'NONE',  ( 19.50000000000000355, 23.39999999999999858, -15.25000000000000000 ) ) ;
#2328 = ADVANCED_FACE ( 'NONE', ( #483 ), #4393, .F. ) ;
#2329 = CARTESIAN_POINT ( 'NONE',  ( 21.30000000000001137, 0.1000000000000000056, -8.249999999999985789 ) ) ;
#2330 = ORIENTED_EDGE ( 'NONE', *, *, #1857, .F. ) ;
#2331 = CARTESIAN_POINT ( 'NONE',  ( 23.50000000000001066, 13.00000000000000355, -15.00000000000000178 ) ) ;
#2332 = EDGE_CURVE ( 'NONE', #1626, #3033, #2938, .T. ) ;
#2333 = CIRCLE ( 'NONE', #5926, 5.000000000000000888 ) ;
#2334 = DIRECTION ( 'NONE',  ( -0.000000000000000000, 1.000000000000000000, -0.000000000000000000 ) ) ;
#2335 = CARTESIAN_POINT ( 'NONE',  ( 19.42876307165490601, 2.178226274078132629, 19.42876307165490246 ) ) ;
#2336 = CARTESIAN_POINT ( 'NONE',  ( -17.50000000000000711, 13.00000000000000355, 15.00000000000000178 ) ) ;
#2337 = ORIENTED_EDGE ( 'NONE', *, *, #6254, .F. ) ;
#2338 = VECTOR ( 'NONE', #5561, 1000.000000000000000 ) ;
#2339 = AXIS2_PLACEMENT_3D ( 'NONE', #4455, #94, #1053 ) ;
#2340 = VECTOR ( 'NONE', #156, 1000.000000000000000 ) ;
#2341 = PLANE ( 'NONE',  #5830 ) ;
#2342 = DIRECTION ( 'NONE',  ( -0.000000000000000000, -0.000000000000000000, 1.000000000000000000 ) ) ;
#2343 = PLANE ( 'NONE',  #5772 ) ;
#2344 = CARTESIAN_POINT ( 'NONE',  ( -17.50000000000023448, 21.00000000000000355, -22.49999999999981526 ) ) ;
#2345 = ADVANCED_FACE ( 'NONE', ( #4905 ), #509, .F. ) ;
#2346 = CARTESIAN_POINT ( 'NONE',  ( -23.50000000000001066, 12.99999999999999289, 18.50000000000001776 ) ) ;
#2347 = EDGE_CURVE ( 'NONE', #2579, #4812, #2966, .T. ) ;
#2348 = DIRECTION ( 'NONE',  ( 0.000000000000000000, -0.000000000000000000, -1.000000000000000000 ) ) ;
#2349 = ORIENTED_EDGE ( 'NONE', *, *, #3262, .T. ) ;
#2350 = DIRECTION ( 'NONE',  ( 0.000000000000000000, -0.000000000000000000, 1.000000000000000000 ) ) ;
#2351 = CARTESIAN_POINT ( 'NONE',  ( 18.36783159439260871, 16.00690408648999252, -22.70698956635570553 ) ) ;
#2352 = CARTESIAN_POINT ( 'NONE',  ( 21.30000000000001137, 1.399999999999999911, -9.849999999999983658 ) ) ;
#2353 = EDGE_CURVE ( 'NONE', #6298, #3678, #2489, .T. ) ;
#2354 = CARTESIAN_POINT ( 'NONE',  ( -20.15890720558573435, 2.607002223890791726, 17.94315120093099836 ) ) ;
#2355 = EDGE_LOOP ( 'NONE', ( #6005, #3380, #4055, #3926 ) ) ;
#2356 = VERTEX_POINT ( 'NONE', #3644 ) ;
#2357 = ORIENTED_EDGE ( 'NONE', *, *, #148, .T. ) ;
#2358 = EDGE_CURVE ( 'NONE', #1137, #3866, #4030, .T. ) ;
#2359 = DIRECTION ( 'NONE',  ( 0.000000000000000000, 0.000000000000000000, -1.000000000000000000 ) ) ;
#2360 = CARTESIAN_POINT ( 'NONE',  ( 21.30000000000001137, 0.000000000000000000, -9.049999999999984723 ) ) ;
#2361 = CARTESIAN_POINT ( 'NONE',  ( -23.29960934660817884, 14.75391438836838631, -23.29960934660768146 ) ) ;
#2362 = AXIS2_PLACEMENT_3D ( 'NONE', #1552, #1080, #5350 ) ;
#2363 = VERTEX_POINT ( 'NONE', #2190 ) ;
#2364 = PLANE ( 'NONE',  #5260 ) ;
#2365 = DIRECTION ( 'NONE',  ( 0.000000000000000000, -1.000000000000000000, 0.000000000000000000 ) ) ;
#2366 = CARTESIAN_POINT ( 'NONE',  ( 17.82221566379943312, 2.306443385974075611, 19.43329398279604092 ) ) ;
#2367 = CARTESIAN_POINT ( 'NONE',  ( 27.50000000000000355, 23.39999999999999858, -13.24999999999999822 ) ) ;
#2368 = ADVANCED_FACE ( 'NONE', ( #4188 ), #282, .F. ) ;
#2369 = VERTEX_POINT ( 'NONE', #3673 ) ;
#2370 = AXIS2_PLACEMENT_3D ( 'NONE', #740, #1119, #4160 ) ;
#2371 = CARTESIAN_POINT ( 'NONE',  ( -27.50000000000000000, 21.00000000000000355, 22.50000000000000000 ) ) ;
#2372 = CYLINDRICAL_SURFACE ( 'NONE', #1733, 8.000000000000000000 ) ;
#2373 = CARTESIAN_POINT ( 'NONE',  ( -24.99999999999999645, 19.00000000000000355, 20.00000000000000000 ) ) ;
#2374 = DIRECTION ( 'NONE',  ( 0.000000000000000000, 1.000000000000000000, 0.000000000000000000 ) ) ;
#2375 = AXIS2_PLACEMENT_3D ( 'NONE', #5541, #1619, #5510 ) ;
#2376 = CARTESIAN_POINT ( 'NONE',  ( 25.00000000000000355, 2.000000000000000000, 19.99999999999998934 ) ) ;
#2377 = VERTEX_POINT ( 'NONE', #1586 ) ;
#2378 = LINE ( 'NONE', #494, #5980 ) ;
#2379 = EDGE_CURVE ( 'NONE', #5663, #97, #2908, .T. ) ;
#2380 = EDGE_LOOP ( 'NONE', ( #3191, #3344, #5012, #5575 ) ) ;
#2381 = AXIS2_PLACEMENT_3D ( 'NONE', #1518, #3471, #1038 ) ;
#2382 = DIRECTION ( 'NONE',  ( 0.000000000000000000, 0.000000000000000000, -1.000000000000000000 ) ) ;
#2383 = DIRECTION ( 'NONE',  ( -1.000000000000000000, 0.000000000000000000, 1.006627378688779886E-14 ) ) ;
#2384 = FACE_OUTER_BOUND ( 'NONE', #4492, .T. ) ;
#2385 = EDGE_CURVE ( 'NONE', #4797, #248, #5026, .T. ) ;
#2386 = CARTESIAN_POINT ( 'NONE',  ( -17.72907422770589392, 1.999999973656763519, 17.72907422770590102 ) ) ;
#2387 = ORIENTED_EDGE ( 'NONE', *, *, #4996, .F. ) ;
#2388 = AXIS2_PLACEMENT_3D ( 'NONE', #304, #2282, #1827 ) ;
#2389 = ORIENTED_EDGE ( 'NONE', *, *, #480, .T. ) ;
#2390 = ADVANCED_FACE ( 'NONE', ( #3186 ), #5062, .F. ) ;
#2391 = ORIENTED_EDGE ( 'NONE', *, *, #1242, .T. ) ;
#2392 = EDGE_CURVE ( 'NONE', #3740, #5496, #5631, .T. ) ;
#2393 = ORIENTED_EDGE ( 'NONE', *, *, #1870, .T. ) ;
#2394 = LINE ( 'NONE', #1013, #2849 ) ;
#2395 = CARTESIAN_POINT ( 'NONE',  ( -8.999999999999998224, 15.75000000000000000, -23.25000000000000000 ) ) ;
#2396 = CARTESIAN_POINT ( 'NONE',  ( -17.56545058530418046, 19.00000000000000355, -17.89270351182369723 ) ) ;
#2397 = VECTOR ( 'NONE', #737, 1000.000000000000000 ) ;
#2398 = ORIENTED_EDGE ( 'NONE', *, *, #351, .F. ) ;
#2399 = DIRECTION ( 'NONE',  ( 0.000000000000000000, 0.000000000000000000, -1.000000000000000000 ) ) ;
#2400 = EDGE_CURVE ( 'NONE', #2039, #5115, #157, .T. ) ;
#2401 = AXIS2_PLACEMENT_3D ( 'NONE', #3509, #5380, #1998 ) ;
#2402 = DIRECTION ( 'NONE',  ( -1.000000000000000000, -0.000000000000000000, -0.000000000000000000 ) ) ;
#2403 = ADVANCED_FACE ( 'NONE', ( #6110 ), #6051, .F. ) ;
#2404 = CYLINDRICAL_SURFACE ( 'NONE', #1368, 0.7999999999999986011 ) ;
#2405 = ORIENTED_EDGE ( 'NONE', *, *, #4101, .F. ) ;
#2406 = VECTOR ( 'NONE', #6292, 1000.000000000000000 ) ;
#2407 = CYLINDRICAL_SURFACE ( 'NONE', #5124, 0.6999999999999995115 ) ;
#2408 = EDGE_CURVE ( 'NONE', #4608, #3705, #6083, .T. ) ;
#2409 = DIRECTION ( 'NONE',  ( 0.000000000000000000, 1.000000000000000000, -0.000000000000000000 ) ) ;
#2410 = CARTESIAN_POINT ( 'NONE',  ( -20.87428726326023920, 2.731298660876423590, -20.87428726325965656 ) ) ;
#2411 = EDGE_LOOP ( 'NONE', ( #1828, #3578, #6264, #4186 ) ) ;
#2412 = CARTESIAN_POINT ( 'NONE',  ( 9.700000000000001066, 15.75000000000002132, -15.25000000000000000 ) ) ;
#2413 = ORIENTED_EDGE ( 'NONE', *, *, #2989, .F. ) ;
#2414 = PLANE ( 'NONE',  #4575 ) ;
#2415 = CARTESIAN_POINT ( 'NONE',  ( 22.50000000000006040, 21.00000000000000355, 17.49999999999992184 ) ) ;
#2416 = EDGE_CURVE ( 'NONE', #1600, #4856, #1666, .T. ) ;
#2417 = CIRCLE ( 'NONE', #2094, 0.6999999999999992895 ) ;
#2418 = DIRECTION ( 'NONE',  ( 0.000000000000000000, 0.000000000000000000, -1.000000000000000000 ) ) ;
#2419 = DIRECTION ( 'NONE',  ( 1.000000000000000000, 0.000000000000000000, -1.278740865116515653E-14 ) ) ;
#2420 = ORIENTED_EDGE ( 'NONE', *, *, #1907, .F. ) ;
#2421 = ORIENTED_EDGE ( 'NONE', *, *, #5736, .T. ) ;
#2422 = ORIENTED_EDGE ( 'NONE', *, *, #5584, .F. ) ;
#2423 = CYLINDRICAL_SURFACE ( 'NONE', #5241, 5.000000000000000888 ) ;
#2424 = DIRECTION ( 'NONE',  ( 0.000000000000000000, 0.000000000000000000, 1.000000000000000000 ) ) ;
#2425 = CARTESIAN_POINT ( 'NONE',  ( -27.50000000000000355, 0.1000000000000000472, -15.25000000000000000 ) ) ;
#2426 = VERTEX_POINT ( 'NONE', #5505 ) ;
#2427 = ADVANCED_FACE ( 'NONE', ( #3153 ), #1111, .F. ) ;
#2428 = CARTESIAN_POINT ( 'NONE',  ( -27.50000000000000355, 1.399999999999999911, 8.250000000000003553 ) ) ;
#2429 = CIRCLE ( 'NONE', #598, 0.7999999999999986011 ) ;
#2430 = DIRECTION ( 'NONE',  ( 0.000000000000000000, 0.000000000000000000, 1.000000000000000000 ) ) ;
#2431 = DIRECTION ( 'NONE',  ( -1.000000000000000000, 0.000000000000000000, 0.000000000000000000 ) ) ;
#2432 = EDGE_CURVE ( 'NONE', #6299, #2010, #1646, .T. ) ;
#2433 = CARTESIAN_POINT ( 'NONE',  ( 4.749999999999999112, 0.000000000000000000, -5.050000000000003375 ) ) ;
#2434 = ORIENTED_EDGE ( 'NONE', *, *, #1825, .F. ) ;
#2435 = AXIS2_PLACEMENT_3D ( 'NONE', #3267, #2272, #3787 ) ;
#2436 = CARTESIAN_POINT ( 'NONE',  ( -15.00000000000000178, 13.00000000000000355, 23.50000000000001421 ) ) ;
#2437 = CARTESIAN_POINT ( 'NONE',  ( 18.46801665073599708, 6.444304650784071775, -23.30809990441586166 ) ) ;
#2438 = CARTESIAN_POINT ( 'NONE',  ( -4.000000000000007105, 1.399999999999999911, 10.35000000000000497 ) ) ;
#2439 = CARTESIAN_POINT ( 'NONE',  ( -23.50000000000021316, 8.000000000000000000, -18.49999999999976197 ) ) ;
#2440 = EDGE_CURVE ( 'NONE', #1841, #1138, #731, .T. ) ;
#2441 = DIRECTION ( 'NONE',  ( 0.000000000000000000, -0.000000000000000000, -1.000000000000000000 ) ) ;
#2442 = VERTEX_POINT ( 'NONE', #637 ) ;
#2443 = CARTESIAN_POINT ( 'NONE',  ( -17.50000000000018119, 19.00000000000000355, -17.49999999999981881 ) ) ;
#2444 = DIRECTION ( 'NONE',  ( 0.000000000000000000, -0.000000000000000000, 1.000000000000000000 ) ) ;
#2445 = LINE ( 'NONE', #5341, #3396 ) ;
#2446 = CARTESIAN_POINT ( 'NONE',  ( -15.00000000000000178, 19.00000000000000355, 1.571166602479410136E-13 ) ) ;
#2447 = ORIENTED_EDGE ( 'NONE', *, *, #1040, .T. ) ;
#2448 = EDGE_LOOP ( 'NONE', ( #5623, #4023 ) ) ;
#2449 = DIRECTION ( 'NONE',  ( 0.000000000000000000, 1.000000000000000000, 0.000000000000000000 ) ) ;
#2450 = CARTESIAN_POINT ( 'NONE',  ( -4.000000000000007105, 0.1000000000000000056, 10.35000000000000497 ) ) ;
#2451 = DIRECTION ( 'NONE',  ( 0.000000000000000000, 0.000000000000000000, -1.000000000000000000 ) ) ;
#2452 = EDGE_LOOP ( 'NONE', ( #5320, #1934, #3511, #3803 ) ) ;
#2453 = CARTESIAN_POINT ( 'NONE',  ( 23.50000000000007816, 13.00000000000000355, 18.49999999999992895 ) ) ;
#2454 = EDGE_CURVE ( 'NONE', #2317, #5581, #46, .T. ) ;
#2455 = CARTESIAN_POINT ( 'NONE',  ( 20.00000000000000355, 2.000000000000000000, 19.99999999999998934 ) ) ;
#2456 = FACE_BOUND ( 'NONE', #3170, .T. ) ;
#2457 = CARTESIAN_POINT ( 'NONE',  ( 22.50000000000000355, 0.000000000000000000, 8.250000000000003553 ) ) ;
#2458 = VECTOR ( 'NONE', #5765, 1000.000000000000000 ) ;
#2459 = ORIENTED_EDGE ( 'NONE', *, *, #5404, .T. ) ;
#2460 = EDGE_CURVE ( 'NONE', #3481, #4311, #1379, .T. ) ;
#2461 = EDGE_CURVE ( 'NONE', #2289, #6107, #967, .T. ) ;
#2462 = EDGE_CURVE ( 'NONE', #5770, #5628, #3123, .T. ) ;
#2463 = DIRECTION ( 'NONE',  ( 0.000000000000000000, 0.000000000000000000, -1.000000000000000000 ) ) ;
#2464 = CARTESIAN_POINT ( 'NONE',  ( 23.50000000000001066, 8.000000000000000000, -18.50000000000001776 ) ) ;
#2465 = CARTESIAN_POINT ( 'NONE',  ( -23.50000000000001066, 2.000000000000001776, 18.50000000000001066 ) ) ;
#2466 = CARTESIAN_POINT ( 'NONE',  ( -23.49999999815092977, 7.639984025277327007, -23.49999999815043239 ) ) ;
#2467 = CIRCLE ( 'NONE', #4102, 8.000000000000000000 ) ;
#2468 = VECTOR ( 'NONE', #5859, 1000.000000000000000 ) ;
#2469 = CARTESIAN_POINT ( 'NONE',  ( 4.750000000000007994, 1.399999999999999911, -10.34999999999999787 ) ) ;
#2470 = ORIENTED_EDGE ( 'NONE', *, *, #3478, .T. ) ;
#2471 = FACE_OUTER_BOUND ( 'NONE', #3616, .T. ) ;
#2472 = CYLINDRICAL_SURFACE ( 'NONE', #1886, 5.000000000000000888 ) ;
#2473 = AXIS2_PLACEMENT_3D ( 'NONE', #20, #1958, #4470 ) ;
#2474 = EDGE_CURVE ( 'NONE', #97, #6004, #354, .T. ) ;
#2475 = PLANE ( 'NONE',  #2473 ) ;
#2476 =( NAMED_UNIT ( * ) SI_UNIT ( $, .STERADIAN. ) SOLID_ANGLE_UNIT ( ) );
#2477 = ORIENTED_EDGE ( 'NONE', *, *, #4034, .F. ) ;
#2478 = CIRCLE ( 'NONE', #2991, 0.6999999999999992895 ) ;
#2479 = AXIS2_PLACEMENT_3D ( 'NONE', #4723, #2631, #4587 ) ;
#2480 = ORIENTED_EDGE ( 'NONE', *, *, #2826, .F. ) ;
#2481 = CARTESIAN_POINT ( 'NONE',  ( 17.50000000000000000, 21.00000000000000355, -22.50000000000000000 ) ) ;
#2482 = FACE_BOUND ( 'NONE', #4140, .T. ) ;
#2483 = DIRECTION ( 'NONE',  ( 0.000000000000000000, 0.000000000000000000, -1.000000000000000000 ) ) ;
#2484 = ADVANCED_FACE ( 'NONE', ( #2258 ), #5701, .F. ) ;
#2485 = AXIS2_PLACEMENT_3D ( 'NONE', #4127, #1348, #289 ) ;
#2486 = EDGE_LOOP ( 'NONE', ( #2990, #503, #1492, #3133 ) ) ;
#2487 = EDGE_LOOP ( 'NONE', ( #2751, #2391, #1996 ) ) ;
#2488 = AXIS2_PLACEMENT_3D ( 'NONE', #4813, #3780, #4325 ) ;
#2489 = LINE ( 'NONE', #4450, #2493 ) ;
#2490 = CARTESIAN_POINT ( 'NONE',  ( 26.00000000000000355, 18.47106781186547408, -8.249999999999998224 ) ) ;
#2491 = DIRECTION ( 'NONE',  ( -0.000000000000000000, 1.000000000000000000, -0.000000000000000000 ) ) ;
#2492 = CARTESIAN_POINT ( 'NONE',  ( 23.50000000000000711, 16.51471862576143224, -18.50000000000001776 ) ) ;
#2493 = VECTOR ( 'NONE', #64, 1000.000000000000000 ) ;
#2494 = FACE_OUTER_BOUND ( 'NONE', #6062, .T. ) ;
#2495 = ORIENTED_EDGE ( 'NONE', *, *, #148, .F. ) ;
#2496 = ADVANCED_FACE ( 'NONE', ( #2838 ), #2872, .F. ) ;
#2497 = VECTOR ( 'NONE', #1163, 1000.000000000000000 ) ;
#2498 = CARTESIAN_POINT ( 'NONE',  ( -25.00000000000000355, 19.00000000000000355, 6.938893903907231533E-15 ) ) ;
#2499 = DIRECTION ( 'NONE',  ( -1.000000000000000000, -0.000000000000000000, 1.006627378688779886E-14 ) ) ;
#2500 = CARTESIAN_POINT ( 'NONE',  ( -22.50000000000000000, 21.00000000000000355, 17.49999999999999645 ) ) ;
#2501 = CARTESIAN_POINT ( 'NONE',  ( -23.37365715857678694, 6.583236531184203599, -23.37365715857628956 ) ) ;
#2502 = ADVANCED_FACE ( 'NONE', ( #1307 ), #3808, .T. ) ;
#2503 = VECTOR ( 'NONE', #591, 1000.000000000000000 ) ;
#2504 = SURFACE_STYLE_FILL_AREA ( #3042 ) ;
#2505 = ORIENTED_EDGE ( 'NONE', *, *, #885, .F. ) ;
#2506 = LINE ( 'NONE', #438, #2016 ) ;
#2507 = DIRECTION ( 'NONE',  ( 1.000000000000000000, 0.000000000000000000, 0.000000000000000000 ) ) ;
#2508 = DIRECTION ( 'NONE',  ( -1.000000000000000000, 0.000000000000000000, 0.000000000000000000 ) ) ;
#2509 = EDGE_CURVE ( 'NONE', #1626, #464, #3003, .T. ) ;
#2510 = ADVANCED_FACE ( 'NONE', ( #3255 ), #4295, .F. ) ;
#2511 = ORIENTED_EDGE ( 'NONE', *, *, #2140, .T. ) ;
#2512 = ORIENTED_EDGE ( 'NONE', *, *, #3384, .F. ) ;
#2513 = CARTESIAN_POINT ( 'NONE',  ( 17.50000000000008171, 19.00000000000000355, 18.49999999999995026 ) ) ;
#2514 = DIRECTION ( 'NONE',  ( -0.000000000000000000, 1.000000000000000000, -0.000000000000000000 ) ) ;
#2515 = DIRECTION ( 'NONE',  ( 0.000000000000000000, 0.000000000000000000, 1.000000000000000000 ) ) ;
#2516 = ORIENTED_EDGE ( 'NONE', *, *, #1825, .T. ) ;
#2517 = ORIENTED_EDGE ( 'NONE', *, *, #2594, .T. ) ;
#2518 = EDGE_CURVE ( 'NONE', #5913, #445, #1879, .T. ) ;
#2519 = LINE ( 'NONE', #31, #4753 ) ;
#2520 = CARTESIAN_POINT ( 'NONE',  ( -22.50000000000013145, 21.00000000000000355, -12.49999999999976552 ) ) ;
#2521 = CARTESIAN_POINT ( 'NONE',  ( -26.00000000000000355, 1.399999999999999911, -13.24999999999999822 ) ) ;
#2522 = LINE ( 'NONE', #5903, #5384 ) ;
#2523 = CARTESIAN_POINT ( 'NONE',  ( 4.750000000000000888, 1.399999999999999911, -9.249999999999998224 ) ) ;
#2524 = VERTEX_POINT ( 'NONE', #4838 ) ;
#2525 = EDGE_CURVE ( 'NONE', #6078, #1989, #1779, .T. ) ;
#2526 = CARTESIAN_POINT ( 'NONE',  ( 20.15890720558573435, 2.607002223890791726, -17.94315120093099836 ) ) ;
#2527 = DIRECTION ( 'NONE',  ( -1.000000000000000000, 0.000000000000000000, 2.312964634635756861E-15 ) ) ;
#2528 = AXIS2_PLACEMENT_3D ( 'NONE', #4830, #1300, #413 ) ;
#2529 = CARTESIAN_POINT ( 'NONE',  ( 0.000000000000000000, 1.600000000000000089, -15.25000000000000000 ) ) ;
#2530 = ORIENTED_EDGE ( 'NONE', *, *, #4809, .T. ) ;
#2531 = CIRCLE ( 'NONE', #1603, 5.000000000000000888 ) ;
#2532 =( BOUNDED_CURVE ( )  B_SPLINE_CURVE ( 3, ( #4756, #4207, #2720, #6153 ),
 .UNSPECIFIED., .F., .T. ) 
 B_SPLINE_CURVE_WITH_KNOTS ( ( 4, 4 ),
 ( 3.141592653589793116, 4.712388980384689674 ),
 .UNSPECIFIED. ) 
 CURVE ( )  GEOMETRIC_REPRESENTATION_ITEM ( )  RATIONAL_B_SPLINE_CURVE ( ( 1.000000000000000000, 0.8047378541243649375, 0.8047378541243649375, 1.000000000000000000 ) ) 
 REPRESENTATION_ITEM ( '' )  );
#2533 = EDGE_LOOP ( 'NONE', ( #4319, #4500, #2875, #4239 ) ) ;
#2534 = LINE ( 'NONE', #169, #3872 ) ;
#2535 = LINE ( 'NONE', #684, #1579 ) ;
#2536 = EDGE_CURVE ( 'NONE', #812, #5722, #963, .T. ) ;
#2537 = CIRCLE ( 'NONE', #4390, 5.999999999999998224 ) ;
#2538 = DIRECTION ( 'NONE',  ( 0.000000000000000000, 0.000000000000000000, 1.000000000000000000 ) ) ;
#2539 = CARTESIAN_POINT ( 'NONE',  ( 27.50000000000000000, 19.00000000000000355, -17.49999999999999645 ) ) ;
#2540 = ORIENTED_EDGE ( 'NONE', *, *, #4296, .F. ) ;
#2541 = AXIS2_PLACEMENT_3D ( 'NONE', #3022, #4107, #1697 ) ;
#2542 = ORIENTED_EDGE ( 'NONE', *, *, #1632, .T. ) ;
#2543 = CARTESIAN_POINT ( 'NONE',  ( -17.50000000000000711, 19.00000000000000355, 15.00000000000000355 ) ) ;
#2544 = DIRECTION ( 'NONE',  ( -0.000000000000000000, -1.000000000000000000, -0.000000000000000000 ) ) ;
#2545 = CARTESIAN_POINT ( 'NONE',  ( -27.50000000000000000, 21.00000000000000355, 2.880472104545584703E-13 ) ) ;
#2546 = EDGE_LOOP ( 'NONE', ( #2169, #5589, #4374, #3239 ) ) ;
#2547 = EDGE_LOOP ( 'NONE', ( #410, #3530 ) ) ;
#2548 = CARTESIAN_POINT ( 'NONE',  ( 15.00000000000008349, 19.00000000000000355, 23.49999999999995737 ) ) ;
#2549 = LINE ( 'NONE', #3995, #6026 ) ;
#2550 = AXIS2_PLACEMENT_3D ( 'NONE', #1000, #3526, #970 ) ;
#2551 = CARTESIAN_POINT ( 'NONE',  ( -23.49035397735518416, 7.607301189907559547, 18.49839232955922341 ) ) ;
#2552 = CARTESIAN_POINT ( 'NONE',  ( 11.20000000000000107, 15.75000000000002487, -23.25000000000000000 ) ) ;
#2553 = ORIENTED_EDGE ( 'NONE', *, *, #3240, .T. ) ;
#2554 = EDGE_LOOP ( 'NONE', ( #1868, #597, #2796, #280, #798, #292 ) ) ;
#2555 = ORIENTED_EDGE ( 'NONE', *, *, #3041, .F. ) ;
#2556 = CIRCLE ( 'NONE', #3488, 0.6999999999999992895 ) ;
#2557 = EDGE_CURVE ( 'NONE', #3266, #4184, #764, .T. ) ;
#2558 = LINE ( 'NONE', #1090, #5961 ) ;
#2559 = CARTESIAN_POINT ( 'NONE',  ( -27.50000000000000000, 19.00000000000000355, 17.49999999999999645 ) ) ;
#2560 = ORIENTED_EDGE ( 'NONE', *, *, #1168, .T. ) ;
#2561 = EDGE_LOOP ( 'NONE', ( #3934, #1483, #5490, #3893, #223, #4259, #3845, #2162 ) ) ;
#2562 = DIRECTION ( 'NONE',  ( 0.000000000000000000, 0.000000000000000000, -1.000000000000000000 ) ) ;
#2563 = CARTESIAN_POINT ( 'NONE',  ( -12.50000000000000000, 19.00000000000000355, -0.000000000000000000 ) ) ;
#2564 = DIRECTION ( 'NONE',  ( 6.938893903907228378E-16, 0.000000000000000000, -1.000000000000000000 ) ) ;
#2565 = LINE ( 'NONE', #5891, #5587 ) ;
#2566 = EDGE_CURVE ( 'NONE', #5352, #2699, #5366, .T. ) ;
#2567 = SHAPE_REPRESENTATION ( 'asembl-ultrasonic', ( #5184, #3952, #3440 ), #2613 ) ;
#2568 = ORIENTED_EDGE ( 'NONE', *, *, #2645, .F. ) ;
#2569 = CIRCLE ( 'NONE', #4222, 8.100000000000001421 ) ;
#2570 = EDGE_LOOP ( 'NONE', ( #3434, #5237 ) ) ;
#2571 = VECTOR ( 'NONE', #2614, 1000.000000000000000 ) ;
#2572 = DIRECTION ( 'NONE',  ( 4.081702296416010573E-16, -0.000000000000000000, -1.000000000000000000 ) ) ;
#2573 = DIRECTION ( 'NONE',  ( 0.000000000000000000, 1.000000000000000000, 0.000000000000000000 ) ) ;
#2574 = DIRECTION ( 'NONE',  ( -1.000000000000000000, 0.000000000000000000, -0.000000000000000000 ) ) ;
#2575 = ADVANCED_FACE ( 'NONE', ( #3220 ), #5182, .F. ) ;
#2576 = EDGE_CURVE ( 'NONE', #476, #682, #1473, .T. ) ;
#2577 = ORIENTED_EDGE ( 'NONE', *, *, #1924, .F. ) ;
#2578 = EDGE_CURVE ( 'NONE', #5655, #852, #2739, .T. ) ;
#2579 = VERTEX_POINT ( 'NONE', #1375 ) ;
#2580 = DIRECTION ( 'NONE',  ( -0.000000000000000000, -0.000000000000000000, 1.000000000000000000 ) ) ;
#2581 = DIRECTION ( 'NONE',  ( 0.000000000000000000, 0.000000000000000000, 1.000000000000000000 ) ) ;
#2582 = DIRECTION ( 'NONE',  ( -1.000000000000000000, 0.000000000000000000, 2.312964634635756861E-15 ) ) ;
#2583 = CIRCLE ( 'NONE', #4021, 5.000000000000000888 ) ;
#2584 = DIRECTION ( 'NONE',  ( 0.000000000000000000, -0.000000000000000000, -1.000000000000000000 ) ) ;
#2585 = CARTESIAN_POINT ( 'NONE',  ( 22.50000000000004263, 21.00000000000000355, 12.49999999999992184 ) ) ;
#2586 = ORIENTED_EDGE ( 'NONE', *, *, #6276, .F. ) ;
#2587 = CIRCLE ( 'NONE', #4857, 0.6999999999999992895 ) ;
#2588 = EDGE_CURVE ( 'NONE', #315, #4017, #3743, .T. ) ;
#2589 = CARTESIAN_POINT ( 'NONE',  ( 17.63089808097628364, 2.038676533784758771, -18.28538848585766274 ) ) ;
#2590 = CYLINDRICAL_SURFACE ( 'NONE', #4172, 1.100000000000000311 ) ;
#2591 = CARTESIAN_POINT ( 'NONE',  ( -23.50000000000001066, 13.00000000000000355, 18.50000000000001066 ) ) ;
#2592 = ORIENTED_EDGE ( 'NONE', *, *, #201, .F. ) ;
#2593 = VECTOR ( 'NONE', #2057, 1000.000000000000000 ) ;
#2594 = EDGE_CURVE ( 'NONE', #1460, #2081, #1073, .T. ) ;
#2595 = EDGE_LOOP ( 'NONE', ( #4896, #868, #1476, #6100 ) ) ;
#2596 = CARTESIAN_POINT ( 'NONE',  ( -4.000000000000000000, 0.1000000000000000056, 6.650000000000005684 ) ) ;
#2597 = CARTESIAN_POINT ( 'NONE',  ( 0.000000000000000000, 21.00000000000000355, 12.49999999999999822 ) ) ;
#2598 = AXIS2_PLACEMENT_3D ( 'NONE', #1071, #715, #4042 ) ;
#2599 = CARTESIAN_POINT ( 'NONE',  ( -20.15890720558587645, 18.39299777610915143, 17.94315120093099836 ) ) ;
#2600 = APPLICATION_PROTOCOL_DEFINITION ( 'draft international standard', 'automotive_design', 1998, #2965 ) ;
#2601 = VERTEX_POINT ( 'NONE', #2808 ) ;
#2602 = ORIENTED_EDGE ( 'NONE', *, *, #2820, .T. ) ;
#2603 = CARTESIAN_POINT ( 'NONE',  ( -4.749999999999999112, 0.000000000000000000, -9.249999999999998224 ) ) ;
#2604 = CARTESIAN_POINT ( 'NONE',  ( 13.90000000000001279, 2.000000000000000000, -1.250000000000000888 ) ) ;
#2605 = DIRECTION ( 'NONE',  ( -3.491481338843132961E-15, 0.000000000000000000, -1.000000000000000000 ) ) ;
#2606 = ORIENTED_EDGE ( 'NONE', *, *, #3057, .T. ) ;
#2607 = EDGE_LOOP ( 'NONE', ( #1432, #1334, #4001, #3162 ) ) ;
#2608 = AXIS2_PLACEMENT_3D ( 'NONE', #1620, #5482, #3551 ) ;
#2609 = ORIENTED_EDGE ( 'NONE', *, *, #5564, .F. ) ;
#2610 = CARTESIAN_POINT ( 'NONE',  ( 19.43329398279599829, 18.69355661402600077, 17.82221566379929456 ) ) ;
#2611 = DIRECTION ( 'NONE',  ( 1.000000000000000000, 0.000000000000000000, 0.000000000000000000 ) ) ;
#2612 = LINE ( 'NONE', #4569, #405 ) ;
#2613 =( GEOMETRIC_REPRESENTATION_CONTEXT ( 3 ) GLOBAL_UNCERTAINTY_ASSIGNED_CONTEXT ( ( #1682 ) ) GLOBAL_UNIT_ASSIGNED_CONTEXT ( ( #2244, #658, #3205 ) ) REPRESENTATION_CONTEXT ( 'NONE', 'WORKASPACE' ) );
#2614 = DIRECTION ( 'NONE',  ( -0.000000000000000000, -1.000000000000000000, -0.000000000000000000 ) ) ;
#2615 = DIRECTION ( 'NONE',  ( 0.000000000000000000, -1.000000000000000000, 0.000000000000000000 ) ) ;
#2616 = EDGE_CURVE ( 'NONE', #2304, #515, #3524, .T. ) ;
#2617 = ORIENTED_EDGE ( 'NONE', *, *, #2636, .F. ) ;
#2618 = EDGE_LOOP ( 'NONE', ( #695, #2916, #5884 ) ) ;
#2619 = EDGE_CURVE ( 'NONE', #916, #1878, #1166, .T. ) ;
#2620 = LINE ( 'NONE', #646, #4437 ) ;
#2621 = CARTESIAN_POINT ( 'NONE',  ( 0.000000000000000000, 21.00000000000000355, -12.49999999999999822 ) ) ;
#2622 = ORIENTED_EDGE ( 'NONE', *, *, #2140, .F. ) ;
#2623 = ORIENTED_EDGE ( 'NONE', *, *, #1469, .T. ) ;
#2624 = DIRECTION ( 'NONE',  ( 0.000000000000000000, 0.000000000000000000, -1.000000000000000000 ) ) ;
#2625 = CARTESIAN_POINT ( 'NONE',  ( 22.50000000000000000, 19.00000000000000355, -27.50000000000000000 ) ) ;
#2626 = AXIS2_PLACEMENT_3D ( 'NONE', #1455, #3345, #77 ) ;
#2627 = CARTESIAN_POINT ( 'NONE',  ( -22.16213375776619543, 17.16486922472171628, 22.16213375776631977 ) ) ;
#2628 = SHAPE_REPRESENTATION_RELATIONSHIP ( 'NONE' , 'NONE' ,  #4540, #5203 ) ;
#2629 = EDGE_CURVE ( 'NONE', #5921, #5375, #4249, .T. ) ;
#2630 = AXIS2_PLACEMENT_3D ( 'NONE', #4800, #6134, #3213 ) ;
#2631 = DIRECTION ( 'NONE',  ( -0.000000000000000000, 1.000000000000000000, -0.000000000000000000 ) ) ;
#2632 = VERTEX_POINT ( 'NONE', #4992 ) ;
#2633 = DIRECTION ( 'NONE',  ( 0.000000000000000000, 1.000000000000000000, 0.000000000000000000 ) ) ;
#2634 = LINE ( 'NONE', #5591, #4132 ) ;
#2635 = FACE_OUTER_BOUND ( 'NONE', #1774, .T. ) ;
#2636 = EDGE_CURVE ( 'NONE', #4317, #4713, #4415, .T. ) ;
#2637 = VERTEX_POINT ( 'NONE', #5472 ) ;
#2638 = ORIENTED_EDGE ( 'NONE', *, *, #3125, .F. ) ;
#2639 = EDGE_LOOP ( 'NONE', ( #5422, #3971, #1326, #4067 ) ) ;
#2640 = LINE ( 'NONE', #730, #5837 ) ;
#2641 = DIRECTION ( 'NONE',  ( -1.000000000000000000, 0.000000000000000000, 1.047444401652940007E-14 ) ) ;
#2642 = CARTESIAN_POINT ( 'NONE',  ( 0.000000000000000000, 19.00000000000000355, -27.50000000000000000 ) ) ;
#2643 = DIRECTION ( 'NONE',  ( 0.000000000000000000, 0.000000000000000000, 1.000000000000000000 ) ) ;
#2644 = ORIENTED_EDGE ( 'NONE', *, *, #2265, .F. ) ;
#2645 = EDGE_CURVE ( 'NONE', #2010, #3052, #3105, .T. ) ;
#2646 = UNCERTAINTY_MEASURE_WITH_UNIT (LENGTH_MEASURE( 1.000000000000000082E-05 ), #138, 'distance_accuracy_value', 'NONE');
#2647 = CARTESIAN_POINT ( 'NONE',  ( 17.95962937830961792, 2.006213447507048997, -17.95962937830993411 ) ) ;
#2648 = CARTESIAN_POINT ( 'NONE',  ( 17.50000000000000000, 19.00000000000000355, -27.50000000000000000 ) ) ;
#2649 = DIRECTION ( 'NONE',  ( 0.000000000000000000, 1.000000000000000000, 0.000000000000000000 ) ) ;
#2650 = VECTOR ( 'NONE', #4978, 1000.000000000000000 ) ;
#2651 = EDGE_CURVE ( 'NONE', #2117, #1836, #4387, .T. ) ;
#2652 = ORIENTED_EDGE ( 'NONE', *, *, #2697, .F. ) ;
#2653 = EDGE_CURVE ( 'NONE', #2279, #559, #4647, .T. ) ;
#2654 = EDGE_CURVE ( 'NONE', #6298, #916, #4900, .T. ) ;
#2655 = ORIENTED_EDGE ( 'NONE', *, *, #4908, .T. ) ;
#2656 = DIRECTION ( 'NONE',  ( -0.000000000000000000, -1.000000000000000000, 0.000000000000000000 ) ) ;
#2657 = DIRECTION ( 'NONE',  ( -0.000000000000000000, 1.000000000000000000, -0.000000000000000000 ) ) ;
#2658 = CARTESIAN_POINT ( 'NONE',  ( -23.19355660569167910, 14.93329400291677622, 18.44892610094856877 ) ) ;
#2659 = CIRCLE ( 'NONE', #116, 8.000000000000000000 ) ;
#2660 = VERTEX_POINT ( 'NONE', #3023 ) ;
#2661 = ORIENTED_EDGE ( 'NONE', *, *, #2185, .T. ) ;
#2662 = CARTESIAN_POINT ( 'NONE',  ( 18.50000000000001066, 13.00000000000000355, -23.50000000000001421 ) ) ;
#2663 = DIRECTION ( 'NONE',  ( 1.000000000000000000, 0.000000000000000000, 3.154042683594194997E-17 ) ) ;
#2664 = DIRECTION ( 'NONE',  ( 1.000000000000000000, 0.000000000000000000, 0.000000000000000000 ) ) ;
#2665 = EDGE_CURVE ( 'NONE', #5496, #3458, #987, .T. ) ;
#2666 = EDGE_LOOP ( 'NONE', ( #2447, #2177 ) ) ;
#2667 = VERTEX_POINT ( 'NONE', #4356 ) ;
#2668 = AXIS2_PLACEMENT_3D ( 'NONE', #5844, #5877, #554 ) ;
#2669 = VERTEX_POINT ( 'NONE', #1905 ) ;
#2670 = DIRECTION ( 'NONE',  ( -0.000000000000000000, 1.000000000000000000, 0.000000000000000000 ) ) ;
#2671 = DIRECTION ( 'NONE',  ( 0.000000000000000000, 0.000000000000000000, -1.000000000000000000 ) ) ;
#2672 = FACE_BOUND ( 'NONE', #6049, .T. ) ;
#2673 = VECTOR ( 'NONE', #2334, 1000.000000000000000 ) ;
#2674 = CARTESIAN_POINT ( 'NONE',  ( -15.59999999999999787, 15.75000000000000000, -15.25000000000000000 ) ) ;
#2675 = VERTEX_POINT ( 'NONE', #2450 ) ;
#2676 = VECTOR ( 'NONE', #434, 1000.000000000000000 ) ;
#2677 = DIRECTION ( 'NONE',  ( -1.000000000000000000, 0.000000000000000000, 1.006627378688779886E-14 ) ) ;
#2678 = DIRECTION ( 'NONE',  ( 1.000000000000000000, 0.000000000000000000, 0.000000000000000000 ) ) ;
#2679 = CARTESIAN_POINT ( 'NONE',  ( 12.69999999999999574, 0.1000000000000000056, 0.000000000000000000 ) ) ;
#2680 = AXIS2_PLACEMENT_3D ( 'NONE', #2523, #4974, #2038 ) ;
#2681 = DIRECTION ( 'NONE',  ( 1.000000000000000000, 0.000000000000000000, 0.000000000000000000 ) ) ;
#2682 = ORIENTED_EDGE ( 'NONE', *, *, #3804, .F. ) ;
#2683 = VERTEX_POINT ( 'NONE', #1434 ) ;
#2684 = AXIS2_PLACEMENT_3D ( 'NONE', #5123, #1543, #2677 ) ;
#2685 = DIRECTION ( 'NONE',  ( 0.000000000000000000, -1.000000000000000000, 0.000000000000000000 ) ) ;
#2686 = LINE ( 'NONE', #3430, #5638 ) ;
#2687 = DIRECTION ( 'NONE',  ( 0.000000000000000000, -0.000000000000000000, -1.000000000000000000 ) ) ;
#2688 = CARTESIAN_POINT ( 'NONE',  ( -8.299999999999998934, 15.75000000000000000, -13.24999999999999822 ) ) ;
#2689 = VECTOR ( 'NONE', #1843, 1000.000000000000000 ) ;
#2690 = EDGE_LOOP ( 'NONE', ( #1861, #653, #1089 ) ) ;
#2691 = PLANE ( 'NONE',  #1657 ) ;
#2692 = ORIENTED_EDGE ( 'NONE', *, *, #5938, .F. ) ;
#2693 = DIRECTION ( 'NONE',  ( 0.000000000000000000, 0.000000000000000000, 1.000000000000000000 ) ) ;
#2694 = CARTESIAN_POINT ( 'NONE',  ( 17.63089808097628008, 18.96132346621524789, -18.28538848585764143 ) ) ;
#2695 = CARTESIAN_POINT ( 'NONE',  ( -5.000000000000000000, 0.000000000000000000, 6.650000000000005684 ) ) ;
#2696 = AXIS2_PLACEMENT_3D ( 'NONE', #2395, #1874, #3842 ) ;
#2697 = EDGE_CURVE ( 'NONE', #1146, #2171, #4548, .T. ) ;
#2698 = ORIENTED_EDGE ( 'NONE', *, *, #28, .T. ) ;
#2699 = VERTEX_POINT ( 'NONE', #5833 ) ;
#2700 = ORIENTED_EDGE ( 'NONE', *, *, #172, .F. ) ;
#2701 = CIRCLE ( 'NONE', #2810, 0.6999999999999975131 ) ;
#2702 = ORIENTED_EDGE ( 'NONE', *, *, #2775, .T. ) ;
#2703 = CARTESIAN_POINT ( 'NONE',  ( -6.799999999999997158, 15.75000000000000000, -23.25000000000000000 ) ) ;
#2704 = CARTESIAN_POINT ( 'NONE',  ( 23.50000000000007816, 19.00000000000000355, 18.49999999999992895 ) ) ;
#2705 = DIRECTION ( 'NONE',  ( -1.000000000000000000, 0.000000000000000000, -3.154042683594194997E-17 ) ) ;
#2706 = PRODUCT_DEFINITION_CONTEXT ( 'detailed design', #1343, 'design' ) ;
#2707 = DIRECTION ( 'NONE',  ( -1.000000000000000000, 0.000000000000000000, 0.000000000000000000 ) ) ;
#2708 = EDGE_CURVE ( 'NONE', #4579, #2317, #1014, .T. ) ;
#2709 = ORIENTED_EDGE ( 'NONE', *, *, #3535, .T. ) ;
#2710 = CARTESIAN_POINT ( 'NONE',  ( 17.50000000000000000, 21.00000000000000355, -17.49999999999999645 ) ) ;
#2711 = AXIS2_PLACEMENT_3D ( 'NONE', #932, #1973, #5420 ) ;
#2712 = CARTESIAN_POINT ( 'NONE',  ( -12.49999999999999822, 21.00000000000000355, 1.309305502066175071E-13 ) ) ;
#2713 = CARTESIAN_POINT ( 'NONE',  ( 22.27064578127508554, 4.340061290254980442, 18.29510763021253084 ) ) ;
#2714 = DIRECTION ( 'NONE',  ( 0.000000000000000000, -1.000000000000000000, 0.000000000000000000 ) ) ;
#2715 = ORIENTED_EDGE ( 'NONE', *, *, #995, .T. ) ;
#2716 =( GEOMETRIC_REPRESENTATION_CONTEXT ( 3 ) GLOBAL_UNCERTAINTY_ASSIGNED_CONTEXT ( ( #4268 ) ) GLOBAL_UNIT_ASSIGNED_CONTEXT ( ( #3566, #3502, #2207 ) ) REPRESENTATION_CONTEXT ( 'NONE', 'WORKASPACE' ) );
#2717 = ORIENTED_EDGE ( 'NONE', *, *, #6075, .T. ) ;
#2718 = CARTESIAN_POINT ( 'NONE',  ( -17.50000000000019895, 2.000000000000000000, -17.49999999999982592 ) ) ;
#2719 = CARTESIAN_POINT ( 'NONE',  ( -3.799999999999997602, 15.75000000000000000, -13.24999999999999822 ) ) ;
#2720 = CARTESIAN_POINT ( 'NONE',  ( -18.08578643762713867, 1.999999999999998668, -21.01471862576125105 ) ) ;
#2721 = CARTESIAN_POINT ( 'NONE',  ( 4.750000000000000888, 0.000000000000000000, -9.249999999999998224 ) ) ;
#2722 = PRODUCT_CONTEXT ( 'NONE', #565, 'mechanical' ) ;
#2723 = PLANE ( 'NONE',  #5050 ) ;
#2724 = DIRECTION ( 'NONE',  ( -1.047444401652940007E-14, 0.000000000000000000, -1.000000000000000000 ) ) ;
#2725 = EDGE_CURVE ( 'NONE', #5545, #2793, #1782, .T. ) ;
#2726 = ORIENTED_EDGE ( 'NONE', *, *, #2708, .F. ) ;
#2727 = DIRECTION ( 'NONE',  ( -0.000000000000000000, 1.000000000000000000, -0.000000000000000000 ) ) ;
#2728 = CARTESIAN_POINT ( 'NONE',  ( 20.26721574755770305, 18.56709275097683687, -20.26721574755757160 ) ) ;
#2729 = DIRECTION ( 'NONE',  ( -0.000000000000000000, 1.000000000000000000, 0.000000000000000000 ) ) ;
#2730 = CARTESIAN_POINT ( 'NONE',  ( 6.800000000000002487, 15.75000000000001421, -15.25000000000000000 ) ) ;
#2731 = ORIENTED_EDGE ( 'NONE', *, *, #4478, .T. ) ;
#2732 = AXIS2_PLACEMENT_3D ( 'NONE', #3376, #5340, #3185 ) ;
#2733 = ORIENTED_EDGE ( 'NONE', *, *, #4202, .F. ) ;
#2734 = ORIENTED_EDGE ( 'NONE', *, *, #4031, .F. ) ;
#2735 = EDGE_CURVE ( 'NONE', #6129, #3596, #954, .T. ) ;
#2736 = ADVANCED_FACE ( 'NONE', ( #1937 ), #1965, .T. ) ;
#2737 = ORIENTED_EDGE ( 'NONE', *, *, #201, .T. ) ;
#2738 = LINE ( 'NONE', #897, #2458 ) ;
#2739 = LINE ( 'NONE', #4735, #3625 ) ;
#2740 =( BOUNDED_CURVE ( )  B_SPLINE_CURVE ( 3, ( #2858, #1954, #4825, #16 ),
 .UNSPECIFIED., .F., .F. ) 
 B_SPLINE_CURVE_WITH_KNOTS ( ( 4, 4 ),
 ( 3.141592653589793116, 4.712388980384689674 ),
 .UNSPECIFIED. ) 
 CURVE ( )  GEOMETRIC_REPRESENTATION_ITEM ( )  RATIONAL_B_SPLINE_CURVE ( ( 1.000000000000000000, 0.8047378541243649375, 0.8047378541243649375, 1.000000000000000000 ) ) 
 REPRESENTATION_ITEM ( '' )  );
#2741 = CARTESIAN_POINT ( 'NONE',  ( -22.27064578127502870, 16.65993870974529045, -18.29510763021238873 ) ) ;
#2742 = CYLINDRICAL_SURFACE ( 'NONE', #1179, 0.7999999999999986011 ) ;
#2743 = AXIS2_PLACEMENT_3D ( 'NONE', #2912, #4484, #5839 ) ;
#2744 = ORIENTED_EDGE ( 'NONE', *, *, #2566, .T. ) ;
#2745 = CARTESIAN_POINT ( 'NONE',  ( 22.50000000000009592, 19.00000000000000355, 27.49999999999992184 ) ) ;
#2746 = VECTOR ( 'NONE', #3928, 1000.000000000000000 ) ;
#2747 = EDGE_LOOP ( 'NONE', ( #3571, #976, #3873, #1351, #1297, #2234 ) ) ;
#2748 = DIRECTION ( 'NONE',  ( -0.000000000000000000, -0.000000000000000000, 1.000000000000000000 ) ) ;
#2749 = CARTESIAN_POINT ( 'NONE',  ( 17.50000000000007816, 2.000000000000000000, 17.49999999999993960 ) ) ;
#2750 = CARTESIAN_POINT ( 'NONE',  ( 26.00000000000000355, 2.864466094067262159, 0.2855339059327393625 ) ) ;
#2751 = ORIENTED_EDGE ( 'NONE', *, *, #5879, .F. ) ;
#2752 = CARTESIAN_POINT ( 'NONE',  ( 13.90000000000001279, 2.000000000000000000, -3.452947483310167141E-15 ) ) ;
#2753 = DIRECTION ( 'NONE',  ( 0.000000000000000000, -1.000000000000000000, 0.000000000000000000 ) ) ;
#2754 = EDGE_CURVE ( 'NONE', #842, #4130, #5860, .T. ) ;
#2755 = DIRECTION ( 'NONE',  ( 3.491481338843133355E-15, -0.000000000000000000, 1.000000000000000000 ) ) ;
#2756 = CARTESIAN_POINT ( 'NONE',  ( 23.47417623114332486, 13.71875216347706861, 23.47417623114314722 ) ) ;
#2757 = DIRECTION ( 'NONE',  ( 0.000000000000000000, -0.000000000000000000, -1.000000000000000000 ) ) ;
#2758 = CARTESIAN_POINT ( 'NONE',  ( 25.00000000000000355, 2.000000000000000000, 14.99999999999991118 ) ) ;
#2759 = CARTESIAN_POINT ( 'NONE',  ( 20.00000000000000355, 19.00000000000000355, 19.99999999999998934 ) ) ;
#2760 = ORIENTED_EDGE ( 'NONE', *, *, #6086, .T. ) ;
#2761 = LINE ( 'NONE', #6198, #6217 ) ;
#2762 = CARTESIAN_POINT ( 'NONE',  ( 17.94315120093099125, 18.39299777610913011, -20.15890720558594040 ) ) ;
#2763 = FACE_OUTER_BOUND ( 'NONE', #2952, .T. ) ;
#2764 = CARTESIAN_POINT ( 'NONE',  ( -19.43329398279535880, 2.306443385973768745, 17.82221566379921285 ) ) ;
#2765 = AXIS2_PLACEMENT_3D ( 'NONE', #4807, #6207, #5798 ) ;
#2766 = ADVANCED_FACE ( 'NONE', ( #535, #1523, #1495, #3987, #2960, #4926, #2482, #4444, #87 ), #5439, .T. ) ;
#2767 = ORIENTED_EDGE ( 'NONE', *, *, #4202, .T. ) ;
#2768 = ORIENTED_EDGE ( 'NONE', *, *, #4389, .T. ) ;
#2769 = EDGE_CURVE ( 'NONE', #5193, #4293, #1698, .T. ) ;
#2770 = ORIENTED_EDGE ( 'NONE', *, *, #2353, .T. ) ;
#2771 = LINE ( 'NONE', #3841, #1945 ) ;
#2772 = DIRECTION ( 'NONE',  ( -3.469446951953614189E-15, 0.000000000000000000, -1.000000000000000000 ) ) ;
#2773 = CARTESIAN_POINT ( 'NONE',  ( -18.00115067951381675, 18.20698957264235673, -20.50690407708114193 ) ) ;
#2774 = LINE ( 'NONE', #2261, #2307 ) ;
#2775 = EDGE_CURVE ( 'NONE', #2197, #3700, #3176, .T. ) ;
#2776 = AXIS2_PLACEMENT_3D ( 'NONE', #3228, #2748, #2678 ) ;
#2777 = ORIENTED_EDGE ( 'NONE', *, *, #3157, .T. ) ;
#2778 = CARTESIAN_POINT ( 'NONE',  ( -23.50000000000020961, 13.00000000000000355, -18.49999999999976197 ) ) ;
#2779 = AXIS2_PLACEMENT_3D ( 'NONE', #3905, #5324, #4300 ) ;
#2780 = DIRECTION ( 'NONE',  ( -0.000000000000000000, 1.000000000000000000, -0.000000000000000000 ) ) ;
#2781 = CARTESIAN_POINT ( 'NONE',  ( -5.849999999999999645, 1.399999999999999911, -9.249999999999998224 ) ) ;
#2782 = DIRECTION ( 'NONE',  ( 0.000000000000000000, 0.000000000000000000, 1.000000000000000000 ) ) ;
#2783 = ORIENTED_EDGE ( 'NONE', *, *, #5005, .F. ) ;
#2784 = AXIS2_PLACEMENT_3D ( 'NONE', #6061, #1658, #5579 ) ;
#2785 = ORIENTED_EDGE ( 'NONE', *, *, #4593, .F. ) ;
#2786 = FACE_OUTER_BOUND ( 'NONE', #634, .T. ) ;
#2787 = DIRECTION ( 'NONE',  ( 0.000000000000000000, 0.000000000000000000, -1.000000000000000000 ) ) ;
#2788 = EDGE_CURVE ( 'NONE', #682, #5760, #5021, .T. ) ;
#2789 = AXIS2_PLACEMENT_3D ( 'NONE', #486, #2881, #4817 ) ;
#2790 = CARTESIAN_POINT ( 'NONE',  ( -12.69999999999999751, 15.75000000000000000, -15.25000000000000000 ) ) ;
#2791 = CARTESIAN_POINT ( 'NONE',  ( 22.16213375776640149, 17.16486922472159904, 22.16213375776599648 ) ) ;
#2792 = CARTESIAN_POINT ( 'NONE',  ( 0.000000000000000000, 6.400000000000000355, 3.821067811865476394 ) ) ;
#2793 = VERTEX_POINT ( 'NONE', #2604 ) ;
#2794 = FACE_OUTER_BOUND ( 'NONE', #2380, .T. ) ;
#2795 = CARTESIAN_POINT ( 'NONE',  ( 17.50000000000004263, 21.00000000000000355, 12.49999999999993960 ) ) ;
#2796 = ORIENTED_EDGE ( 'NONE', *, *, #2260, .F. ) ;
#2797 = CARTESIAN_POINT ( 'NONE',  ( 0.000000000000000000, 19.00000000000000355, 23.50000000000001421 ) ) ;
#2798 = CARTESIAN_POINT ( 'NONE',  ( 18.16082675572292260, 17.52032083990101086, -21.46496053433757112 ) ) ;
#2799 = CARTESIAN_POINT ( 'NONE',  ( 5.849999999999998757, 0.000000000000000000, -5.150000000000003908 ) ) ;
#2800 = VECTOR ( 'NONE', #2158, 1000.000000000000000 ) ;
#2801 = CARTESIAN_POINT ( 'NONE',  ( -19.97696689349376342, 2.329466787031952979, 19.97696689349406896 ) ) ;
#2802 = ORIENTED_EDGE ( 'NONE', *, *, #2347, .F. ) ;
#2803 = ORIENTED_EDGE ( 'NONE', *, *, #2432, .F. ) ;
#2804 = ADVANCED_FACE ( 'NONE', ( #176 ), #5142, .F. ) ;
#2805 = EDGE_LOOP ( 'NONE', ( #1521, #2002 ) ) ;
#2806 = AXIS2_PLACEMENT_3D ( 'NONE', #2994, #600, #4962 ) ;
#2807 = CARTESIAN_POINT ( 'NONE',  ( 22.50000000000000000, 21.00000000000000355, -22.50000000000000000 ) ) ;
#2808 = CARTESIAN_POINT ( 'NONE',  ( 17.50000000000004263, 21.00000000000000355, 12.49999999999993960 ) ) ;
#2809 = CARTESIAN_POINT ( 'NONE',  ( -18.16082675572315708, 17.52032083990108546, -21.46496053433730111 ) ) ;
#2810 = AXIS2_PLACEMENT_3D ( 'NONE', #5433, #3439, #5400 ) ;
#2811 = ORIENTED_EDGE ( 'NONE', *, *, #6180, .F. ) ;
#2812 = CYLINDRICAL_SURFACE ( 'NONE', #1877, 0.6999999999999992895 ) ;
#2813 = CARTESIAN_POINT ( 'NONE',  ( -17.50000000000028777, 21.00000000000000355, -27.49999999999981526 ) ) ;
#2814 = FACE_BOUND ( 'NONE', #6137, .T. ) ;
#2815 = EDGE_CURVE ( 'NONE', #4702, #4579, #5478, .T. ) ;
#2816 = FACE_OUTER_BOUND ( 'NONE', #136, .T. ) ;
#2817 = SHAPE_REPRESENTATION ( 'ultrasonic A', ( #6307 ), #71 ) ;
#2818 = ORIENTED_EDGE ( 'NONE', *, *, #1953, .T. ) ;
#2819 = CIRCLE ( 'NONE', #3542, 5.000000000000000888 ) ;
#2820 = EDGE_CURVE ( 'NONE', #5732, #3489, #113, .T. ) ;
#2821 = CARTESIAN_POINT ( 'NONE',  ( 21.30000000000001137, 0.1000000000000000056, -9.849999999999983658 ) ) ;
#2822 = LINE ( 'NONE', #3788, #1032 ) ;
#2823 = DIRECTION ( 'NONE',  ( 0.000000000000000000, 0.000000000000000000, 1.000000000000000000 ) ) ;
#2824 = CARTESIAN_POINT ( 'NONE',  ( 20.26721574755805833, 18.56709275097670186, 20.26721574755775634 ) ) ;
#2825 = CARTESIAN_POINT ( 'NONE',  ( 0.000000000000000000, 21.00000000000000355, -27.50000000000000000 ) ) ;
#2826 = EDGE_CURVE ( 'NONE', #249, #2660, #2910, .T. ) ;
#2827 = CARTESIAN_POINT ( 'NONE',  ( -23.50000000000020961, 8.000000000000000000, -18.49999999999976197 ) ) ;
#2828 = VERTEX_POINT ( 'NONE', #3083 ) ;
#2829 = LINE ( 'NONE', #2318, #180 ) ;
#2830 = CARTESIAN_POINT ( 'NONE',  ( 23.01889895879262227, 15.70410048036623429, -23.01889895879262937 ) ) ;
#2831 = DIRECTION ( 'NONE',  ( 0.000000000000000000, 0.000000000000000000, 1.000000000000000000 ) ) ;
#2832 = CARTESIAN_POINT ( 'NONE',  ( -22.16213375776609595, 3.835130775277956872, 22.16213375776622030 ) ) ;
#2833 = ORIENTED_EDGE ( 'NONE', *, *, #5720, .T. ) ;
#2834 = VERTEX_POINT ( 'NONE', #3601 ) ;
#2835 = ORIENTED_EDGE ( 'NONE', *, *, #4313, .T. ) ;
#2836 = ORIENTED_EDGE ( 'NONE', *, *, #1060, .T. ) ;
#2837 = DIRECTION ( 'NONE',  ( -1.892425610156516343E-14, 0.000000000000000000, -1.000000000000000000 ) ) ;
#2838 = FACE_OUTER_BOUND ( 'NONE', #4406, .T. ) ;
#2839 = CARTESIAN_POINT ( 'NONE',  ( -23.30809990441604640, 14.55569534921597530, -18.46801665073574839 ) ) ;
#2840 = EDGE_CURVE ( 'NONE', #5913, #4082, #2150, .T. ) ;
#2841 = AXIS2_PLACEMENT_3D ( 'NONE', #4099, #1663, #4554 ) ;
#2842 = ORIENTED_EDGE ( 'NONE', *, *, #1990, .F. ) ;
#2843 = LINE ( 'NONE', #360, #866 ) ;
#2844 = CARTESIAN_POINT ( 'NONE',  ( -20.00000000000001066, 2.000000000000000000, -24.99999999999998224 ) ) ;
#2845 = CARTESIAN_POINT ( 'NONE',  ( 19.97696689349369237, 2.329466787031891695, 19.97696689349339394 ) ) ;
#2846 = DIRECTION ( 'NONE',  ( 1.000000000000000000, 0.000000000000000000, -1.047444401652940007E-14 ) ) ;
#2847 = EDGE_CURVE ( 'NONE', #4139, #5965, #4622, .T. ) ;
#2848 = EDGE_LOOP ( 'NONE', ( #5699, #5778, #4273, #5483 ) ) ;
#2849 = VECTOR ( 'NONE', #2959, 1000.000000000000000 ) ;
#2850 = FACE_OUTER_BOUND ( 'NONE', #3748, .T. ) ;
#2851 = CARTESIAN_POINT ( 'NONE',  ( -1.761597912705364998E-13, 8.000000000000000000, -17.50000000000000000 ) ) ;
#2852 = CARTESIAN_POINT ( 'NONE',  ( 23.47417623114326801, 7.281247836523015771, -23.47417623114326801 ) ) ;
#2853 = CARTESIAN_POINT ( 'NONE',  ( 18.48716959523695280, 13.97796522353719695, 23.42301757142109508 ) ) ;
#2854 = EDGE_CURVE ( 'NONE', #4827, #4522, #51, .T. ) ;
#2855 = CARTESIAN_POINT ( 'NONE',  ( -23.47417623114322538, 13.71875216347712900, 23.47417623114323959 ) ) ;
#2856 = ADVANCED_FACE ( 'NONE', ( #5083, #243 ), #1610, .F. ) ;
#2857 = VERTEX_POINT ( 'NONE', #4502 ) ;
#2858 = CARTESIAN_POINT ( 'NONE',  ( 23.50000000000001066, 8.000000000000000000, -18.50000000000001066 ) ) ;
#2859 = ORIENTED_EDGE ( 'NONE', *, *, #3428, .F. ) ;
#2860 = LINE ( 'NONE', #1397, #3657 ) ;
#2861 = CYLINDRICAL_SURFACE ( 'NONE', #3214, 0.6999999999999992895 ) ;
#2862 = AXIS2_PLACEMENT_3D ( 'NONE', #1227, #5022, #4020 ) ;
#2863 = CARTESIAN_POINT ( 'NONE',  ( 3.887357607529844343E-15, 22.35000000000000142, -23.25000000000000000 ) ) ;
#2864 = CARTESIAN_POINT ( 'NONE',  ( -19.42876307165468575, 2.178226274078081559, 19.42876307165439442 ) ) ;
#2865 = EDGE_LOOP ( 'NONE', ( #1493, #288, #2092, #4780, #1312, #821, #4477, #1485, #229, #2208 ) ) ;
#2866 = VERTEX_POINT ( 'NONE', #4019 ) ;
#2867 = CIRCLE ( 'NONE', #5018, 4.999999999999999112 ) ;
#2868 = ORIENTED_EDGE ( 'NONE', *, *, #5112, .F. ) ;
#2869 = EDGE_CURVE ( 'NONE', #2964, #5921, #6074, .T. ) ;
#2870 = ORIENTED_EDGE ( 'NONE', *, *, #538, .F. ) ;
#2871 = LINE ( 'NONE', #2513, #1618 ) ;
#2872 = CYLINDRICAL_SURFACE ( 'NONE', #3420, 0.7999999999999986011 ) ;
#2873 = CARTESIAN_POINT ( 'NONE',  ( -18.50000000000026290, 12.99999999999999289, -23.49999999999981526 ) ) ;
#2874 = AXIS2_PLACEMENT_3D ( 'NONE', #4563, #6105, #3177 ) ;
#2875 = ORIENTED_EDGE ( 'NONE', *, *, #3597, .T. ) ;
#2876 = AXIS2_PLACEMENT_3D ( 'NONE', #1720, #3688, #1691 ) ;
#2877 = EDGE_CURVE ( 'NONE', #5618, #23, #1670, .T. ) ;
#2878 = DIRECTION ( 'NONE',  ( -1.000000000000000000, 0.000000000000000000, 1.272130549049658168E-14 ) ) ;
#2879 = CARTESIAN_POINT ( 'NONE',  ( -0.6999999999999940714, 9.149999999999998579, -15.25000000000000000 ) ) ;
#2880 = DIRECTION ( 'NONE',  ( -0.000000000000000000, 1.000000000000000000, -0.000000000000000000 ) ) ;
#2881 = DIRECTION ( 'NONE',  ( 0.000000000000000000, -1.000000000000000000, 0.000000000000000000 ) ) ;
#2882 = ORIENTED_EDGE ( 'NONE', *, *, #4673, .T. ) ;
#2883 = AXIS2_PLACEMENT_3D ( 'NONE', #5947, #980, #3953 ) ;
#2884 = LINE ( 'NONE', #488, #5230 ) ;
#2885 = CYLINDRICAL_SURFACE ( 'NONE', #4933, 6.000000000000000000 ) ;
#2886 = PLANE ( 'NONE',  #1835 ) ;
#2887 = AXIS2_PLACEMENT_3D ( 'NONE', #5099, #2649, #2782 ) ;
#2888 = CARTESIAN_POINT ( 'NONE',  ( -21.15993871915410907, 3.229354225011813462, -18.10998978652541425 ) ) ;
#2889 = DIRECTION ( 'NONE',  ( -0.000000000000000000, 1.000000000000000000, -0.000000000000000000 ) ) ;
#2890 = ORIENTED_EDGE ( 'NONE', *, *, #724, .T. ) ;
#2891 = CIRCLE ( 'NONE', #133, 6.000000000000001776 ) ;
#2892 = CARTESIAN_POINT ( 'NONE',  ( 0.000000000000000000, 0.000000000000000000, 0.000000000000000000 ) ) ;
#2893 = FACE_OUTER_BOUND ( 'NONE', #697, .T. ) ;
#2894 = VECTOR ( 'NONE', #5689, 1000.000000000000000 ) ;
#2895 = CARTESIAN_POINT ( 'NONE',  ( -25.00000000000015632, 19.00000000000000355, -14.99999999999973532 ) ) ;
#2896 = CARTESIAN_POINT ( 'NONE',  ( 9.000000000000001776, 15.75000000000002132, -15.25000000000000000 ) ) ;
#2897 = FACE_OUTER_BOUND ( 'NONE', #3394, .T. ) ;
#2898 = EDGE_CURVE ( 'NONE', #2325, #4284, #5499, .T. ) ;
#2899 = MECHANICAL_DESIGN_GEOMETRIC_PRESENTATION_REPRESENTATION (  '', ( #3413 ), #6278 ) ;
#2900 = ORIENTED_EDGE ( 'NONE', *, *, #1908, .T. ) ;
#2901 = EDGE_LOOP ( 'NONE', ( #6148, #2709, #2577 ) ) ;
#2902 = VERTEX_POINT ( 'NONE', #1104 ) ;
#2903 = ORIENTED_EDGE ( 'NONE', *, *, #5803, .T. ) ;
#2904 = DIRECTION ( 'NONE',  ( -1.000000000000000000, 0.000000000000000000, 0.000000000000000000 ) ) ;
#2905 = CARTESIAN_POINT ( 'NONE',  ( 26.00000000000000355, 1.399999999999999911, 1.750000000000001554 ) ) ;
#2906 = DIRECTION ( 'NONE',  ( 0.000000000000000000, 0.000000000000000000, 1.000000000000000000 ) ) ;
#2907 = VERTEX_POINT ( 'NONE', #3054 ) ;
#2908 = CIRCLE ( 'NONE', #3314, 0.6999999999999992895 ) ;
#2909 = DIRECTION ( 'NONE',  ( -0.000000000000000000, -1.000000000000000000, -0.000000000000000000 ) ) ;
#2910 = CIRCLE ( 'NONE', #6183, 5.000000000000000888 ) ;
#2911 = CARTESIAN_POINT ( 'NONE',  ( -12.69999999999999574, 0.1000000000000000056, 8.099999999999994316 ) ) ;
#2912 = CARTESIAN_POINT ( 'NONE',  ( 0.000000000000000000, 19.00000000000000355, -23.50000000000001421 ) ) ;
#2913 = PRODUCT_RELATED_PRODUCT_CATEGORY ( 'part', '', ( #84 ) ) ;
#2914 = EDGE_CURVE ( 'NONE', #4827, #5629, #2634, .T. ) ;
#2915 = DIRECTION ( 'NONE',  ( -3.491481338843132961E-15, -0.000000000000000000, -1.000000000000000000 ) ) ;
#2916 = ORIENTED_EDGE ( 'NONE', *, *, #5888, .T. ) ;
#2917 = DIRECTION ( 'NONE',  ( 1.000000000000000000, 0.000000000000000000, 0.000000000000000000 ) ) ;
#2918 = CARTESIAN_POINT ( 'NONE',  ( 18.49197712378519753, 7.216493126137728531, -23.45186274271120652 ) ) ;
#2919 = DIRECTION ( 'NONE',  ( 0.000000000000000000, 0.000000000000000000, 1.000000000000000000 ) ) ;
#2920 = CARTESIAN_POINT ( 'NONE',  ( -22.27064578127520633, 4.340061290254974224, -18.29510763021223951 ) ) ;
#2921 = VECTOR ( 'NONE', #1309, 1000.000000000000000 ) ;
#2922 = DIRECTION ( 'NONE',  ( 1.000000000000000000, 0.000000000000000000, 0.000000000000000000 ) ) ;
#2923 = EDGE_LOOP ( 'NONE', ( #2726, #6328, #1933, #5664 ) ) ;
#2924 = LINE ( 'NONE', #1035, #1810 ) ;
#2925 = DIRECTION ( 'NONE',  ( 0.000000000000000000, 0.000000000000000000, -1.000000000000000000 ) ) ;
#2926 = CARTESIAN_POINT ( 'NONE',  ( 17.50000000000000711, 13.00000000000000355, -15.00000000000000178 ) ) ;
#2927 = CYLINDRICAL_SURFACE ( 'NONE', #4044, 5.000000000000000888 ) ;
#2928 = ORIENTED_EDGE ( 'NONE', *, *, #28, .F. ) ;
#2929 = EDGE_CURVE ( 'NONE', #5998, #2524, #2121, .T. ) ;
#2930 = ORIENTED_EDGE ( 'NONE', *, *, #3328, .T. ) ;
#2931 = EDGE_LOOP ( 'NONE', ( #5637, #3074, #5744, #5149 ) ) ;
#2932 = CARTESIAN_POINT ( 'NONE',  ( 27.50000000000000355, 23.39999999999999858, -13.24999999999999822 ) ) ;
#2933 = DIRECTION ( 'NONE',  ( -0.000000000000000000, -0.7071067811865474617, 0.7071067811865475727 ) ) ;
#2934 = DIRECTION ( 'NONE',  ( 0.000000000000000000, -1.000000000000000000, 0.000000000000000000 ) ) ;
#2935 = EDGE_CURVE ( 'NONE', #4553, #1251, #5562, .T. ) ;
#2936 = ADVANCED_FACE ( 'NONE', ( #5658 ), #3187, .F. ) ;
#2937 = ORIENTED_EDGE ( 'NONE', *, *, #2847, .F. ) ;
#2938 = LINE ( 'NONE', #5866, #4347 ) ;
#2939 = VECTOR ( 'NONE', #3233, 1000.000000000000000 ) ;
#2940 = DIRECTION ( 'NONE',  ( 1.000000000000000000, -3.154042683594194381E-17, 3.154042683594194997E-17 ) ) ;
#2941 = FACE_OUTER_BOUND ( 'NONE', #1100, .T. ) ;
#2942 = DIRECTION ( 'NONE',  ( -0.000000000000000000, -1.000000000000000000, 0.000000000000000000 ) ) ;
#2943 = ORIENTED_EDGE ( 'NONE', *, *, #2775, .F. ) ;
#2944 = AXIS2_PLACEMENT_3D ( 'NONE', #576, #3965, #123 ) ;
#2945 = CARTESIAN_POINT ( 'NONE',  ( -12.69999999999999574, 0.1000000000000000056, -8.597458788255783673E-15 ) ) ;
#2946 = CARTESIAN_POINT ( 'NONE',  ( 22.70698956635555987, 4.993095913509804973, -18.36783159439263358 ) ) ;
#2947 = LINE ( 'NONE', #1950, #3479 ) ;
#2948 = ADVANCED_FACE ( 'NONE', ( #3766 ), #1007, .T. ) ;
#2949 = CARTESIAN_POINT ( 'NONE',  ( -23.49035397735538666, 7.607301189907560435, -18.49839232955896762 ) ) ;
#2950 = EDGE_CURVE ( 'NONE', #3693, #842, #5989, .T. ) ;
#2951 = CARTESIAN_POINT ( 'NONE',  ( 14.90000000000000213, 15.75000000000003553, -15.25000000000000000 ) ) ;
#2952 = EDGE_LOOP ( 'NONE', ( #5072, #3722, #3993, #4761 ) ) ;
#2953 = LINE ( 'NONE', #917, #5310 ) ;
#2954 = CARTESIAN_POINT ( 'NONE',  ( -1.761597912705364998E-13, 13.00000000000000355, -17.50000000000000000 ) ) ;
#2955 = DIRECTION ( 'NONE',  ( 0.000000000000000000, 0.000000000000000000, 1.000000000000000000 ) ) ;
#2956 = LINE ( 'NONE', #1605, #5488 ) ;
#2957 = ORIENTED_EDGE ( 'NONE', *, *, #5544, .T. ) ;
#2958 = ORIENTED_EDGE ( 'NONE', *, *, #4389, .F. ) ;
#2959 = DIRECTION ( 'NONE',  ( 1.000000000000000000, 0.000000000000000000, 0.000000000000000000 ) ) ;
#2960 = FACE_BOUND ( 'NONE', #3405, .T. ) ;
#2961 = CARTESIAN_POINT ( 'NONE',  ( 18.50000000000009237, 8.000000000000000000, 23.49999999999994671 ) ) ;
#2962 = CIRCLE ( 'NONE', #4196, 0.7999999999999986011 ) ;
#2963 = EDGE_CURVE ( 'NONE', #174, #6004, #4354, .T. ) ;
#2964 = VERTEX_POINT ( 'NONE', #1426 ) ;
#2965 = APPLICATION_CONTEXT ( 'automotive_design' ) ;
#2966 = LINE ( 'NONE', #4930, #5675 ) ;
#2967 = LINE ( 'NONE', #1851, #5314 ) ;
#2968 = ADVANCED_FACE ( 'NONE', ( #3951 ), #1036, .F. ) ;
#2969 = CARTESIAN_POINT ( 'NONE',  ( 5.395794441102681341E-14, 13.00000000000000355, 17.50000000000000000 ) ) ;
#2970 = CARTESIAN_POINT ( 'NONE',  ( -15.00000000000000178, 13.00000000000000355, 23.50000000000001421 ) ) ;
#2971 = CARTESIAN_POINT ( 'NONE',  ( -25.00000000000001066, 0.000000000000000000, -24.99999999999998224 ) ) ;
#2972 = VECTOR ( 'NONE', #3268, 1000.000000000000000 ) ;
#2973 = ORIENTED_EDGE ( 'NONE', *, *, #1966, .F. ) ;
#2974 = DIRECTION ( 'NONE',  ( -0.000000000000000000, 1.000000000000000000, -0.000000000000000000 ) ) ;
#2975 = CARTESIAN_POINT ( 'NONE',  ( 17.50000000000000000, 21.00000000000000355, -27.50000000000000000 ) ) ;
#2976 = FACE_OUTER_BOUND ( 'NONE', #237, .T. ) ;
#2977 = CARTESIAN_POINT ( 'NONE',  ( -17.89270351182407026, 2.000000000000000444, -17.56545058530380032 ) ) ;
#2978 = ORIENTED_EDGE ( 'NONE', *, *, #5215, .F. ) ;
#2979 = AXIS2_PLACEMENT_3D ( 'NONE', #4245, #3203, #6192 ) ;
#2980 = CARTESIAN_POINT ( 'NONE',  ( 0.000000000000000000, 0.000000000000000000, -6.500000000000000000 ) ) ;
#2981 = ADVANCED_FACE ( 'NONE', ( #5853 ), #2861, .F. ) ;
#2982 = VERTEX_POINT ( 'NONE', #3921 ) ;
#2983 = DIRECTION ( 'NONE',  ( -0.000000000000000000, -0.000000000000000000, 1.000000000000000000 ) ) ;
#2984 = DIRECTION ( 'NONE',  ( -0.000000000000000000, -0.000000000000000000, 1.000000000000000000 ) ) ;
#2985 = CIRCLE ( 'NONE', #29, 0.7999999999999986011 ) ;
#2986 = DIRECTION ( 'NONE',  ( -0.000000000000000000, -0.000000000000000000, -1.000000000000000000 ) ) ;
#2987 = CARTESIAN_POINT ( 'NONE',  ( -17.50000000000001421, 8.000000000000000000, 1.833027702892646211E-13 ) ) ;
#2988 = ADVANCED_FACE ( 'NONE', ( #3408 ), #1896, .F. ) ;
#2989 = EDGE_CURVE ( 'NONE', #5375, #5921, #155, .T. ) ;
#2990 = ORIENTED_EDGE ( 'NONE', *, *, #5453, .F. ) ;
#2991 = AXIS2_PLACEMENT_3D ( 'NONE', #1858, #3828, #3759 ) ;
#2992 = ORIENTED_EDGE ( 'NONE', *, *, #2929, .T. ) ;
#2993 = CARTESIAN_POINT ( 'NONE',  ( 27.50000000000000355, 18.47106781186547053, -8.249999999999998224 ) ) ;
#2994 = CARTESIAN_POINT ( 'NONE',  ( 12.69999999999999574, 1.399999999999999911, 0.000000000000000000 ) ) ;
#2995 = CARTESIAN_POINT ( 'NONE',  ( 18.08578643762699656, 2.000000000000003997, 21.01471862576137895 ) ) ;
#2996 = VECTOR ( 'NONE', #1255, 1000.000000000000000 ) ;
#2997 = EDGE_LOOP ( 'NONE', ( #5828, #2553 ) ) ;
#2998 = EDGE_LOOP ( 'NONE', ( #4106, #5487, #3250, #5898, #1750, #3626, #5653, #1468 ) ) ;
#2999 = AXIS2_PLACEMENT_3D ( 'NONE', #4709, #324, #870 ) ;
#3000 = DIRECTION ( 'NONE',  ( 0.000000000000000000, 0.000000000000000000, 1.000000000000000000 ) ) ;
#3001 = CARTESIAN_POINT ( 'NONE',  ( 15.00000000000008349, 13.00000000000000355, 23.49999999999995737 ) ) ;
#3002 = PLANE ( 'NONE',  #2339 ) ;
#3003 = CIRCLE ( 'NONE', #3207, 8.000000000000000000 ) ;
#3004 = FACE_OUTER_BOUND ( 'NONE', #4318, .T. ) ;
#3005 = VERTEX_POINT ( 'NONE', #5886 ) ;
#3006 = EDGE_CURVE ( 'NONE', #567, #3956, #2701, .T. ) ;
#3007 = VECTOR ( 'NONE', #3476, 1000.000000000000000 ) ;
#3008 = CARTESIAN_POINT ( 'NONE',  ( 18.08578643762691485, 2.000000000000001332, -21.01471862576144289 ) ) ;
#3009 = ADVANCED_FACE ( 'NONE', ( #2893 ), #2472, .T. ) ;
#3010 = LINE ( 'NONE', #4977, #5447 ) ;
#3011 = FACE_OUTER_BOUND ( 'NONE', #4601, .T. ) ;
#3012 = CARTESIAN_POINT ( 'NONE',  ( -23.47417623114352025, 7.281247836523016659, -23.47417623114301577 ) ) ;
#3013 = CIRCLE ( 'NONE', #259, 5.000000000000000888 ) ;
#3014 = ORIENTED_EDGE ( 'NONE', *, *, #688, .T. ) ;
#3015 = CARTESIAN_POINT ( 'NONE',  ( 27.50000000000000000, 21.00000000000000355, -17.49999999999999645 ) ) ;
#3016 = CARTESIAN_POINT ( 'NONE',  ( 5.503891382404351928E-15, 9.149999999999998579, -23.25000000000000000 ) ) ;
#3017 = CARTESIAN_POINT ( 'NONE',  ( 12.69999999999999574, 1.399999999999999911, 0.000000000000000000 ) ) ;
#3018 = CARTESIAN_POINT ( 'NONE',  ( 12.69999999999999751, 0.1000000000000000056, -8.100000000000001421 ) ) ;
#3019 =( BOUNDED_CURVE ( )  B_SPLINE_CURVE ( 3, ( #2591, #2137, #4129, #4551 ),
 .UNSPECIFIED., .F., .F. ) 
 B_SPLINE_CURVE_WITH_KNOTS ( ( 4, 4 ),
 ( 0.000000000000000000, 1.570796326794896558 ),
 .UNSPECIFIED. ) 
 CURVE ( )  GEOMETRIC_REPRESENTATION_ITEM ( )  RATIONAL_B_SPLINE_CURVE ( ( 1.000000000000000000, 0.8047378541243649375, 0.8047378541243649375, 1.000000000000000000 ) ) 
 REPRESENTATION_ITEM ( '' )  );
#3020 = EDGE_LOOP ( 'NONE', ( #1612, #3545 ) ) ;
#3021 = ORIENTED_EDGE ( 'NONE', *, *, #1081, .F. ) ;
#3022 = CARTESIAN_POINT ( 'NONE',  ( 12.69999999999999574, 0.000000000000000000, 0.000000000000000000 ) ) ;
#3023 = CARTESIAN_POINT ( 'NONE',  ( 12.50000000000000000, 21.00000000000000355, -22.50000000000000000 ) ) ;
#3024 = VECTOR ( 'NONE', #4192, 1000.000000000000000 ) ;
#3025 = CARTESIAN_POINT ( 'NONE',  ( -23.50000000000001066, 8.000000000000000000, 18.50000000000001066 ) ) ;
#3026 = ORIENTED_EDGE ( 'NONE', *, *, #1452, .T. ) ;
#3027 = ORIENTED_EDGE ( 'NONE', *, *, #3134, .F. ) ;
#3028 = DIRECTION ( 'NONE',  ( 0.000000000000000000, 0.000000000000000000, 1.000000000000000000 ) ) ;
#3029 = ADVANCED_FACE ( 'NONE', ( #1516 ), #3374, .F. ) ;
#3030 = FACE_OUTER_BOUND ( 'NONE', #5059, .T. ) ;
#3031 = CARTESIAN_POINT ( 'NONE',  ( 20.00000000000000000, 19.00000000000000355, -19.99999999999998934 ) ) ;
#3032 = CARTESIAN_POINT ( 'NONE',  ( 27.50000000000006395, 21.00000000000000355, 17.49999999999990408 ) ) ;
#3033 = VERTEX_POINT ( 'NONE', #2020 ) ;
#3034 = VECTOR ( 'NONE', #1999, 1000.000000000000000 ) ;
#3035 = DIRECTION ( 'NONE',  ( 0.000000000000000000, 0.000000000000000000, -1.000000000000000000 ) ) ;
#3036 = DIRECTION ( 'NONE',  ( 1.000000000000000000, -0.000000000000000000, 0.000000000000000000 ) ) ;
#3037 = EDGE_CURVE ( 'NONE', #1763, #1989, #3862, .T. ) ;
#3038 = VECTOR ( 'NONE', #440, 1000.000000000000000 ) ;
#3039 = DIRECTION ( 'NONE',  ( -0.000000000000000000, -0.000000000000000000, -1.000000000000000000 ) ) ;
#3040 = ORIENTED_EDGE ( 'NONE', *, *, #1988, .F. ) ;
#3041 = EDGE_CURVE ( 'NONE', #4856, #3693, #3980, .T. ) ;
#3042 = FILL_AREA_STYLE ('',( #5636 ) ) ;
#3043 = ORIENTED_EDGE ( 'NONE', *, *, #1072, .T. ) ;
#3044 = LINE ( 'NONE', #683, #1512 ) ;
#3045 = DIRECTION ( 'NONE',  ( 0.000000000000000000, 1.000000000000000000, -0.000000000000000000 ) ) ;
#3046 = EDGE_CURVE ( 'NONE', #3231, #1544, #3109, .T. ) ;
#3047 = VECTOR ( 'NONE', #814, 1000.000000000000000 ) ;
#3048 = ADVANCED_FACE ( 'NONE', ( #3890 ), #1456, .F. ) ;
#3049 = FACE_OUTER_BOUND ( 'NONE', #1668, .T. ) ;
#3050 = ORIENTED_EDGE ( 'NONE', *, *, #685, .T. ) ;
#3051 = VECTOR ( 'NONE', #1669, 1000.000000000000000 ) ;
#3052 = VERTEX_POINT ( 'NONE', #4890 ) ;
#3053 = DIRECTION ( 'NONE',  ( -0.000000000000000000, 1.000000000000000000, -0.000000000000000000 ) ) ;
#3054 = CARTESIAN_POINT ( 'NONE',  ( -27.50000000000000355, 0.1000000000000000472, 8.250000000000003553 ) ) ;
#3055 = LINE ( 'NONE', #6018, #1411 ) ;
#3056 = VERTEX_POINT ( 'NONE', #498 ) ;
#3057 = EDGE_CURVE ( 'NONE', #2683, #4596, #3938, .T. ) ;
#3058 = EDGE_LOOP ( 'NONE', ( #1555, #386, #2413, #5009 ) ) ;
#3059 = CARTESIAN_POINT ( 'NONE',  ( 18.50000000000001066, 8.000000000000000000, -23.50000000000001421 ) ) ;
#3060 = DIRECTION ( 'NONE',  ( -0.000000000000000000, 1.000000000000000000, -0.000000000000000000 ) ) ;
#3061 = DIRECTION ( 'NONE',  ( -0.000000000000000000, 1.000000000000000000, -0.000000000000000000 ) ) ;
#3062 = CIRCLE ( 'NONE', #3791, 5.000000000000000888 ) ;
#3063 = DIRECTION ( 'NONE',  ( -0.000000000000000000, 1.000000000000000000, -0.000000000000000000 ) ) ;
#3064 = LINE ( 'NONE', #2133, #1588 ) ;
#3065 = EDGE_CURVE ( 'NONE', #3700, #398, #3013, .T. ) ;
#3066 = EDGE_LOOP ( 'NONE', ( #1694, #241, #6290, #5621 ) ) ;
#3067 = AXIS2_PLACEMENT_3D ( 'NONE', #924, #3742, #4669 ) ;
#3068 = CARTESIAN_POINT ( 'NONE',  ( 17.75928256305599717, 2.191900101376482279, -19.05569537833594040 ) ) ;
#3069 = CARTESIAN_POINT ( 'NONE',  ( 18.49999999999192468, 7.803650343936817002, 23.49999999999994316 ) ) ;
#3070 = CYLINDRICAL_SURFACE ( 'NONE', #1751, 4.999999999999999112 ) ;
#3071 = ORIENTED_EDGE ( 'NONE', *, *, #2353, .F. ) ;
#3072 = EDGE_CURVE ( 'NONE', #5907, #713, #3844, .T. ) ;
#3073 = FACE_OUTER_BOUND ( 'NONE', #3991, .T. ) ;
#3074 = ORIENTED_EDGE ( 'NONE', *, *, #3961, .F. ) ;
#3075 = CARTESIAN_POINT ( 'NONE',  ( -13.39999999999999680, 15.75000000000000000, -13.24999999999999822 ) ) ;
#3076 = DIRECTION ( 'NONE',  ( 0.000000000000000000, 0.000000000000000000, 1.000000000000000000 ) ) ;
#3077 = CARTESIAN_POINT ( 'NONE',  ( -20.87428726326000117, 18.26870133912344940, 20.87428726326014683 ) ) ;
#3078 = PRODUCT_CONTEXT ( 'NONE', #6160, 'mechanical' ) ;
#3079 = ORIENTED_EDGE ( 'NONE', *, *, #5215, .T. ) ;
#3080 = ORIENTED_EDGE ( 'NONE', *, *, #4469, .T. ) ;
#3081 = AXIS2_PLACEMENT_3D ( 'NONE', #3031, #4454, #1650 ) ;
#3082 = LINE ( 'NONE', #2181, #298 ) ;
#3083 = CARTESIAN_POINT ( 'NONE',  ( 20.00000000000000355, 19.00000000000000355, 24.99999999999992895 ) ) ;
#3084 = DIRECTION ( 'NONE',  ( 0.000000000000000000, -0.000000000000000000, 1.000000000000000000 ) ) ;
#3085 = EDGE_CURVE ( 'NONE', #4522, #4827, #1077, .T. ) ;
#3086 = VECTOR ( 'NONE', #6223, 1000.000000000000000 ) ;
#3087 = ORIENTED_EDGE ( 'NONE', *, *, #781, .F. ) ;
#3088 = VERTEX_POINT ( 'NONE', #4583 ) ;
#3089 = EDGE_CURVE ( 'NONE', #5451, #4398, #2535, .T. ) ;
#3090 = ORIENTED_EDGE ( 'NONE', *, *, #4624, .F. ) ;
#3091 = CARTESIAN_POINT ( 'NONE',  ( -15.00000000000018474, 8.000000000000000000, -17.49999999999985079 ) ) ;
#3092 = CARTESIAN_POINT ( 'NONE',  ( -12.50000000000023448, 21.00000000000000355, -22.49999999999986855 ) ) ;
#3093 = VECTOR ( 'NONE', #3684, 1000.000000000000000 ) ;
#3094 = AXIS2_PLACEMENT_3D ( 'NONE', #1685, #3294, #5676 ) ;
#3095 = DIRECTION ( 'NONE',  ( -0.000000000000000000, 0.000000000000000000, 1.000000000000000000 ) ) ;
#3096 = CARTESIAN_POINT ( 'NONE',  ( -22.50000000000000000, 19.00000000000000355, 27.50000000000000000 ) ) ;
#3097 = EDGE_LOOP ( 'NONE', ( #3111, #1743, #1048, #5085 ) ) ;
#3098 = AXIS2_PLACEMENT_3D ( 'NONE', #4433, #3886, #1033 ) ;
#3099 = ADVANCED_FACE ( 'NONE', ( #3108 ), #233, .F. ) ;
#3100 = AXIS2_PLACEMENT_3D ( 'NONE', #1556, #1084, #5444 ) ;
#3101 = LINE ( 'NONE', #1655, #738 ) ;
#3102 = CARTESIAN_POINT ( 'NONE',  ( 23.42301757142123364, 7.022034776462830585, 18.48716959523677517 ) ) ;
#3103 = DIRECTION ( 'NONE',  ( 1.000000000000000000, 0.000000000000000000, -2.312964634635756861E-15 ) ) ;
#3104 = VERTEX_POINT ( 'NONE', #2110 ) ;
#3105 = CIRCLE ( 'NONE', #2806, 8.100000000000001421 ) ;
#3106 = ORIENTED_EDGE ( 'NONE', *, *, #5034, .T. ) ;
#3107 = DIRECTION ( 'NONE',  ( 0.000000000000000000, -1.000000000000000000, -0.000000000000000000 ) ) ;
#3108 = FACE_OUTER_BOUND ( 'NONE', #1445, .T. ) ;
#3109 = CIRCLE ( 'NONE', #5576, 0.6999999999999995115 ) ;
#3110 = CARTESIAN_POINT ( 'NONE',  ( -22.89299778444377509, 15.65890718546432403, 18.39883296407403535 ) ) ;
#3111 = ORIENTED_EDGE ( 'NONE', *, *, #2163, .F. ) ;
#3112 = ORIENTED_EDGE ( 'NONE', *, *, #321, .T. ) ;
#3113 = LINE ( 'NONE', #1580, #4700 ) ;
#3114 = CARTESIAN_POINT ( 'NONE',  ( 0.000000000000000000, 21.00000000000000355, 27.50000000000000000 ) ) ;
#3115 = DIRECTION ( 'NONE',  ( -0.000000000000000000, -0.000000000000000000, 1.000000000000000000 ) ) ;
#3116 = CIRCLE ( 'NONE', #4940, 5.000000000000000888 ) ;
#3117 = EDGE_CURVE ( 'NONE', #603, #4903, #879, .T. ) ;
#3118 = EDGE_LOOP ( 'NONE', ( #752, #4552, #5003, #6205 ) ) ;
#3119 = VERTEX_POINT ( 'NONE', #1573 ) ;
#3120 = CIRCLE ( 'NONE', #5078, 0.6999999999999995115 ) ;
#3121 = VERTEX_POINT ( 'NONE', #5522 ) ;
#3122 = LINE ( 'NONE', #6082, #1916 ) ;
#3123 = LINE ( 'NONE', #252, #869 ) ;
#3124 = CARTESIAN_POINT ( 'NONE',  ( -24.99999999999999645, 0.000000000000000000, 20.00000000000000000 ) ) ;
#3125 = EDGE_CURVE ( 'NONE', #6008, #5722, #5075, .T. ) ;
#3126 = LINE ( 'NONE', #2036, #1745 ) ;
#3127 = DIRECTION ( 'NONE',  ( -0.000000000000000000, 1.000000000000000000, -0.000000000000000000 ) ) ;
#3128 = EDGE_CURVE ( 'NONE', #515, #812, #6066, .T. ) ;
#3129 = VERTEX_POINT ( 'NONE', #2625 ) ;
#3130 = CARTESIAN_POINT ( 'NONE',  ( 18.29510763021248465, 4.340061290254976889, -22.27064578127501449 ) ) ;
#3131 = DIRECTION ( 'NONE',  ( -0.000000000000000000, 1.000000000000000000, -0.000000000000000000 ) ) ;
#3132 = DIRECTION ( 'NONE',  ( -0.000000000000000000, -0.000000000000000000, -1.000000000000000000 ) ) ;
#3133 = ORIENTED_EDGE ( 'NONE', *, *, #480, .F. ) ;
#3134 = EDGE_CURVE ( 'NONE', #2077, #4655, #4555, .T. ) ;
#3135 = ORIENTED_EDGE ( 'NONE', *, *, #3037, .F. ) ;
#3136 = CARTESIAN_POINT ( 'NONE',  ( 17.50000000000001421, 8.000000000000000000, -6.110092342975489052E-14 ) ) ;
#3137 = CARTESIAN_POINT ( 'NONE',  ( -11.19999999999999751, 15.75000000000000000, -15.25000000000000000 ) ) ;
#3138 = CIRCLE ( 'NONE', #1102, 3.800000000000000266 ) ;
#3139 = CARTESIAN_POINT ( 'NONE',  ( -17.89270351182387486, 19.00000000000000355, 17.56545058530399217 ) ) ;
#3140 = ITEM_DEFINED_TRANSFORMATION ( 'NONE', 'NONE', #3440,  #6307 ) ;
#3141 = EDGE_CURVE ( 'NONE', #5760, #358, #2142, .T. ) ;
#3142 = ORIENTED_EDGE ( 'NONE', *, *, #1109, .F. ) ;
#3143 = ORIENTED_EDGE ( 'NONE', *, *, #4405, .F. ) ;
#3144 = VECTOR ( 'NONE', #3655, 1000.000000000000000 ) ;
#3145 = FACE_OUTER_BOUND ( 'NONE', #2561, .T. ) ;
#3146 = DIRECTION ( 'NONE',  ( -0.000000000000000000, -0.000000000000000000, 1.000000000000000000 ) ) ;
#3147 = DIRECTION ( 'NONE',  ( 0.000000000000000000, 0.000000000000000000, 1.000000000000000000 ) ) ;
#3148 = ORIENTED_EDGE ( 'NONE', *, *, #2754, .F. ) ;
#3149 = ORIENTED_EDGE ( 'NONE', *, *, #364, .T. ) ;
#3150 = ORIENTED_EDGE ( 'NONE', *, *, #794, .F. ) ;
#3151 = ORIENTED_EDGE ( 'NONE', *, *, #745, .F. ) ;
#3152 = CARTESIAN_POINT ( 'NONE',  ( 26.00000000000000355, 6.400000000000000355, 3.821067811865476838 ) ) ;
#3153 = FACE_OUTER_BOUND ( 'NONE', #5950, .T. ) ;
#3154 = LINE ( 'NONE', #2642, #3459 ) ;
#3155 = DIRECTION ( 'NONE',  ( 1.000000000000000000, -0.000000000000000000, -0.000000000000000000 ) ) ;
#3156 = ORIENTED_EDGE ( 'NONE', *, *, #4706, .F. ) ;
#3157 = EDGE_CURVE ( 'NONE', #5383, #515, #1664, .T. ) ;
#3158 = CARTESIAN_POINT ( 'NONE',  ( 16.30000000000000071, 15.75000000000003553, -13.24999999999999822 ) ) ;
#3159 = CARTESIAN_POINT ( 'NONE',  ( 21.29999999999999005, 0.1000000000000000056, 9.849999999999997868 ) ) ;
#3160 = CARTESIAN_POINT ( 'NONE',  ( -26.00000000000000355, 1.399999999999999911, -11.75000000000000000 ) ) ;
#3161 = VECTOR ( 'NONE', #3339, 1000.000000000000000 ) ;
#3162 = ORIENTED_EDGE ( 'NONE', *, *, #1990, .T. ) ;
#3163 = EDGE_LOOP ( 'NONE', ( #4629, #6135, #1536, #4438 ) ) ;
#3164 = ADVANCED_FACE ( 'NONE', ( #4524 ), #4073, .F. ) ;
#3165 = LINE ( 'NONE', #4754, #3875 ) ;
#3166 = CARTESIAN_POINT ( 'NONE',  ( 25.00000000000007105, 19.00000000000000355, 19.99999999999998934 ) ) ;
#3167 = LINE ( 'NONE', #5199, #5555 ) ;
#3168 = CARTESIAN_POINT ( 'NONE',  ( -18.28538848585763077, 18.96132346621524434, 17.63089808097628719 ) ) ;
#3169 = DIRECTION ( 'NONE',  ( -5.551115123125780237E-17, -1.000000000000000000, -1.224646799147353454E-16 ) ) ;
#3170 = EDGE_LOOP ( 'NONE', ( #4022, #2134, #4194, #4200, #4358, #3801, #2783, #1716 ) ) ;
#3171 = AXIS2_PLACEMENT_3D ( 'NONE', #1306, #832, #353 ) ;
#3172 = EDGE_LOOP ( 'NONE', ( #5619, #943, #3232, #3156 ) ) ;
#3173 = DIRECTION ( 'NONE',  ( -1.000000000000000000, 0.000000000000000000, 0.000000000000000000 ) ) ;
#3174 = ORIENTED_EDGE ( 'NONE', *, *, #5981, .T. ) ;
#3175 = CARTESIAN_POINT ( 'NONE',  ( -14.99999999999999822, 19.00000000000000355, 25.00000000000000000 ) ) ;
#3176 = LINE ( 'NONE', #3114, #255 ) ;
#3177 = DIRECTION ( 'NONE',  ( 0.000000000000000000, 0.000000000000000000, 1.000000000000000000 ) ) ;
#3178 = EDGE_CURVE ( 'NONE', #120, #5794, #656, .T. ) ;
#3179 = EDGE_CURVE ( 'NONE', #3637, #1154, #6096, .T. ) ;
#3180 = EDGE_LOOP ( 'NONE', ( #3021, #2283, #5162, #387 ) ) ;
#3181 = ORIENTED_EDGE ( 'NONE', *, *, #885, .T. ) ;
#3182 = CIRCLE ( 'NONE', #349, 6.000000000000001776 ) ;
#3183 = CIRCLE ( 'NONE', #3704, 0.6999999999999992895 ) ;
#3184 = ORIENTED_EDGE ( 'NONE', *, *, #3157, .F. ) ;
#3185 = DIRECTION ( 'NONE',  ( 0.000000000000000000, 0.000000000000000000, 1.000000000000000000 ) ) ;
#3186 = FACE_OUTER_BOUND ( 'NONE', #3685, .T. ) ;
#3187 =( BOUNDED_SURFACE ( )  B_SPLINE_SURFACE ( 3, 2, ( 
 ( #3734, #3212, #1364 ),
 ( #3833, #3312, #4799 ),
 ( #5209, #3697, #2694 ),
 ( #1263, #4662, #5174 ),
 ( #1830, #5726, #276 ),
 ( #1398, #5275, #2762 ),
 ( #6257, #1864, #889 ),
 ( #1731, #4217, #793 ),
 ( #380, #2728, #2798 ),
 ( #2319, #4768, #4696 ),
 ( #412, #307, #2213 ),
 ( #1331, #5790, #2351 ),
 ( #2251, #3278, #5239 ),
 ( #6166, #758, #1299 ),
 ( #3346, #2830, #4178 ),
 ( #6133, #1769, #4286 ),
 ( #5693, #3245, #6230 ),
 ( #3798, #5756, #826 ),
 ( #4727, #343, #2285 ),
 ( #4254, #6199, #1800 ) ),
 .UNSPECIFIED., .F., .F., .F. ) 
 B_SPLINE_SURFACE_WITH_KNOTS ( ( 4, 2, 2, 2, 2, 2, 2, 2, 2, 4 ),
 ( 3, 3 ),
 ( 4.712388980384689674, 4.908738521234051966, 5.105088062083414258, 5.301437602932775661, 5.497787143782137953, 5.694136684631500245, 5.890486225480861648, 6.086835766330223940, 6.185010536754905530, 6.283185307179586232 ),
 ( 0.000000000000000000, 1.000000000000000000 ),
 .UNSPECIFIED. ) 
 GEOMETRIC_REPRESENTATION_ITEM ( )  RATIONAL_B_SPLINE_SURFACE ( (
 ( 1.000000000000000000, 1.000000000000000000, 1.000000000000000000),
 ( 1.000000000000000000, 1.000009747438936003, 1.000000000000000000),
 ( 1.000000000000000000, 0.9967613230916871903, 1.000000000000000000),
 ( 1.000000000000000000, 0.9841171518560536402, 1.000000000000000000),
 ( 1.000000000000000000, 0.9747108014071167448, 1.000000000000000000),
 ( 1.000000000000000000, 0.9506740383551962603, 1.000000000000000000),
 ( 1.000000000000000000, 0.9360421792726109080, 1.000000000000000000),
 ( 1.000000000000000000, 0.9031651044137850581, 1.000000000000000000),
 ( 1.000000000000000000, 0.8849191394644404518, 1.000000000000000000),
 ( 1.000000000000000000, 0.8471316681044391839, 1.000000000000000000),
 ( 1.000000000000000000, 0.8275942589162059715, 1.000000000000000000),
 ( 1.000000000000000000, 0.7902180193271363118, 1.000000000000000000),
 ( 1.000000000000000000, 0.7723968094988261646, 1.000000000000000000),
 ( 1.000000000000000000, 0.7418334301983787737, 1.000000000000000000),
 ( 1.000000000000000000, 0.7291288848862664818, 1.000000000000000000),
 ( 1.000000000000000000, 0.7160917299643544398, 1.000000000000000000),
 ( 1.000000000000000000, 0.7127418050326708165, 1.000000000000000000),
 ( 1.000000000000000000, 0.7082489477862095040, 1.000000000000000000),
 ( 1.000000000000000000, 0.7071044350385067290, 1.000000000000000000),
 ( 1.000000000000000000, 0.7071067811865475727, 1.000000000000000000) ) ) 
 REPRESENTATION_ITEM ( '' )  SURFACE ( )  );
#3188 = DIRECTION ( 'NONE',  ( 3.154042683594194997E-17, 0.000000000000000000, -1.000000000000000000 ) ) ;
#3189 = AXIS2_PLACEMENT_3D ( 'NONE', #5696, #6168, #1773 ) ;
#3190 = LINE ( 'NONE', #5155, #4878 ) ;
#3191 = ORIENTED_EDGE ( 'NONE', *, *, #256, .F. ) ;
#3192 = VECTOR ( 'NONE', #4793, 1000.000000000000000 ) ;
#3193 = EDGE_LOOP ( 'NONE', ( #2540, #5178, #2495 ) ) ;
#3194 = FACE_OUTER_BOUND ( 'NONE', #1431, .T. ) ;
#3195 = CARTESIAN_POINT ( 'NONE',  ( 19.05569537833599725, 2.191900101376482279, 17.75928256305592967 ) ) ;
#3196 = DIRECTION ( 'NONE',  ( 0.000000000000000000, 0.000000000000000000, -1.000000000000000000 ) ) ;
#3197 = EDGE_CURVE ( 'NONE', #2426, #437, #5583, .T. ) ;
#3198 = ORIENTED_EDGE ( 'NONE', *, *, #2509, .T. ) ;
#3199 = ORIENTED_EDGE ( 'NONE', *, *, #5916, .T. ) ;
#3200 = ORIENTED_EDGE ( 'NONE', *, *, #4272, .T. ) ;
#3201 = DIRECTION ( 'NONE',  ( -1.000000000000000000, -0.000000000000000000, -0.000000000000000000 ) ) ;
#3202 = FACE_OUTER_BOUND ( 'NONE', #4897, .T. ) ;
#3203 = DIRECTION ( 'NONE',  ( 0.000000000000000000, 1.000000000000000000, -0.000000000000000000 ) ) ;
#3204 = CARTESIAN_POINT ( 'NONE',  ( 27.50000000000007816, 19.00000000000000355, 22.49999999999990052 ) ) ;
#3205 =( NAMED_UNIT ( * ) SI_UNIT ( $, .STERADIAN. ) SOLID_ANGLE_UNIT ( ) );
#3206 = ORIENTED_EDGE ( 'NONE', *, *, #2033, .F. ) ;
#3207 = AXIS2_PLACEMENT_3D ( 'NONE', #2327, #5284, #3707 ) ;
#3208 = CARTESIAN_POINT ( 'NONE',  ( 17.50000000000000711, 19.00000000000000355, -15.00000000000000178 ) ) ;
#3209 = CARTESIAN_POINT ( 'NONE',  ( -27.50000000000000355, 2.899999999999999911, -11.75000000000000000 ) ) ;
#3210 = VERTEX_POINT ( 'NONE', #2174 ) ;
#3211 = FACE_BOUND ( 'NONE', #1153, .T. ) ;
#3212 = CARTESIAN_POINT ( 'NONE',  ( 17.50000000000000711, 19.00000000000000355, -17.50000000000001421 ) ) ;
#3213 = DIRECTION ( 'NONE',  ( 1.000000000000000000, 0.000000000000000000, -5.782411586589354878E-15 ) ) ;
#3214 = AXIS2_PLACEMENT_3D ( 'NONE', #4436, #2984, #1487 ) ;
#3215 = ORIENTED_EDGE ( 'NONE', *, *, #5404, .F. ) ;
#3216 = ORIENTED_EDGE ( 'NONE', *, *, #3441, .T. ) ;
#3217 = AXIS2_PLACEMENT_3D ( 'NONE', #1630, #142, #1602 ) ;
#3218 = ORIENTED_EDGE ( 'NONE', *, *, #5935, .T. ) ;
#3219 = LINE ( 'NONE', #1838, #3900 ) ;
#3220 = FACE_OUTER_BOUND ( 'NONE', #4840, .T. ) ;
#3221 = CARTESIAN_POINT ( 'NONE',  ( -21.46496053433776297, 17.52032083990101086, -18.16082675572269878 ) ) ;
#3222 = DIRECTION ( 'NONE',  ( 1.000000000000000000, 0.000000000000000000, -3.769037094999422490E-15 ) ) ;
#3223 = EDGE_LOOP ( 'NONE', ( #6195, #4835, #4010, #111 ) ) ;
#3224 = ADVANCED_FACE ( 'NONE', ( #3499 ), #6038, .F. ) ;
#3225 =( BOUNDED_SURFACE ( )  B_SPLINE_SURFACE ( 3, 2, ( 
 ( #1191, #143, #3630 ),
 ( #3139, #5585, #3565 ),
 ( #3168, #2084, #3536 ),
 ( #2143, #5136, #269 ),
 ( #5525, #6068, #1665 ),
 ( #2599, #1574, #2113 ),
 ( #2206, #4137, #4170 ),
 ( #5494, #4074, #5105 ),
 ( #4043, #1098, #5016 ),
 ( #716, #3077, #5046 ),
 ( #3595, #625, #5076 ),
 ( #3658, #5556, #2176 ),
 ( #3110, #2627, #4584 ),
 ( #2658, #4615, #236 ),
 ( #6097, #1325, #913 ),
 ( #4689, #2312, #5234 ),
 ( #6194, #301, #5751 ),
 ( #1794, #2855, #6251 ),
 ( #5300, #4309, #6156 ),
 ( #2346, #5687, #5202 ) ),
 .UNSPECIFIED., .F., .F., .F. ) 
 B_SPLINE_SURFACE_WITH_KNOTS ( ( 4, 2, 2, 2, 2, 2, 2, 2, 2, 4 ),
 ( 3, 3 ),
 ( 4.712388980384689674, 4.908738521234051966, 5.105088062083414258, 5.301437602932775661, 5.497787143782137953, 5.694136684631500245, 5.890486225480861648, 6.086835766330223940, 6.185010536754905530, 6.283185307179586232 ),
 ( 0.000000000000000000, 1.000000000000000000 ),
 .UNSPECIFIED. ) 
 GEOMETRIC_REPRESENTATION_ITEM ( )  RATIONAL_B_SPLINE_SURFACE ( (
 ( 1.000000000000000000, 1.000000000000000000, 1.000000000000000000),
 ( 1.000000000000000000, 1.000009747438936003, 1.000000000000000000),
 ( 1.000000000000000000, 0.9967613230916871903, 1.000000000000000000),
 ( 1.000000000000000000, 0.9841171518560536402, 1.000000000000000000),
 ( 1.000000000000000000, 0.9747108014071167448, 1.000000000000000000),
 ( 1.000000000000000000, 0.9506740383551962603, 1.000000000000000000),
 ( 1.000000000000000000, 0.9360421792726109080, 1.000000000000000000),
 ( 1.000000000000000000, 0.9031651044137850581, 1.000000000000000000),
 ( 1.000000000000000000, 0.8849191394644404518, 1.000000000000000000),
 ( 1.000000000000000000, 0.8471316681044391839, 1.000000000000000000),
 ( 1.000000000000000000, 0.8275942589162059715, 1.000000000000000000),
 ( 1.000000000000000000, 0.7902180193271363118, 1.000000000000000000),
 ( 1.000000000000000000, 0.7723968094988261646, 1.000000000000000000),
 ( 1.000000000000000000, 0.7418334301983787737, 1.000000000000000000),
 ( 1.000000000000000000, 0.7291288848862664818, 1.000000000000000000),
 ( 1.000000000000000000, 0.7160917299643544398, 1.000000000000000000),
 ( 1.000000000000000000, 0.7127418050326708165, 1.000000000000000000),
 ( 1.000000000000000000, 0.7082489477862095040, 1.000000000000000000),
 ( 1.000000000000000000, 0.7071044350385067290, 1.000000000000000000),
 ( 1.000000000000000000, 0.7071067811865475727, 1.000000000000000000) ) ) 
 REPRESENTATION_ITEM ( '' )  SURFACE ( )  );
#3226 = PRESENTATION_STYLE_ASSIGNMENT (( #620 ) ) ;
#3227 = CIRCLE ( 'NONE', #988, 0.7000000000000009548 ) ;
#3228 = CARTESIAN_POINT ( 'NONE',  ( -6.799999999999997158, 15.75000000000000000, -23.25000000000000000 ) ) ;
#3229 = CARTESIAN_POINT ( 'NONE',  ( 23.19355660569178923, 6.066705997083326807, 18.44892610094847996 ) ) ;
#3230 = DIRECTION ( 'NONE',  ( -0.000000000000000000, -1.000000000000000000, -0.000000000000000000 ) ) ;
#3231 = VERTEX_POINT ( 'NONE', #3564 ) ;
#3232 = ORIENTED_EDGE ( 'NONE', *, *, #1876, .F. ) ;
#3233 = DIRECTION ( 'NONE',  ( -0.000000000000000000, 1.000000000000000000, -0.000000000000000000 ) ) ;
#3234 = CARTESIAN_POINT ( 'NONE',  ( -20.00000000000001066, 0.000000000000000000, -19.99999999999998224 ) ) ;
#3235 = EDGE_CURVE ( 'NONE', #3129, #923, #6294, .T. ) ;
#3236 = CARTESIAN_POINT ( 'NONE',  ( -27.50000000000000000, 21.00000000000000355, 22.50000000000000000 ) ) ;
#3237 = CARTESIAN_POINT ( 'NONE',  ( 18.16082675572315352, 17.52032083990108191, 21.46496053433743256 ) ) ;
#3238 = LINE ( 'NONE', #820, #5251 ) ;
#3239 = ORIENTED_EDGE ( 'NONE', *, *, #3577, .F. ) ;
#3240 = EDGE_CURVE ( 'NONE', #4579, #4702, #2297, .T. ) ;
#3241 = ORIENTED_EDGE ( 'NONE', *, *, #5176, .F. ) ;
#3242 = DIRECTION ( 'NONE',  ( 0.000000000000000000, 0.000000000000000000, -1.000000000000000000 ) ) ;
#3243 = ORIENTED_EDGE ( 'NONE', *, *, #786, .F. ) ;
#3244 = CARTESIAN_POINT ( 'NONE',  ( -18.08578643762713867, 19.00000000000000355, -21.01471862576125105 ) ) ;
#3245 = CARTESIAN_POINT ( 'NONE',  ( 23.37365715857657023, 14.41676346881562409, -23.37365715857658088 ) ) ;
#3246 = EDGE_CURVE ( 'NONE', #1257, #3316, #3325, .T. ) ;
#3247 = CYLINDRICAL_SURFACE ( 'NONE', #4289, 0.6999999999999995115 ) ;
#3248 = AXIS2_PLACEMENT_3D ( 'NONE', #2892, #4861, #18 ) ;
#3249 = DIRECTION ( 'NONE',  ( 0.000000000000000000, 0.000000000000000000, 1.000000000000000000 ) ) ;
#3250 = ORIENTED_EDGE ( 'NONE', *, *, #407, .F. ) ;
#3251 = ORIENTED_EDGE ( 'NONE', *, *, #3478, .F. ) ;
#3252 = CIRCLE ( 'NONE', #2944, 0.7999999999999986011 ) ;
#3253 = ORIENTED_EDGE ( 'NONE', *, *, #819, .T. ) ;
#3254 = CARTESIAN_POINT ( 'NONE',  ( 4.750000000000000888, 0.1000000000000000056, -9.249999999999998224 ) ) ;
#3255 = FACE_OUTER_BOUND ( 'NONE', #3796, .T. ) ;
#3256 = CARTESIAN_POINT ( 'NONE',  ( -20.87428726326036355, 18.26870133912344230, -20.87428726325977735 ) ) ;
#3257 = CARTESIAN_POINT ( 'NONE',  ( 27.50000000000006395, 21.00000000000000355, 17.49999999999990408 ) ) ;
#3258 = VECTOR ( 'NONE', #3264, 1000.000000000000000 ) ;
#3259 = ORIENTED_EDGE ( 'NONE', *, *, #835, .T. ) ;
#3260 = EDGE_CURVE ( 'NONE', #3351, #2289, #5265, .T. ) ;
#3261 = FACE_OUTER_BOUND ( 'NONE', #90, .T. ) ;
#3262 = EDGE_CURVE ( 'NONE', #923, #6262, #747, .T. ) ;
#3263 = CARTESIAN_POINT ( 'NONE',  ( -13.90000000000001279, -1.000000000000000000, -3.452947483310167141E-15 ) ) ;
#3264 = DIRECTION ( 'NONE',  ( -0.000000000000000000, -0.000000000000000000, 1.000000000000000000 ) ) ;
#3265 = LINE ( 'NONE', #2750, #1467 ) ;
#3266 = VERTEX_POINT ( 'NONE', #881 ) ;
#3267 = CARTESIAN_POINT ( 'NONE',  ( 4.000000000000000000, 0.000000000000000000, 9.250000000000005329 ) ) ;
#3268 = DIRECTION ( 'NONE',  ( -1.000000000000000000, 0.000000000000000000, 0.000000000000000000 ) ) ;
#3269 = LINE ( 'NONE', #5748, #1058 ) ;
#3270 = CARTESIAN_POINT ( 'NONE',  ( 23.50000000000008171, 12.99999999999999289, 18.49999999999992539 ) ) ;
#3271 = VECTOR ( 'NONE', #4057, 1000.000000000000000 ) ;
#3272 = EDGE_CURVE ( 'NONE', #1960, #6098, #1253, .T. ) ;
#3273 = LINE ( 'NONE', #4279, #2270 ) ;
#3274 = DIRECTION ( 'NONE',  ( 0.000000000000000000, 0.000000000000000000, -1.000000000000000000 ) ) ;
#3275 = CYLINDRICAL_SURFACE ( 'NONE', #2071, 6.000000000000000000 ) ;
#3276 = ORIENTED_EDGE ( 'NONE', *, *, #867, .F. ) ;
#3277 = FACE_OUTER_BOUND ( 'NONE', #3909, .T. ) ;
#3278 = CARTESIAN_POINT ( 'NONE',  ( 22.16213375776619543, 17.16486922472171628, -22.16213375776631977 ) ) ;
#3279 = CARTESIAN_POINT ( 'NONE',  ( 15.00000000000008704, 19.00000000000000355, 24.99999999999995026 ) ) ;
#3280 = CARTESIAN_POINT ( 'NONE',  ( -17.89270351182385355, 2.000000000000000000, 17.56545058530398862 ) ) ;
#3281 = VECTOR ( 'NONE', #2326, 1000.000000000000000 ) ;
#3282 = ORIENTED_EDGE ( 'NONE', *, *, #2226, .F. ) ;
#3283 = ORIENTED_EDGE ( 'NONE', *, *, #5602, .F. ) ;
#3284 = VERTEX_POINT ( 'NONE', #3166 ) ;
#3285 = DIRECTION ( 'NONE',  ( 0.000000000000000000, -0.000000000000000000, -1.000000000000000000 ) ) ;
#3286 = CARTESIAN_POINT ( 'NONE',  ( -23.50000000000017053, 19.00000000000000355, -14.99999999999975486 ) ) ;
#3287 = CARTESIAN_POINT ( 'NONE',  ( -23.49035397735537956, 13.39269881009251506, -18.49839232955896762 ) ) ;
#3288 = ADVANCED_FACE ( 'NONE', ( #3756 ), #3300, .F. ) ;
#3289 = VECTOR ( 'NONE', #5426, 1000.000000000000000 ) ;
#3290 = ADVANCED_FACE ( 'NONE', ( #3725 ), #4650, .T. ) ;
#3291 = ORIENTED_EDGE ( 'NONE', *, *, #5671, .F. ) ;
#3292 = CARTESIAN_POINT ( 'NONE',  ( -4.749999999999993783, 0.1000000000000000056, -10.34999999999999787 ) ) ;
#3293 = AXIS2_PLACEMENT_3D ( 'NONE', #6308, #512, #5838 ) ;
#3294 = DIRECTION ( 'NONE',  ( 0.000000000000000000, -1.000000000000000000, 0.000000000000000000 ) ) ;
#3295 = CARTESIAN_POINT ( 'NONE',  ( 17.50000000000008527, 2.000000000000000000, 17.49999999999994671 ) ) ;
#3296 = DIRECTION ( 'NONE',  ( -1.000000000000000000, 0.000000000000000000, 3.083311109201532150E-15 ) ) ;
#3297 = ORIENTED_EDGE ( 'NONE', *, *, #5703, .F. ) ;
#3298 = AXIS2_PLACEMENT_3D ( 'NONE', #2336, #5226, #1384 ) ;
#3299 = CYLINDRICAL_SURFACE ( 'NONE', #2021, 5.000000000000000888 ) ;
#3300 = CYLINDRICAL_SURFACE ( 'NONE', #5167, 0.6999999999999992895 ) ;
#3301 = VECTOR ( 'NONE', #514, 1000.000000000000000 ) ;
#3302 = VECTOR ( 'NONE', #2780, 1000.000000000000000 ) ;
#3303 = LINE ( 'NONE', #2310, #4614 ) ;
#3304 = CARTESIAN_POINT ( 'NONE',  ( 23.01889895879259740, 15.70410048036617745, 23.01889895879242687 ) ) ;
#3305 = CARTESIAN_POINT ( 'NONE',  ( 27.50000000000000355, 1.399999999999999911, 1.750000000000001554 ) ) ;
#3306 = CARTESIAN_POINT ( 'NONE',  ( -27.50000000000000000, 21.00000000000000355, 0.000000000000000000 ) ) ;
#3307 = CIRCLE ( 'NONE', #4958, 5.000000000000000000 ) ;
#3308 = EDGE_CURVE ( 'NONE', #1231, #5406, #4136, .T. ) ;
#3309 = CYLINDRICAL_SURFACE ( 'NONE', #5255, 1.499999999999999556 ) ;
#3310 = ORIENTED_EDGE ( 'NONE', *, *, #3089, .T. ) ;
#3311 = DIRECTION ( 'NONE',  ( -1.000000000000000000, 0.000000000000000000, 3.083311109201532150E-15 ) ) ;
#3312 = CARTESIAN_POINT ( 'NONE',  ( 17.72907422770589037, 19.00000002634293850, -17.72907422770589747 ) ) ;
#3313 = PLANE ( 'NONE',  #495 ) ;
#3314 = AXIS2_PLACEMENT_3D ( 'NONE', #5538, #699, #2221 ) ;
#3315 = CARTESIAN_POINT ( 'NONE',  ( -17.50000000000000711, 2.000000000000000000, 17.50000000000001421 ) ) ;
#3316 = VERTEX_POINT ( 'NONE', #2719 ) ;
#3317 = ORIENTED_EDGE ( 'NONE', *, *, #6276, .T. ) ;
#3318 = ORIENTED_EDGE ( 'NONE', *, *, #246, .T. ) ;
#3319 = ORIENTED_EDGE ( 'NONE', *, *, #4375, .F. ) ;
#3320 = VECTOR ( 'NONE', #855, 1000.000000000000000 ) ;
#3321 = DIRECTION ( 'NONE',  ( 0.000000000000000000, 1.000000000000000000, 0.000000000000000000 ) ) ;
#3322 = DIRECTION ( 'NONE',  ( -0.000000000000000000, 1.000000000000000000, -0.000000000000000000 ) ) ;
#3323 = CARTESIAN_POINT ( 'NONE',  ( -23.19355660569177147, 14.93329400291703024, -18.44892610094843732 ) ) ;
#3324 = EDGE_CURVE ( 'NONE', #532, #3705, #2822, .T. ) ;
#3325 = CIRCLE ( 'NONE', #4359, 3.800000000000000266 ) ;
#3326 = ORIENTED_EDGE ( 'NONE', *, *, #1525, .T. ) ;
#3327 = DIRECTION ( 'NONE',  ( -1.278740865116515653E-14, 0.000000000000000000, -1.000000000000000000 ) ) ;
#3328 = EDGE_CURVE ( 'NONE', #3363, #2154, #5343, .T. ) ;
#3329 = ADVANCED_FACE ( 'NONE', ( #3202 ), #5198, .F. ) ;
#3330 = EDGE_CURVE ( 'NONE', #1818, #249, #1756, .T. ) ;
#3331 = DIRECTION ( 'NONE',  ( -0.000000000000000000, -1.000000000000000000, -0.000000000000000000 ) ) ;
#3332 = CARTESIAN_POINT ( 'NONE',  ( 22.89299778444382483, 5.341092814535622679, 18.39883296407394653 ) ) ;
#3333 = DIRECTION ( 'NONE',  ( -0.000000000000000000, -1.000000000000000000, -0.000000000000000000 ) ) ;
#3334 = ORIENTED_EDGE ( 'NONE', *, *, #5750, .T. ) ;
#3335 = VECTOR ( 'NONE', #981, 1000.000000000000000 ) ;
#3336 = DIRECTION ( 'NONE',  ( 0.000000000000000000, 0.000000000000000000, -1.000000000000000000 ) ) ;
#3337 = DIRECTION ( 'NONE',  ( 1.000000000000000000, -0.000000000000000000, -0.000000000000000000 ) ) ;
#3338 = CARTESIAN_POINT ( 'NONE',  ( -18.50000000000025935, 13.00000000000000355, -23.49999999999981526 ) ) ;
#3339 = DIRECTION ( 'NONE',  ( 0.000000000000000000, -1.000000000000000000, 0.000000000000000000 ) ) ;
#3340 = LINE ( 'NONE', #1256, #6164 ) ;
#3341 = EDGE_CURVE ( 'NONE', #4266, #1798, #1740, .T. ) ;
#3342 = ADVANCED_FACE ( 'NONE', ( #1791 ), #5684, .F. ) ;
#3343 = DIRECTION ( 'NONE',  ( -0.000000000000000000, 1.000000000000000000, -0.000000000000000000 ) ) ;
#3344 = ORIENTED_EDGE ( 'NONE', *, *, #1592, .F. ) ;
#3345 = DIRECTION ( 'NONE',  ( 0.000000000000000000, 0.000000000000000000, -1.000000000000000000 ) ) ;
#3346 = CARTESIAN_POINT ( 'NONE',  ( 23.30809990441584389, 14.55569534921597707, -18.46801665073600063 ) ) ;
#3347 = CARTESIAN_POINT ( 'NONE',  ( 17.50000000000000711, 19.00000000000000355, -17.50000000000001421 ) ) ;
#3348 = CARTESIAN_POINT ( 'NONE',  ( -18.29510763021248465, 4.340061290254976889, 22.27064578127501449 ) ) ;
#3349 = EDGE_CURVE ( 'NONE', #5442, #728, #2204, .T. ) ;
#3350 = VERTEX_POINT ( 'NONE', #4717 ) ;
#3351 = VERTEX_POINT ( 'NONE', #5746 ) ;
#3352 = ORIENTED_EDGE ( 'NONE', *, *, #522, .T. ) ;
#3353 = ORIENTED_EDGE ( 'NONE', *, *, #5803, .F. ) ;
#3354 = FACE_BOUND ( 'NONE', #5221, .T. ) ;
#3355 = DIRECTION ( 'NONE',  ( 0.000000000000000000, 0.000000000000000000, -1.000000000000000000 ) ) ;
#3356 = CARTESIAN_POINT ( 'NONE',  ( -22.16213375776655425, 17.16486922472171628, -22.16213375776594674 ) ) ;
#3357 = AXIS2_PLACEMENT_3D ( 'NONE', #2019, #4612, #4072 ) ;
#3358 = ORIENTED_EDGE ( 'NONE', *, *, #2001, .T. ) ;
#3359 = CARTESIAN_POINT ( 'NONE',  ( -5.850000000000001421, 0.000000000000000000, -6.150000000000004796 ) ) ;
#3360 = PLANE ( 'NONE',  #537 ) ;
#3361 = DIRECTION ( 'NONE',  ( 0.000000000000000000, 1.000000000000000000, 0.000000000000000000 ) ) ;
#3362 = DIRECTION ( 'NONE',  ( 6.802837160693364596E-16, 0.000000000000000000, -1.000000000000000000 ) ) ;
#3363 = VERTEX_POINT ( 'NONE', #4244 ) ;
#3364 = EDGE_LOOP ( 'NONE', ( #4494, #6179, #4882, #1034 ) ) ;
#3365 = CIRCLE ( 'NONE', #608, 5.000000000000000888 ) ;
#3366 = LINE ( 'NONE', #2436, #2145 ) ;
#3367 = DIRECTION ( 'NONE',  ( 0.000000000000000000, -1.000000000000000000, -0.000000000000000000 ) ) ;
#3368 = CARTESIAN_POINT ( 'NONE',  ( 18.49197712378528635, 13.78350687386221018, 23.45186274271113902 ) ) ;
#3369 = CARTESIAN_POINT ( 'NONE',  ( -19.97696689349383448, 2.329466787031989838, -19.97696689349325183 ) ) ;
#3370 = ORIENTED_EDGE ( 'NONE', *, *, #408, .F. ) ;
#3371 = LINE ( 'NONE', #942, #5776 ) ;
#3372 = VERTEX_POINT ( 'NONE', #846 ) ;
#3373 = CARTESIAN_POINT ( 'NONE',  ( -25.00000000000000000, 2.000000000000000000, 15.00000000000000178 ) ) ;
#3374 = CYLINDRICAL_SURFACE ( 'NONE', #5378, 6.000000000000000000 ) ;
#3375 = CIRCLE ( 'NONE', #4895, 0.6999999999999995115 ) ;
#3376 = CARTESIAN_POINT ( 'NONE',  ( -12.69999999999999574, 0.000000000000000000, -8.597458788255783673E-15 ) ) ;
#3377 = CARTESIAN_POINT ( 'NONE',  ( 22.50000000000000355, 1.399999999999999911, 13.25000000000000533 ) ) ;
#3378 = DIRECTION ( 'NONE',  ( 0.000000000000000000, -0.7071067811865474617, 0.7071067811865475727 ) ) ;
#3379 = ORIENTED_EDGE ( 'NONE', *, *, #1673, .T. ) ;
#3380 = ORIENTED_EDGE ( 'NONE', *, *, #6000, .T. ) ;
#3381 = ORIENTED_EDGE ( 'NONE', *, *, #3470, .F. ) ;
#3382 = DIRECTION ( 'NONE',  ( 0.000000000000000000, -1.000000000000000000, 0.000000000000000000 ) ) ;
#3383 = CARTESIAN_POINT ( 'NONE',  ( 13.90000000000001279, 2.000000000000000000, -3.452947483310167141E-15 ) ) ;
#3384 = EDGE_CURVE ( 'NONE', #1185, #5732, #1354, .T. ) ;
#3385 = FACE_OUTER_BOUND ( 'NONE', #278, .T. ) ;
#3386 = AXIS2_PLACEMENT_3D ( 'NONE', #4427, #6313, #429 ) ;
#3387 = CIRCLE ( 'NONE', #3894, 1.100000000000000311 ) ;
#3388 = EDGE_LOOP ( 'NONE', ( #2733, #465, #422, #6149 ) ) ;
#3389 = DIRECTION ( 'NONE',  ( -0.000000000000000000, -0.000000000000000000, 1.000000000000000000 ) ) ;
#3390 = CIRCLE ( 'NONE', #5033, 5.000000000000000000 ) ;
#3391 = CARTESIAN_POINT ( 'NONE',  ( -17.50000000000013145, 19.00000000000000355, -12.49999999999981704 ) ) ;
#3392 = LINE ( 'NONE', #993, #1293 ) ;
#3393 = CARTESIAN_POINT ( 'NONE',  ( -0.6999999999999956257, 22.35000000000000142, -15.25000000000000000 ) ) ;
#3394 = EDGE_LOOP ( 'NONE', ( #5032, #3243, #2269, #4076 ) ) ;
#3395 = AXIS2_PLACEMENT_3D ( 'NONE', #4577, #5608, #3649 ) ;
#3396 = VECTOR ( 'NONE', #107, 1000.000000000000000 ) ;
#3397 = FACE_OUTER_BOUND ( 'NONE', #3414, .T. ) ;
#3398 =( BOUNDED_CURVE ( )  B_SPLINE_CURVE ( 3, ( #582, #3973, #3008, #4976 ),
 .UNSPECIFIED., .F., .F. ) 
 B_SPLINE_CURVE_WITH_KNOTS ( ( 4, 4 ),
 ( 3.141592653589793116, 4.712388980384689674 ),
 .UNSPECIFIED. ) 
 CURVE ( )  GEOMETRIC_REPRESENTATION_ITEM ( )  RATIONAL_B_SPLINE_CURVE ( ( 1.000000000000000000, 0.8047378541243649375, 0.8047378541243649375, 1.000000000000000000 ) ) 
 REPRESENTATION_ITEM ( '' )  );
#3399 = CARTESIAN_POINT ( 'NONE',  ( 18.49999999999183586, 7.803650343936832101, -23.50000000000001776 ) ) ;
#3400 = CARTESIAN_POINT ( 'NONE',  ( -18.50000000000001066, 8.000000000000000000, 23.50000000000001421 ) ) ;
#3401 = EDGE_CURVE ( 'NONE', #2683, #6268, #2686, .T. ) ;
#3402 = CARTESIAN_POINT ( 'NONE',  ( -23.42301757142136154, 7.022034776462816374, -18.48716959523661174 ) ) ;
#3403 = ORIENTED_EDGE ( 'NONE', *, *, #2588, .T. ) ;
#3404 = DIRECTION ( 'NONE',  ( -0.000000000000000000, 1.000000000000000000, 0.000000000000000000 ) ) ;
#3405 = EDGE_LOOP ( 'NONE', ( #744, #1249 ) ) ;
#3406 = AXIS2_PLACEMENT_3D ( 'NONE', #5326, #4330, #4909 ) ;
#3407 = LINE ( 'NONE', #3832, #1199 ) ;
#3408 = FACE_OUTER_BOUND ( 'NONE', #5244, .T. ) ;
#3409 = VECTOR ( 'NONE', #5752, 1000.000000000000000 ) ;
#3410 = EDGE_CURVE ( 'NONE', #5187, #5279, #936, .T. ) ;
#3411 = CARTESIAN_POINT ( 'NONE',  ( -15.00000000000001421, 2.000000000000000000, 17.50000000000001421 ) ) ;
#3412 = CARTESIAN_POINT ( 'NONE',  ( 14.90000000000000213, 15.75000000000003553, -13.24999999999999822 ) ) ;
#3413 = STYLED_ITEM ( 'NONE', ( #3226 ), #2059 ) ;
#3414 = EDGE_LOOP ( 'NONE', ( #2511, #4473, #921, #762, #3297, #2324 ) ) ;
#3415 = ORIENTED_EDGE ( 'NONE', *, *, #5246, .F. ) ;
#3416 = ORIENTED_EDGE ( 'NONE', *, *, #794, .T. ) ;
#3417 = LINE ( 'NONE', #953, #5747 ) ;
#3418 = DIRECTION ( 'NONE',  ( -1.000000000000000000, 0.000000000000000000, 2.312964634635756861E-15 ) ) ;
#3419 = CARTESIAN_POINT ( 'NONE',  ( -27.50000000000000355, 23.39999999999999858, -15.25000000000000000 ) ) ;
#3420 = AXIS2_PLACEMENT_3D ( 'NONE', #2360, #3322, #1407 ) ;
#3421 = ORIENTED_EDGE ( 'NONE', *, *, #926, .T. ) ;
#3422 = AXIS2_PLACEMENT_3D ( 'NONE', #78, #5915, #918 ) ;
#3423 = CARTESIAN_POINT ( 'NONE',  ( -17.50000000000000000, 19.00000000000000355, 12.49999999999999822 ) ) ;
#3424 = VECTOR ( 'NONE', #1157, 1000.000000000000000 ) ;
#3425 = CARTESIAN_POINT ( 'NONE',  ( -17.50000000000028777, 19.00000000000000355, -27.49999999999981526 ) ) ;
#3426 = CARTESIAN_POINT ( 'NONE',  ( 22.50000000000007816, 21.00000000000000355, 22.49999999999991829 ) ) ;
#3427 = DIRECTION ( 'NONE',  ( 0.000000000000000000, 0.000000000000000000, 1.000000000000000000 ) ) ;
#3428 = EDGE_CURVE ( 'NONE', #6299, #3624, #430, .T. ) ;
#3429 = EDGE_LOOP ( 'NONE', ( #2211, #5804, #5949, #3839, #4383, #1031 ) ) ;
#3430 = CARTESIAN_POINT ( 'NONE',  ( 27.50000000000000355, 0.1000000000000000472, -15.25000000000000000 ) ) ;
#3431 = CARTESIAN_POINT ( 'NONE',  ( 22.16213375776609595, 3.835130775277956872, -22.16213375776622030 ) ) ;
#3432 = CARTESIAN_POINT ( 'NONE',  ( -12.50000000000018296, 19.00000000000000355, -17.49999999999986855 ) ) ;
#3433 = FACE_OUTER_BOUND ( 'NONE', #3193, .T. ) ;
#3434 = ORIENTED_EDGE ( 'NONE', *, *, #5057, .F. ) ;
#3435 = AXIS2_PLACEMENT_3D ( 'NONE', #1459, #6296, #2707 ) ;
#3436 = DIRECTION ( 'NONE',  ( 1.047444401652940007E-14, -0.000000000000000000, 1.000000000000000000 ) ) ;
#3437 = VERTEX_POINT ( 'NONE', #5425 ) ;
#3438 = DIRECTION ( 'NONE',  ( -0.000000000000000000, -1.000000000000000000, 0.000000000000000000 ) ) ;
#3439 = DIRECTION ( 'NONE',  ( 0.000000000000000000, 0.000000000000000000, 1.000000000000000000 ) ) ;
#3440 = AXIS2_PLACEMENT_3D ( 'NONE', #4171, #6127, #3169 ) ;
#3441 = EDGE_CURVE ( 'NONE', #4682, #437, #4820, .T. ) ;
#3442 = DIRECTION ( 'NONE',  ( -1.000000000000000000, 0.000000000000000000, 0.000000000000000000 ) ) ;
#3443 = DIRECTION ( 'NONE',  ( 0.000000000000000000, 0.000000000000000000, 1.000000000000000000 ) ) ;
#3444 = VERTEX_POINT ( 'NONE', #3912 ) ;
#3445 = EDGE_CURVE ( 'NONE', #167, #257, #1919, .T. ) ;
#3446 = ORIENTED_EDGE ( 'NONE', *, *, #2033, .T. ) ;
#3447 = CARTESIAN_POINT ( 'NONE',  ( -18.08578643762691485, 19.00000000000000355, 21.01471862576144289 ) ) ;
#3448 = DIRECTION ( 'NONE',  ( 0.000000000000000000, 0.000000000000000000, 1.000000000000000000 ) ) ;
#3449 = LINE ( 'NONE', #601, #4488 ) ;
#3450 = ORIENTED_EDGE ( 'NONE', *, *, #5413, .F. ) ;
#3451 = ADVANCED_FACE ( 'NONE', ( #3397 ), #5361, .F. ) ;
#3452 = CARTESIAN_POINT ( 'NONE',  ( 21.01471862576151040, 19.00000000000000355, 18.08578643762683669 ) ) ;
#3453 = DIRECTION ( 'NONE',  ( -1.000000000000000000, 0.000000000000000000, -0.000000000000000000 ) ) ;
#3454 = DIRECTION ( 'NONE',  ( -1.000000000000000000, 0.000000000000000000, -0.000000000000000000 ) ) ;
#3455 = PLANE ( 'NONE',  #1926 ) ;
#3456 = LINE ( 'NONE', #5810, #2065 ) ;
#3457 = ADVANCED_FACE ( 'NONE', ( #5781 ), #2372, .T. ) ;
#3458 = VERTEX_POINT ( 'NONE', #1507 ) ;
#3459 = VECTOR ( 'NONE', #4599, 1000.000000000000000 ) ;
#3460 = CYLINDRICAL_SURFACE ( 'NONE', #5849, 6.000000000000000000 ) ;
#3461 = ADVANCED_FACE ( 'NONE', ( #4399 ), #3460, .F. ) ;
#3462 = CARTESIAN_POINT ( 'NONE',  ( 23.37365715857653115, 6.583236531184200935, -23.37365715857654891 ) ) ;
#3463 = FACE_OUTER_BOUND ( 'NONE', #5691, .T. ) ;
#3464 = CARTESIAN_POINT ( 'NONE',  ( -18.28538848585784748, 2.038676533784759215, -17.63089808097607758 ) ) ;
#3465 = DIRECTION ( 'NONE',  ( -1.000000000000000000, 0.000000000000000000, 0.000000000000000000 ) ) ;
#3466 = ORIENTED_EDGE ( 'NONE', *, *, #3721, .F. ) ;
#3467 = DIRECTION ( 'NONE',  ( 1.000000000000000000, 0.000000000000000000, 0.000000000000000000 ) ) ;
#3468 = DIRECTION ( 'NONE',  ( 1.000000000000000000, 0.000000000000000000, 0.000000000000000000 ) ) ;
#3469 = VECTOR ( 'NONE', #4661, 1000.000000000000000 ) ;
#3470 = EDGE_CURVE ( 'NONE', #1591, #2667, #2884, .T. ) ;
#3471 = DIRECTION ( 'NONE',  ( 0.000000000000000000, 1.000000000000000000, 0.000000000000000000 ) ) ;
#3472 = FACE_OUTER_BOUND ( 'NONE', #3663, .T. ) ;
#3473 = ORIENTED_EDGE ( 'NONE', *, *, #4360, .T. ) ;
#3474 = ORIENTED_EDGE ( 'NONE', *, *, #1336, .T. ) ;
#3475 = PLANE ( 'NONE',  #5543 ) ;
#3476 = DIRECTION ( 'NONE',  ( -1.000000000000000000, 3.154042683594194381E-17, -3.154042683594194997E-17 ) ) ;
#3477 = LINE ( 'NONE', #1015, #4411 ) ;
#3478 = EDGE_CURVE ( 'NONE', #6106, #3444, #11, .T. ) ;
#3479 = VECTOR ( 'NONE', #4370, 1000.000000000000000 ) ;
#3480 = VERTEX_POINT ( 'NONE', #5812 ) ;
#3481 = VERTEX_POINT ( 'NONE', #1979 ) ;
#3482 = EDGE_CURVE ( 'NONE', #712, #248, #551, .T. ) ;
#3483 = CARTESIAN_POINT ( 'NONE',  ( 0.7000000000000050626, 9.149999999999998579, -15.25000000000000000 ) ) ;
#3484 = LINE ( 'NONE', #5780, #2223 ) ;
#3485 = LINE ( 'NONE', #93, #5040 ) ;
#3486 = LINE ( 'NONE', #6309, #1721 ) ;
#3487 = DIRECTION ( 'NONE',  ( -0.000000000000000000, -0.000000000000000000, -1.000000000000000000 ) ) ;
#3488 = AXIS2_PLACEMENT_3D ( 'NONE', #1538, #1061, #3490 ) ;
#3489 = VERTEX_POINT ( 'NONE', #1853 ) ;
#3490 = DIRECTION ( 'NONE',  ( 1.000000000000000000, 0.000000000000000000, 0.000000000000000000 ) ) ;
#3491 = CARTESIAN_POINT ( 'NONE',  ( 17.89270351182385355, 2.000000000000000000, -17.56545058530398862 ) ) ;
#3492 = CYLINDRICAL_SURFACE ( 'NONE', #1026, 0.6999999999999975131 ) ;
#3493 = CARTESIAN_POINT ( 'NONE',  ( -23.29960934660813621, 6.246085611631620793, -23.29960934660764593 ) ) ;
#3494 = ORIENTED_EDGE ( 'NONE', *, *, #6121, .F. ) ;
#3495 = CIRCLE ( 'NONE', #1659, 1.100000000000000311 ) ;
#3496 = CARTESIAN_POINT ( 'NONE',  ( 12.50000000000000000, 21.00000000000000355, 0.000000000000000000 ) ) ;
#3497 = ORIENTED_EDGE ( 'NONE', *, *, #2236, .F. ) ;
#3498 = LINE ( 'NONE', #3627, #1310 ) ;
#3499 = FACE_OUTER_BOUND ( 'NONE', #3180, .T. ) ;
#3500 = AXIS2_PLACEMENT_3D ( 'NONE', #2730, #3249, #4698 ) ;
#3501 = FACE_OUTER_BOUND ( 'NONE', #1704, .T. ) ;
#3502 =( NAMED_UNIT ( * ) PLANE_ANGLE_UNIT ( ) SI_UNIT ( $, .RADIAN. ) );
#3503 = EDGE_CURVE ( 'NONE', #3984, #572, #4603, .T. ) ;
#3504 = VERTEX_POINT ( 'NONE', #3822 ) ;
#3505 = VECTOR ( 'NONE', #4339, 1000.000000000000000 ) ;
#3506 = EDGE_LOOP ( 'NONE', ( #4303, #385, #1894, #3638 ) ) ;
#3507 = PRODUCT_DEFINITION_SHAPE ( 'NONE', 'NONE',  #4054 ) ;
#3508 = DIRECTION ( 'NONE',  ( -0.000000000000000000, -0.000000000000000000, 1.000000000000000000 ) ) ;
#3509 = CARTESIAN_POINT ( 'NONE',  ( 9.000000000000001776, 15.75000000000002132, -13.24999999999999822 ) ) ;
#3510 = DIRECTION ( 'NONE',  ( 0.000000000000000000, -1.000000000000000000, 0.000000000000000000 ) ) ;
#3511 = ORIENTED_EDGE ( 'NONE', *, *, #4201, .F. ) ;
#3512 = ORIENTED_EDGE ( 'NONE', *, *, #1265, .T. ) ;
#3513 = CIRCLE ( 'NONE', #140, 5.000000000000000888 ) ;
#3514 = FACE_OUTER_BOUND ( 'NONE', #6312, .T. ) ;
#3515 = EDGE_CURVE ( 'NONE', #4917, #3033, #2659, .T. ) ;
#3516 = PLANE ( 'NONE',  #4176 ) ;
#3517 = CARTESIAN_POINT ( 'NONE',  ( -23.47417623114326801, 7.281247836523015771, 23.47417623114326801 ) ) ;
#3518 = CARTESIAN_POINT ( 'NONE',  ( 8.300000000000002487, 15.75000000000002132, -13.24999999999999822 ) ) ;
#3519 = EDGE_CURVE ( 'NONE', #3210, #5788, #3366, .T. ) ;
#3520 = AXIS2_PLACEMENT_3D ( 'NONE', #833, #6140, #6270 ) ;
#3521 = ORIENTED_EDGE ( 'NONE', *, *, #200, .F. ) ;
#3522 = ADVANCED_FACE ( 'NONE', ( #5875 ), #2407, .F. ) ;
#3523 = ADVANCED_FACE ( 'NONE', ( #3882 ), #968, .T. ) ;
#3524 = CIRCLE ( 'NONE', #874, 5.000000000000000888 ) ;
#3525 = CARTESIAN_POINT ( 'NONE',  ( 20.87428726325986617, 2.731298660876492868, -20.87428726325987682 ) ) ;
#3526 = DIRECTION ( 'NONE',  ( 0.000000000000000000, -1.000000000000000000, 0.000000000000000000 ) ) ;
#3527 = FACE_OUTER_BOUND ( 'NONE', #3506, .T. ) ;
#3528 = AXIS2_PLACEMENT_3D ( 'NONE', #5554, #1126, #3076 ) ;
#3529 = ORIENTED_EDGE ( 'NONE', *, *, #6226, .F. ) ;
#3530 = ORIENTED_EDGE ( 'NONE', *, *, #1490, .T. ) ;
#3531 = LINE ( 'NONE', #2079, #145 ) ;
#3532 = ORIENTED_EDGE ( 'NONE', *, *, #5905, .T. ) ;
#3533 = DIRECTION ( 'NONE',  ( -0.000000000000000000, 1.000000000000000000, -0.000000000000000000 ) ) ;
#3534 = CARTESIAN_POINT ( 'NONE',  ( -12.50000000000000000, 21.00000000000000355, 17.49999999999999645 ) ) ;
#3535 = EDGE_CURVE ( 'NONE', #5401, #5115, #3398, .T. ) ;
#3536 = CARTESIAN_POINT ( 'NONE',  ( -17.63089808097628008, 18.96132346621524789, 18.28538848585764143 ) ) ;
#3537 = EDGE_CURVE ( 'NONE', #3316, #1257, #3692, .T. ) ;
#3538 = VERTEX_POINT ( 'NONE', #2012 ) ;
#3539 = ORIENTED_EDGE ( 'NONE', *, *, #6121, .T. ) ;
#3540 = LINE ( 'NONE', #175, #6033 ) ;
#3541 = CARTESIAN_POINT ( 'NONE',  ( 25.00000000000005329, 19.00000000000000355, 14.99999999999991118 ) ) ;
#3542 = AXIS2_PLACEMENT_3D ( 'NONE', #1039, #1959, #108 ) ;
#3543 = CARTESIAN_POINT ( 'NONE',  ( 17.50000000000000711, 2.000000000000000000, -17.50000000000001421 ) ) ;
#3544 = EDGE_CURVE ( 'NONE', #5279, #5187, #2556, .T. ) ;
#3545 = ORIENTED_EDGE ( 'NONE', *, *, #3537, .F. ) ;
#3546 = ORIENTED_EDGE ( 'NONE', *, *, #1748, .F. ) ;
#3547 = CARTESIAN_POINT ( 'NONE',  ( 18.28538848585770893, 18.96132346621524789, 17.63089808097621614 ) ) ;
#3548 = DIRECTION ( 'NONE',  ( 1.047444401652940007E-14, 0.000000000000000000, 1.000000000000000000 ) ) ;
#3549 = PLANE ( 'NONE',  #1709 ) ;
#3550 = CARTESIAN_POINT ( 'NONE',  ( -8.999999999999998224, 15.75000000000000000, -13.24999999999999822 ) ) ;
#3551 = DIRECTION ( 'NONE',  ( 0.000000000000000000, 0.000000000000000000, -1.000000000000000000 ) ) ;
#3552 = ORIENTED_EDGE ( 'NONE', *, *, #375, .T. ) ;
#3553 = DIRECTION ( 'NONE',  ( -3.154042683594194997E-17, -0.000000000000000000, 1.000000000000000000 ) ) ;
#3554 = CARTESIAN_POINT ( 'NONE',  ( 23.47417623114341012, 7.281247836523015771, 23.47417623114323959 ) ) ;
#3555 = VECTOR ( 'NONE', #1399, 1000.000000000000000 ) ;
#3556 = CARTESIAN_POINT ( 'NONE',  ( -26.00000000000000355, 18.47106781186547408, -8.249999999999998224 ) ) ;
#3557 = ORIENTED_EDGE ( 'NONE', *, *, #213, .T. ) ;
#3558 = ORIENTED_EDGE ( 'NONE', *, *, #4955, .F. ) ;
#3559 = AXIS2_PLACEMENT_3D ( 'NONE', #2490, #4452, #5931 ) ;
#3560 = CARTESIAN_POINT ( 'NONE',  ( -5.750000000000001776, 0.1000000000000000056, -5.050000000000003375 ) ) ;
#3561 = EDGE_LOOP ( 'NONE', ( #6080, #667, #5431, #4231 ) ) ;
#3562 = EDGE_CURVE ( 'NONE', #3231, #4184, #2771, .T. ) ;
#3563 = CARTESIAN_POINT ( 'NONE',  ( -22.50000000000000355, 0.1000000000000000056, 13.25000000000000533 ) ) ;
#3564 = CARTESIAN_POINT ( 'NONE',  ( 0.7000000000000035083, 22.35000000000000142, -15.25000000000000000 ) ) ;
#3565 = CARTESIAN_POINT ( 'NONE',  ( -17.56545058530398151, 19.00000000000000355, 17.89270351182386776 ) ) ;
#3566 =( LENGTH_UNIT ( ) NAMED_UNIT ( * ) SI_UNIT ( .MILLI., .METRE. ) );
#3567 = EDGE_CURVE ( 'NONE', #5679, #4116, #1443, .T. ) ;
#3568 = EDGE_CURVE ( 'NONE', #2524, #2117, #4316, .T. ) ;
#3569 = ORIENTED_EDGE ( 'NONE', *, *, #2725, .F. ) ;
#3570 = VECTOR ( 'NONE', #534, 1000.000000000000000 ) ;
#3571 = ORIENTED_EDGE ( 'NONE', *, *, #351, .T. ) ;
#3572 = CYLINDRICAL_SURFACE ( 'NONE', #4811, 0.6999999999999992895 ) ;
#3573 = CARTESIAN_POINT ( 'NONE',  ( 0.000000000000000000, 19.00000000000000355, 0.000000000000000000 ) ) ;
#3574 = PLANE ( 'NONE',  #2011 ) ;
#3575 = ORIENTED_EDGE ( 'NONE', *, *, #4278, .T. ) ;
#3576 = ORIENTED_EDGE ( 'NONE', *, *, #604, .T. ) ;
#3577 = EDGE_CURVE ( 'NONE', #1818, #3129, #2738, .T. ) ;
#3578 = ORIENTED_EDGE ( 'NONE', *, *, #2708, .T. ) ;
#3579 = CARTESIAN_POINT ( 'NONE',  ( 17.82221566379942956, 18.69355661402595103, 19.43329398279597697 ) ) ;
#3580 = CARTESIAN_POINT ( 'NONE',  ( 12.69999999999999751, 0.000000000000000000, -8.100000000000001421 ) ) ;
#3581 = DIRECTION ( 'NONE',  ( 0.000000000000000000, 0.000000000000000000, -1.000000000000000000 ) ) ;
#3582 = ADVANCED_FACE ( 'NONE', ( #4320 ), #4703, .F. ) ;
#3583 = CARTESIAN_POINT ( 'NONE',  ( -15.00000000000005507, 19.00000000000000355, 3.469446951953648268E-14 ) ) ;
#3584 = CARTESIAN_POINT ( 'NONE',  ( -26.00000000000000355, 2.899999999999999911, -11.75000000000000000 ) ) ;
#3585 = ORIENTED_EDGE ( 'NONE', *, *, #3990, .F. ) ;
#3586 = AXIS2_PLACEMENT_3D ( 'NONE', #2807, #4776, #4294 ) ;
#3587 = CARTESIAN_POINT ( 'NONE',  ( 18.00115067951358583, 2.793010427357272896, -20.50690407708078666 ) ) ;
#3588 = CARTESIAN_POINT ( 'NONE',  ( 23.45186274271127047, 7.216493126137724090, 18.49197712378511227 ) ) ;
#3589 = CARTESIAN_POINT ( 'NONE',  ( -27.50000000000000355, 1.399999999999999911, -15.25000000000000000 ) ) ;
#3590 = VERTEX_POINT ( 'NONE', #6269 ) ;
#3591 = ORIENTED_EDGE ( 'NONE', *, *, #651, .T. ) ;
#3592 = DIRECTION ( 'NONE',  ( -1.000000000000000000, 0.000000000000000000, 0.000000000000000000 ) ) ;
#3593 = DIRECTION ( 'NONE',  ( 0.000000000000000000, -1.000000000000000000, 0.000000000000000000 ) ) ;
#3594 = EDGE_CURVE ( 'NONE', #4284, #6246, #1542, .T. ) ;
#3595 = CARTESIAN_POINT ( 'NONE',  ( -22.27064578127485106, 16.65993870974525848, 18.29510763021250597 ) ) ;
#3596 = VERTEX_POINT ( 'NONE', #1374 ) ;
#3597 = EDGE_CURVE ( 'NONE', #837, #1257, #3706, .T. ) ;
#3598 = ORIENTED_EDGE ( 'NONE', *, *, #1598, .F. ) ;
#3599 = AXIS2_PLACEMENT_3D ( 'NONE', #6054, #1087, #4570 ) ;
#3600 = FACE_OUTER_BOUND ( 'NONE', #4681, .T. ) ;
#3601 = CARTESIAN_POINT ( 'NONE',  ( 10.50000000000000178, 15.75000000000002487, -15.25000000000000000 ) ) ;
#3602 = ADVANCED_FACE ( 'NONE', ( #5248, #3354, #419, #5316 ), #1778, .F. ) ;
#3603 = DIRECTION ( 'NONE',  ( 0.000000000000000000, 1.000000000000000000, -0.000000000000000000 ) ) ;
#3604 = AXIS2_PLACEMENT_3D ( 'NONE', #1245, #2681, #3196 ) ;
#3605 = ORIENTED_EDGE ( 'NONE', *, *, #1627, .T. ) ;
#3606 = ORIENTED_EDGE ( 'NONE', *, *, #4031, .T. ) ;
#3607 = ORIENTED_EDGE ( 'NONE', *, *, #612, .F. ) ;
#3608 = LINE ( 'NONE', #217, #1335 ) ;
#3609 = CARTESIAN_POINT ( 'NONE',  ( 26.00000000000000355, 14.93553390593273633, -11.78553390593273598 ) ) ;
#3610 = DIRECTION ( 'NONE',  ( 0.000000000000000000, 0.000000000000000000, -1.000000000000000000 ) ) ;
#3611 = CIRCLE ( 'NONE', #6274, 5.000000000000000888 ) ;
#3612 = VECTOR ( 'NONE', #3689, 1000.000000000000000 ) ;
#3613 = CARTESIAN_POINT ( 'NONE',  ( -10.49999999999999822, 15.75000000000000000, -15.25000000000000000 ) ) ;
#3614 = CARTESIAN_POINT ( 'NONE',  ( 5.849999999999999645, 0.1000000000000000056, -6.150000000000003020 ) ) ;
#3615 = EDGE_CURVE ( 'NONE', #6029, #1268, #6139, .T. ) ;
#3616 = EDGE_LOOP ( 'NONE', ( #2903, #3310, #5163, #3640 ) ) ;
#3617 = VECTOR ( 'NONE', #5836, 1000.000000000000000 ) ;
#3618 = UNCERTAINTY_MEASURE_WITH_UNIT (LENGTH_MEASURE( 1.000000000000000082E-05 ), #1094, 'distance_accuracy_value', 'NONE');
#3619 = AXIS2_PLACEMENT_3D ( 'NONE', #1615, #4670, #2581 ) ;
#3620 = EDGE_CURVE ( 'NONE', #476, #5315, #3219, .T. ) ;
#3621 = CARTESIAN_POINT ( 'NONE',  ( 21.15993871915390301, 3.229354225011806800, -18.10998978652578728 ) ) ;
#3622 = CARTESIAN_POINT ( 'NONE',  ( 0.000000000000000000, 19.00000000000000355, 12.49999999999999822 ) ) ;
#3623 = CARTESIAN_POINT ( 'NONE',  ( -9.699999999999997513, 15.75000000000000000, -13.24999999999999822 ) ) ;
#3624 = VERTEX_POINT ( 'NONE', #863 ) ;
#3625 = VECTOR ( 'NONE', #4704, 1000.000000000000000 ) ;
#3626 = ORIENTED_EDGE ( 'NONE', *, *, #4558, .T. ) ;
#3627 = CARTESIAN_POINT ( 'NONE',  ( 17.50000000000009592, 21.00000000000000355, 27.49999999999993605 ) ) ;
#3628 = DIRECTION ( 'NONE',  ( -0.000000000000000000, 1.000000000000000000, -0.000000000000000000 ) ) ;
#3629 = VECTOR ( 'NONE', #815, 1000.000000000000000 ) ;
#3630 = CARTESIAN_POINT ( 'NONE',  ( -17.50000000000000711, 19.00000000000000355, 17.50000000000001421 ) ) ;
#3631 = DIRECTION ( 'NONE',  ( 0.000000000000000000, 0.000000000000000000, -1.000000000000000000 ) ) ;
#3632 = ORIENTED_EDGE ( 'NONE', *, *, #4915, .F. ) ;
#3633 = PLANE ( 'NONE',  #196 ) ;
#3634 = CARTESIAN_POINT ( 'NONE',  ( 6.100000000000003197, 15.75000000000001421, -23.25000000000000000 ) ) ;
#3635 = DIRECTION ( 'NONE',  ( -0.000000000000000000, 1.000000000000000000, -0.000000000000000000 ) ) ;
#3636 = EDGE_CURVE ( 'NONE', #4504, #3481, #1738, .T. ) ;
#3637 = VERTEX_POINT ( 'NONE', #316 ) ;
#3638 = ORIENTED_EDGE ( 'NONE', *, *, #2735, .F. ) ;
#3639 = EDGE_CURVE ( 'NONE', #265, #2866, #523, .T. ) ;
#3640 = ORIENTED_EDGE ( 'NONE', *, *, #4760, .T. ) ;
#3641 = AXIS2_PLACEMENT_3D ( 'NONE', #1010, #4014, #3443 ) ;
#3642 = ORIENTED_EDGE ( 'NONE', *, *, #6311, .F. ) ;
#3643 = CARTESIAN_POINT ( 'NONE',  ( 17.50000000000007816, 19.00000000000000355, 17.49999999999993960 ) ) ;
#3644 = CARTESIAN_POINT ( 'NONE',  ( 23.50000000000006750, 13.00000000000000355, 14.99999999999992006 ) ) ;
#3645 = FACE_OUTER_BOUND ( 'NONE', #5313, .T. ) ;
#3646 = CARTESIAN_POINT ( 'NONE',  ( 4.749999999999999112, 1.399999999999999911, -6.150000000000003908 ) ) ;
#3647 = VERTEX_POINT ( 'NONE', #4187 ) ;
#3648 = DIRECTION ( 'NONE',  ( 0.000000000000000000, -1.000000000000000000, 0.000000000000000000 ) ) ;
#3649 = DIRECTION ( 'NONE',  ( -1.000000000000000000, 0.000000000000000000, 0.000000000000000000 ) ) ;
#3650 = CYLINDRICAL_SURFACE ( 'NONE', #1862, 5.000000000000000888 ) ;
#3651 = ORIENTED_EDGE ( 'NONE', *, *, #2474, .T. ) ;
#3652 = ORIENTED_EDGE ( 'NONE', *, *, #552, .T. ) ;
#3653 = ADVANCED_FACE ( 'NONE', ( #5181 ), #4226, .F. ) ;
#3654 = ORIENTED_EDGE ( 'NONE', *, *, #4534, .T. ) ;
#3655 = DIRECTION ( 'NONE',  ( -4.081702296416010573E-16, 0.000000000000000000, 1.000000000000000000 ) ) ;
#3656 = CARTESIAN_POINT ( 'NONE',  ( 0.000000000000000000, 21.00000000000000355, 0.000000000000000000 ) ) ;
#3657 = VECTOR ( 'NONE', #2983, 1000.000000000000000 ) ;
#3658 = CARTESIAN_POINT ( 'NONE',  ( -22.70698956635570553, 16.00690408648998542, 18.36783159439261226 ) ) ;
#3659 = DIRECTION ( 'NONE',  ( 1.000000000000000000, 0.000000000000000000, 0.000000000000000000 ) ) ;
#3660 = ORIENTED_EDGE ( 'NONE', *, *, #4008, .T. ) ;
#3661 = EDGE_LOOP ( 'NONE', ( #3150, #5919, #2024, #2254 ) ) ;
#3662 = DIRECTION ( 'NONE',  ( -1.000000000000000000, 0.000000000000000000, 1.272130549049658168E-14 ) ) ;
#3663 = EDGE_LOOP ( 'NONE', ( #9, #5204, #3090, #4675 ) ) ;
#3664 = EDGE_CURVE ( 'NONE', #3732, #4608, #5954, .T. ) ;
#3665 = VECTOR ( 'NONE', #1497, 1000.000000000000000 ) ;
#3666 = DIRECTION ( 'NONE',  ( 0.000000000000000000, 0.000000000000000000, -1.000000000000000000 ) ) ;
#3667 = CARTESIAN_POINT ( 'NONE',  ( -13.39999999999999680, 15.75000000000000000, -23.25000000000000000 ) ) ;
#3668 = DIRECTION ( 'NONE',  ( 0.000000000000000000, 0.000000000000000000, -1.000000000000000000 ) ) ;
#3669 = ORIENTED_EDGE ( 'NONE', *, *, #98, .F. ) ;
#3670 = VERTEX_POINT ( 'NONE', #2293 ) ;
#3671 = ORIENTED_EDGE ( 'NONE', *, *, #1795, .T. ) ;
#3672 = DIRECTION ( 'NONE',  ( 1.000000000000000000, 0.000000000000000000, 0.000000000000000000 ) ) ;
#3673 = CARTESIAN_POINT ( 'NONE',  ( -11.49999999999999822, 2.000000000000000000, 6.500000000000000000 ) ) ;
#3674 = LINE ( 'NONE', #3092, #5201 ) ;
#3675 = EDGE_CURVE ( 'NONE', #3624, #3052, #4262, .T. ) ;
#3676 = CARTESIAN_POINT ( 'NONE',  ( -17.50000000000000000, 21.00000000000000355, 27.50000000000000000 ) ) ;
#3677 = EDGE_CURVE ( 'NONE', #5377, #1818, #4928, .T. ) ;
#3678 = VERTEX_POINT ( 'NONE', #6236 ) ;
#3679 =( BOUNDED_CURVE ( )  B_SPLINE_CURVE ( 3, ( #4999, #65, #5992, #2035 ),
 .UNSPECIFIED., .F., .F. ) 
 B_SPLINE_CURVE_WITH_KNOTS ( ( 4, 4 ),
 ( 3.141592653589793116, 4.712388980384689674 ),
 .UNSPECIFIED. ) 
 CURVE ( )  GEOMETRIC_REPRESENTATION_ITEM ( )  RATIONAL_B_SPLINE_CURVE ( ( 1.000000000000000000, 0.8047378541243649375, 0.8047378541243649375, 1.000000000000000000 ) ) 
 REPRESENTATION_ITEM ( '' )  );
#3680 =( NAMED_UNIT ( * ) SI_UNIT ( $, .STERADIAN. ) SOLID_ANGLE_UNIT ( ) );
#3681 = ORIENTED_EDGE ( 'NONE', *, *, #3324, .T. ) ;
#3682 = CYLINDRICAL_SURFACE ( 'NONE', #5465, 1.249999999999997335 ) ;
#3683 = DIRECTION ( 'NONE',  ( 1.000000000000000000, 0.000000000000000000, -0.000000000000000000 ) ) ;
#3684 = DIRECTION ( 'NONE',  ( -0.000000000000000000, 0.000000000000000000, 1.000000000000000000 ) ) ;
#3685 = EDGE_LOOP ( 'NONE', ( #830, #5595, #3895, #3181 ) ) ;
#3686 = ORIENTED_EDGE ( 'NONE', *, *, #2332, .T. ) ;
#3687 = DIRECTION ( 'NONE',  ( 0.000000000000000000, 0.000000000000000000, -1.000000000000000000 ) ) ;
#3688 = DIRECTION ( 'NONE',  ( -4.081702296416010573E-16, 0.000000000000000000, 1.000000000000000000 ) ) ;
#3689 = DIRECTION ( 'NONE',  ( -0.000000000000000000, 1.000000000000000000, -0.000000000000000000 ) ) ;
#3690 = DIRECTION ( 'NONE',  ( 0.000000000000000000, 0.000000000000000000, 1.000000000000000000 ) ) ;
#3691 = DIRECTION ( 'NONE',  ( 1.000000000000000000, 0.000000000000000000, 0.000000000000000000 ) ) ;
#3692 = CIRCLE ( 'NONE', #219, 3.800000000000000266 ) ;
#3693 = VERTEX_POINT ( 'NONE', #1044 ) ;
#3694 = DIRECTION ( 'NONE',  ( 0.000000000000000000, 0.000000000000000000, 1.000000000000000000 ) ) ;
#3695 = ORIENTED_EDGE ( 'NONE', *, *, #117, .F. ) ;
#3696 = DIRECTION ( 'NONE',  ( -0.000000000000000000, -1.000000000000000000, -0.000000000000000000 ) ) ;
#3697 = CARTESIAN_POINT ( 'NONE',  ( 17.95962937830975648, 18.99378655249351411, -17.95962937830977069 ) ) ;
#3698 = CARTESIAN_POINT ( 'NONE',  ( -10.49999999999999822, 15.75000000000000000, -13.24999999999999822 ) ) ;
#3699 = EDGE_CURVE ( 'NONE', #5829, #990, #3417, .T. ) ;
#3700 = VERTEX_POINT ( 'NONE', #1433 ) ;
#3701 = VECTOR ( 'NONE', #3131, 1000.000000000000000 ) ;
#3702 = ORIENTED_EDGE ( 'NONE', *, *, #5929, .F. ) ;
#3703 = CIRCLE ( 'NONE', #5452, 5.000000000000000888 ) ;
#3704 = AXIS2_PLACEMENT_3D ( 'NONE', #3897, #4443, #4837 ) ;
#3705 = VERTEX_POINT ( 'NONE', #4925 ) ;
#3706 = LINE ( 'NONE', #5666, #626 ) ;
#3707 = DIRECTION ( 'NONE',  ( -1.000000000000000000, 0.000000000000000000, 0.000000000000000000 ) ) ;
#3708 = FACE_BOUND ( 'NONE', #1955, .T. ) ;
#3709 = VECTOR ( 'NONE', #4644, 1000.000000000000000 ) ;
#3710 = DIRECTION ( 'NONE',  ( 0.000000000000000000, 0.000000000000000000, 1.000000000000000000 ) ) ;
#3711 = ORIENTED_EDGE ( 'NONE', *, *, #6161, .F. ) ;
#3712 = ADVANCED_FACE ( 'NONE', ( #86 ), #3475, .F. ) ;
#3713 = VECTOR ( 'NONE', #5753, 1000.000000000000000 ) ;
#3714 = EDGE_CURVE ( 'NONE', #1702, #1681, #1464, .T. ) ;
#3715 = CYLINDRICAL_SURFACE ( 'NONE', #3094, 5.000000000000000888 ) ;
#3716 = CARTESIAN_POINT ( 'NONE',  ( -27.50000000000000000, 19.00000000000000355, 2.880472104545584703E-13 ) ) ;
#3717 = CIRCLE ( 'NONE', #959, 6.000000000000001776 ) ;
#3718 = DIRECTION ( 'NONE',  ( 1.000000000000000000, 0.000000000000000000, 0.000000000000000000 ) ) ;
#3719 = EDGE_CURVE ( 'NONE', #4812, #3740, #3390, .T. ) ;
#3720 = ORIENTED_EDGE ( 'NONE', *, *, #3615, .T. ) ;
#3721 = EDGE_CURVE ( 'NONE', #207, #1146, #2027, .T. ) ;
#3722 = ORIENTED_EDGE ( 'NONE', *, *, #1529, .T. ) ;
#3723 = VECTOR ( 'NONE', #3355, 1000.000000000000000 ) ;
#3724 = CARTESIAN_POINT ( 'NONE',  ( 11.50000000000000178, 0.000000000000000000, 0.000000000000000000 ) ) ;
#3725 = FACE_OUTER_BOUND ( 'NONE', #5306, .T. ) ;
#3726 = CARTESIAN_POINT ( 'NONE',  ( -13.90000000000001279, 2.000000000000000000, -3.452947483310167141E-15 ) ) ;
#3727 = CARTESIAN_POINT ( 'NONE',  ( 18.36783159439269753, 16.00690408648989660, 22.70698956635569843 ) ) ;
#3728 = DIRECTION ( 'NONE',  ( 1.000000000000000000, 0.000000000000000000, 0.000000000000000000 ) ) ;
#3729 = CIRCLE ( 'NONE', #3100, 5.000000000000000888 ) ;
#3730 = VERTEX_POINT ( 'NONE', #986 ) ;
#3731 = DIRECTION ( 'NONE',  ( -0.000000000000000000, -0.000000000000000000, 1.000000000000000000 ) ) ;
#3732 = VERTEX_POINT ( 'NONE', #3986 ) ;
#3733 = DIRECTION ( 'NONE',  ( -0.000000000000000000, 0.000000000000000000, -1.000000000000000000 ) ) ;
#3734 = CARTESIAN_POINT ( 'NONE',  ( 17.50000000000000711, 19.00000000000000355, -17.50000000000001421 ) ) ;
#3735 = CARTESIAN_POINT ( 'NONE',  ( 15.60000000000000142, 15.75000000000003553, -23.25000000000000000 ) ) ;
#3736 = ADVANCED_FACE ( 'NONE', ( #1936 ), #2423, .T. ) ;
#3737 = VECTOR ( 'NONE', #2028, 1000.000000000000000 ) ;
#3738 = CARTESIAN_POINT ( 'NONE',  ( -17.63089808097628364, 2.038676533784758771, 18.28538848585766274 ) ) ;
#3739 = ORIENTED_EDGE ( 'NONE', *, *, #4915, .T. ) ;
#3740 = VERTEX_POINT ( 'NONE', #1550 ) ;
#3741 = EDGE_LOOP ( 'NONE', ( #596, #6035 ) ) ;
#3742 = DIRECTION ( 'NONE',  ( 0.000000000000000000, -1.000000000000000000, 0.000000000000000000 ) ) ;
#3743 = LINE ( 'NONE', #3286, #973 ) ;
#3744 = CARTESIAN_POINT ( 'NONE',  ( -18.39883296407428048, 15.65890718546427252, -22.89299778444360456 ) ) ;
#3745 = PRODUCT_DEFINITION_CONTEXT ( 'detailed design', #1653, 'design' ) ;
#3746 = DIRECTION ( 'NONE',  ( 0.000000000000000000, -0.000000000000000000, -1.000000000000000000 ) ) ;
#3747 = VECTOR ( 'NONE', #4498, 1000.000000000000000 ) ;
#3748 = EDGE_LOOP ( 'NONE', ( #263, #5835, #5928, #4115 ) ) ;
#3749 = DIRECTION ( 'NONE',  ( 1.000000000000000000, 0.000000000000000000, 0.000000000000000000 ) ) ;
#3750 = EDGE_CURVE ( 'NONE', #2667, #3444, #3183, .T. ) ;
#3751 = DIRECTION ( 'NONE',  ( 0.000000000000000000, 0.000000000000000000, 1.000000000000000000 ) ) ;
#3752 = CARTESIAN_POINT ( 'NONE',  ( 17.75928256305606467, 2.191900101376476950, 19.05569537833584803 ) ) ;
#3753 = DIRECTION ( 'NONE',  ( 1.000000000000000000, 0.000000000000000000, 0.000000000000000000 ) ) ;
#3754 = ORIENTED_EDGE ( 'NONE', *, *, #5516, .F. ) ;
#3755 = DIRECTION ( 'NONE',  ( 1.000000000000000000, 0.000000000000000000, 0.000000000000000000 ) ) ;
#3756 = FACE_OUTER_BOUND ( 'NONE', #3661, .T. ) ;
#3757 = CARTESIAN_POINT ( 'NONE',  ( 27.50000000000000000, 21.00000000000000355, -9.601573681818617358E-14 ) ) ;
#3758 = CARTESIAN_POINT ( 'NONE',  ( 23.37365715857666260, 14.41676346881568094, 23.37365715857648496 ) ) ;
#3759 = DIRECTION ( 'NONE',  ( -1.000000000000000000, 0.000000000000000000, 0.000000000000000000 ) ) ;
#3760 = ORIENTED_EDGE ( 'NONE', *, *, #4391, .T. ) ;
#3761 = ORIENTED_EDGE ( 'NONE', *, *, #1134, .T. ) ;
#3762 = EDGE_CURVE ( 'NONE', #464, #1583, #1997, .T. ) ;
#3763 = CARTESIAN_POINT ( 'NONE',  ( 17.50000000000007816, 19.00000000000000355, 22.49999999999993605 ) ) ;
#3764 = ORIENTED_EDGE ( 'NONE', *, *, #5879, .T. ) ;
#3765 = FACE_BOUND ( 'NONE', #2070, .T. ) ;
#3766 = FACE_OUTER_BOUND ( 'NONE', #3223, .T. ) ;
#3767 = DIRECTION ( 'NONE',  ( -0.000000000000000000, 1.000000000000000000, -0.000000000000000000 ) ) ;
#3768 = AXIS2_PLACEMENT_3D ( 'NONE', #2443, #1929, #5338 ) ;
#3769 = EDGE_CURVE ( 'NONE', #1371, #5761, #1904, .T. ) ;
#3770 = CARTESIAN_POINT ( 'NONE',  ( -18.42791506257007228, 2.034276963138594407, 18.42791506256976319 ) ) ;
#3771 = ORIENTED_EDGE ( 'NONE', *, *, #5476, .T. ) ;
#3772 = ORIENTED_EDGE ( 'NONE', *, *, #4147, .T. ) ;
#3773 = CIRCLE ( 'NONE', #1814, 1.100000000000000311 ) ;
#3774 = ORIENTED_EDGE ( 'NONE', *, *, #604, .F. ) ;
#3775 = CARTESIAN_POINT ( 'NONE',  ( 12.69999999999999574, 0.000000000000000000, 8.100000000000001421 ) ) ;
#3776 = DIRECTION ( 'NONE',  ( 0.000000000000000000, 0.000000000000000000, 1.000000000000000000 ) ) ;
#3777 = CARTESIAN_POINT ( 'NONE',  ( -20.26721574755778477, 18.56709275097683332, -20.26721574755747923 ) ) ;
#3778 = ADVANCED_FACE ( 'NONE', ( #5438 ), #3958, .T. ) ;
#3779 = ORIENTED_EDGE ( 'NONE', *, *, #4891, .T. ) ;
#3780 = DIRECTION ( 'NONE',  ( 1.000000000000000000, 0.000000000000000000, -2.312964634635756861E-15 ) ) ;
#3781 = VECTOR ( 'NONE', #2089, 1000.000000000000000 ) ;
#3782 = CARTESIAN_POINT ( 'NONE',  ( -12.50000000000000000, 21.00000000000000355, 22.50000000000000000 ) ) ;
#3783 = CARTESIAN_POINT ( 'NONE',  ( 18.36783159439271529, 4.993095913509416839, 22.70698956635523302 ) ) ;
#3784 = CARTESIAN_POINT ( 'NONE',  ( 13.90000000000001279, -1.000000000000000000, -3.452947483310167141E-15 ) ) ;
#3785 = EDGE_CURVE ( 'NONE', #842, #1752, #4474, .T. ) ;
#3786 = ORIENTED_EDGE ( 'NONE', *, *, #4593, .T. ) ;
#3787 = DIRECTION ( 'NONE',  ( 0.000000000000000000, 0.000000000000000000, 1.000000000000000000 ) ) ;
#3788 = CARTESIAN_POINT ( 'NONE',  ( -17.50000000000013145, 21.00000000000000355, -12.49999999999981704 ) ) ;
#3789 = DIRECTION ( 'NONE',  ( 0.000000000000000000, 0.000000000000000000, 1.000000000000000000 ) ) ;
#3790 = CARTESIAN_POINT ( 'NONE',  ( 18.10998978652570912, 17.77064577498814657, 21.15993871915390656 ) ) ;
#3791 = AXIS2_PLACEMENT_3D ( 'NONE', #2500, #2409, #2919 ) ;
#3792 = FACE_OUTER_BOUND ( 'NONE', #139, .T. ) ;
#3793 = CARTESIAN_POINT ( 'NONE',  ( 12.50000000000007638, 21.00000000000000355, 22.49999999999995381 ) ) ;
#3794 = LINE ( 'NONE', #409, #4852 ) ;
#3795 = EDGE_CURVE ( 'NONE', #3210, #3730, #3887, .T. ) ;
#3796 = EDGE_LOOP ( 'NONE', ( #611, #1124, #3283, #3764 ) ) ;
#3797 = DIRECTION ( 'NONE',  ( 0.000000000000000000, -1.000000000000000000, 0.000000000000000000 ) ) ;
#3798 = CARTESIAN_POINT ( 'NONE',  ( 23.49035397735517705, 13.39269881009251506, -18.49839232955922341 ) ) ;
#3799 = DIRECTION ( 'NONE',  ( -1.000000000000000000, 0.000000000000000000, 1.278740865116515653E-14 ) ) ;
#3800 = CARTESIAN_POINT ( 'NONE',  ( -17.94315120093099125, 2.607002223890847681, 20.15890720558587290 ) ) ;
#3801 = ORIENTED_EDGE ( 'NONE', *, *, #6011, .T. ) ;
#3802 = EDGE_CURVE ( 'NONE', #82, #4733, #5408, .T. ) ;
#3803 = ORIENTED_EDGE ( 'NONE', *, *, #4534, .F. ) ;
#3804 = EDGE_CURVE ( 'NONE', #5415, #1836, #2394, .T. ) ;
#3805 = EDGE_CURVE ( 'NONE', #1871, #2982, #2871, .T. ) ;
#3806 = ORIENTED_EDGE ( 'NONE', *, *, #1008, .F. ) ;
#3807 = DIRECTION ( 'NONE',  ( -0.000000000000000000, 1.000000000000000000, -0.000000000000000000 ) ) ;
#3808 = CYLINDRICAL_SURFACE ( 'NONE', #3835, 5.000000000000000888 ) ;
#3809 = CARTESIAN_POINT ( 'NONE',  ( -18.36783159439284319, 16.00690408649019858, -22.70698956635536447 ) ) ;
#3810 = CIRCLE ( 'NONE', #2979, 5.000000000000000888 ) ;
#3811 = ORIENTED_EDGE ( 'NONE', *, *, #6212, .T. ) ;
#3812 = DIRECTION ( 'NONE',  ( 2.312964634635756861E-15, 0.000000000000000000, 1.000000000000000000 ) ) ;
#3813 = AXIS2_PLACEMENT_3D ( 'NONE', #4013, #563, #3891 ) ;
#3814 = EDGE_CURVE ( 'NONE', #4702, #5581, #5923, .T. ) ;
#3815 = DIRECTION ( 'NONE',  ( -3.083311109201532150E-15, 0.000000000000000000, -1.000000000000000000 ) ) ;
#3816 = CARTESIAN_POINT ( 'NONE',  ( 18.66869921594852855, 2.056468423623198483, 18.66869921594884474 ) ) ;
#3817 = FACE_OUTER_BOUND ( 'NONE', #5273, .T. ) ;
#3818 = VERTEX_POINT ( 'NONE', #5348 ) ;
#3819 = CIRCLE ( 'NONE', #2887, 5.000000000000000888 ) ;
#3820 = AXIS2_PLACEMENT_3D ( 'NONE', #6225, #2314, #4763 ) ;
#3821 = FACE_OUTER_BOUND ( 'NONE', #5973, .T. ) ;
#3822 = CARTESIAN_POINT ( 'NONE',  ( -13.90000000000001279, 2.000000000000000000, -1.250000000000000888 ) ) ;
#3823 = EDGE_CURVE ( 'NONE', #1460, #2793, #1522, .T. ) ;
#3824 = AXIS2_PLACEMENT_3D ( 'NONE', #2759, #2247, #1727 ) ;
#3825 = AXIS2_PLACEMENT_3D ( 'NONE', #1419, #937, #1888 ) ;
#3826 = DIRECTION ( 'NONE',  ( -1.000000000000000000, 0.000000000000000000, 5.804445973478889821E-15 ) ) ;
#3827 = LINE ( 'NONE', #6154, #5946 ) ;
#3828 = DIRECTION ( 'NONE',  ( -0.000000000000000000, -0.000000000000000000, -1.000000000000000000 ) ) ;
#3829 = VECTOR ( 'NONE', #393, 1000.000000000000000 ) ;
#3830 = CARTESIAN_POINT ( 'NONE',  ( 23.50000000000007816, 8.000000000000000000, 18.49999999999992895 ) ) ;
#3831 = ORIENTED_EDGE ( 'NONE', *, *, #1295, .T. ) ;
#3832 = CARTESIAN_POINT ( 'NONE',  ( -5.850000000000002309, 0.1000000000000000056, -5.150000000000003908 ) ) ;
#3833 = CARTESIAN_POINT ( 'NONE',  ( 17.89270351182387486, 19.00000000000000355, -17.56545058530399217 ) ) ;
#3834 = DIRECTION ( 'NONE',  ( -0.000000000000000000, 0.000000000000000000, 1.000000000000000000 ) ) ;
#3835 = AXIS2_PLACEMENT_3D ( 'NONE', #5799, #317, #1739 ) ;
#3836 = CYLINDRICAL_SURFACE ( 'NONE', #446, 0.7999999999999986011 ) ;
#3837 = ORIENTED_EDGE ( 'NONE', *, *, #3308, .T. ) ;
#3838 = EDGE_LOOP ( 'NONE', ( #1641, #527, #1676, #1303 ) ) ;
#3839 = ORIENTED_EDGE ( 'NONE', *, *, #256, .T. ) ;
#3840 = VECTOR ( 'NONE', #2933, 1000.000000000000000 ) ;
#3841 = CARTESIAN_POINT ( 'NONE',  ( 0.7000000000000035083, 22.35000000000000142, -23.25000000000000000 ) ) ;
#3842 = DIRECTION ( 'NONE',  ( 1.000000000000000000, 0.000000000000000000, 0.000000000000000000 ) ) ;
#3843 = CARTESIAN_POINT ( 'NONE',  ( -17.63089808097649325, 18.96132346621524789, -18.28538848585743892 ) ) ;
#3844 = CIRCLE ( 'NONE', #4971, 0.6999999999999992895 ) ;
#3845 = ORIENTED_EDGE ( 'NONE', *, *, #3933, .F. ) ;
#3846 = CARTESIAN_POINT ( 'NONE',  ( -25.00000000000001066, 2.000000000000000000, -24.99999999999998224 ) ) ;
#3847 = LINE ( 'NONE', #961, #2571 ) ;
#3848 = CARTESIAN_POINT ( 'NONE',  ( -23.50000000000001421, 19.00000000000000355, 2.461494343884410215E-13 ) ) ;
#3849 = DIRECTION ( 'NONE',  ( 0.000000000000000000, 1.000000000000000000, 0.000000000000000000 ) ) ;
#3850 = ORIENTED_EDGE ( 'NONE', *, *, #3785, .F. ) ;
#3851 = AXIS2_PLACEMENT_3D ( 'NONE', #949, #3865, #3710 ) ;
#3852 = DIRECTION ( 'NONE',  ( -0.000000000000000000, -0.000000000000000000, 1.000000000000000000 ) ) ;
#3853 =( BOUNDED_CURVE ( )  B_SPLINE_CURVE ( 3, ( #890, #6231, #2214, #3347 ),
 .UNSPECIFIED., .F., .F. ) 
 B_SPLINE_CURVE_WITH_KNOTS ( ( 4, 4 ),
 ( 0.000000000000000000, 1.570796326794896558 ),
 .UNSPECIFIED. ) 
 CURVE ( )  GEOMETRIC_REPRESENTATION_ITEM ( )  RATIONAL_B_SPLINE_CURVE ( ( 1.000000000000000000, 0.8047378541243649375, 0.8047378541243649375, 1.000000000000000000 ) ) 
 REPRESENTATION_ITEM ( '' )  );
#3854 = CARTESIAN_POINT ( 'NONE',  ( -27.50000000000000355, 1.399999999999999911, 3.821067811865475061 ) ) ;
#3855 = CARTESIAN_POINT ( 'NONE',  ( 23.30809990441591495, 14.55569534921599661, 18.46801665073590826 ) ) ;
#3856 = CARTESIAN_POINT ( 'NONE',  ( -18.36783159439285740, 4.993095913509844941, -22.70698956635539290 ) ) ;
#3857 = ORIENTED_EDGE ( 'NONE', *, *, #230, .T. ) ;
#3858 = ADVANCED_FACE ( 'NONE', ( #3145, #1078 ), #3633, .F. ) ;
#3859 = LINE ( 'NONE', #1004, #1757 ) ;
#3860 = ORIENTED_EDGE ( 'NONE', *, *, #2840, .F. ) ;
#3861 = CARTESIAN_POINT ( 'NONE',  ( -17.50000000000000000, 19.00000000000000355, 22.50000000000000000 ) ) ;
#3862 = LINE ( 'NONE', #439, #1983 ) ;
#3863 = DIRECTION ( 'NONE',  ( 0.000000000000000000, 0.000000000000000000, -1.000000000000000000 ) ) ;
#3864 = CARTESIAN_POINT ( 'NONE',  ( -22.02032083990095401, 4.035039465662372038, 18.25338680665019453 ) ) ;
#3865 = DIRECTION ( 'NONE',  ( 0.000000000000000000, 1.000000000000000000, -0.000000000000000000 ) ) ;
#3866 = VERTEX_POINT ( 'NONE', #2662 ) ;
#3867 = EDGE_LOOP ( 'NONE', ( #4240, #3654, #2217, #6228 ) ) ;
#3868 = ORIENTED_EDGE ( 'NONE', *, *, #1748, .T. ) ;
#3869 = CARTESIAN_POINT ( 'NONE',  ( -5.849999999999999645, 0.000000000000000000, -9.249999999999998224 ) ) ;
#3870 = DIRECTION ( 'NONE',  ( -0.000000000000000000, -1.000000000000000000, -0.000000000000000000 ) ) ;
#3871 = CARTESIAN_POINT ( 'NONE',  ( -22.70698956635592580, 16.00690408648995700, -18.36783159439223212 ) ) ;
#3872 = VECTOR ( 'NONE', #6009, 1000.000000000000000 ) ;
#3873 = ORIENTED_EDGE ( 'NONE', *, *, #3620, .F. ) ;
#3874 = DIRECTION ( 'NONE',  ( 0.000000000000000000, 0.000000000000000000, -1.000000000000000000 ) ) ;
#3875 = VECTOR ( 'NONE', #1252, 1000.000000000000000 ) ;
#3876 = DIRECTION ( 'NONE',  ( 0.000000000000000000, -1.000000000000000000, 0.000000000000000000 ) ) ;
#3877 = DIRECTION ( 'NONE',  ( 0.000000000000000000, 0.000000000000000000, 1.000000000000000000 ) ) ;
#3878 = CARTESIAN_POINT ( 'NONE',  ( 4.000000000000000888, 0.1000000000000000056, 6.650000000000005684 ) ) ;
#3879 = ORIENTED_EDGE ( 'NONE', *, *, #6000, .F. ) ;
#3880 = VECTOR ( 'NONE', #363, 1000.000000000000000 ) ;
#3881 = EDGE_CURVE ( 'NONE', #2197, #5913, #149, .T. ) ;
#3882 = FACE_OUTER_BOUND ( 'NONE', #2178, .T. ) ;
#3883 = DIRECTION ( 'NONE',  ( 5.804445973478889821E-15, -0.000000000000000000, 1.000000000000000000 ) ) ;
#3884 = CARTESIAN_POINT ( 'NONE',  ( 0.000000000000000000, 1.399999999999999911, 10.35000000000000497 ) ) ;
#3885 = CARTESIAN_POINT ( 'NONE',  ( -22.16213375776645123, 3.835130775278100312, -22.16213375776608885 ) ) ;
#3886 = DIRECTION ( 'NONE',  ( -0.000000000000000000, -0.000000000000000000, -1.000000000000000000 ) ) ;
#3887 =( BOUNDED_CURVE ( )  B_SPLINE_CURVE ( 3, ( #5895, #1494, #3447, #5471 ),
 .UNSPECIFIED., .F., .F. ) 
 B_SPLINE_CURVE_WITH_KNOTS ( ( 4, 4 ),
 ( 0.000000000000000000, 1.570796326794896558 ),
 .UNSPECIFIED. ) 
 CURVE ( )  GEOMETRIC_REPRESENTATION_ITEM ( )  RATIONAL_B_SPLINE_CURVE ( ( 1.000000000000000000, 0.8047378541243649375, 0.8047378541243649375, 1.000000000000000000 ) ) 
 REPRESENTATION_ITEM ( '' )  );
#3888 = ORIENTED_EDGE ( 'NONE', *, *, #6266, .F. ) ;
#3889 = CARTESIAN_POINT ( 'NONE',  ( 0.7000000000000035083, 22.35000000000000142, -13.24999999999999822 ) ) ;
#3890 = FACE_OUTER_BOUND ( 'NONE', #5795, .T. ) ;
#3891 = DIRECTION ( 'NONE',  ( -4.081702296416010573E-16, 0.000000000000000000, 1.000000000000000000 ) ) ;
#3892 = DIRECTION ( 'NONE',  ( -0.000000000000000000, 1.000000000000000000, -0.000000000000000000 ) ) ;
#3893 = ORIENTED_EDGE ( 'NONE', *, *, #3117, .T. ) ;
#3894 = AXIS2_PLACEMENT_3D ( 'NONE', #2091, #1671, #3668 ) ;
#3895 = ORIENTED_EDGE ( 'NONE', *, *, #4677, .T. ) ;
#3896 = ORIENTED_EDGE ( 'NONE', *, *, #745, .T. ) ;
#3897 = CARTESIAN_POINT ( 'NONE',  ( -6.799999999999997158, 15.75000000000000000, -13.24999999999999822 ) ) ;
#3898 = CARTESIAN_POINT ( 'NONE',  ( -17.50000000000000000, 21.00000000000000355, 22.50000000000000000 ) ) ;
#3899 = FACE_OUTER_BOUND ( 'NONE', #2639, .T. ) ;
#3900 = VECTOR ( 'NONE', #5217, 1000.000000000000000 ) ;
#3901 = EDGE_CURVE ( 'NONE', #6046, #5193, #3082, .T. ) ;
#3902 = ORIENTED_EDGE ( 'NONE', *, *, #3620, .T. ) ;
#3903 = EDGE_LOOP ( 'NONE', ( #1378, #6072, #6056, #4250 ) ) ;
#3904 = CARTESIAN_POINT ( 'NONE',  ( -22.50000000000000000, 21.00000000000000355, 27.50000000000000000 ) ) ;
#3905 = CARTESIAN_POINT ( 'NONE',  ( 21.30000000000001137, 1.399999999999999911, -9.049999999999984723 ) ) ;
#3906 = FACE_BOUND ( 'NONE', #2805, .T. ) ;
#3907 = DIRECTION ( 'NONE',  ( -0.000000000000000000, 1.000000000000000000, -0.000000000000000000 ) ) ;
#3908 = EDGE_CURVE ( 'NONE', #712, #4130, #5109, .T. ) ;
#3909 = EDGE_LOOP ( 'NONE', ( #6014, #862, #4105, #4628, #5605, #3198 ) ) ;
#3910 = CIRCLE ( 'NONE', #1457, 0.7999999999999986011 ) ;
#3911 = EDGE_CURVE ( 'NONE', #2356, #3590, #720, .T. ) ;
#3912 = CARTESIAN_POINT ( 'NONE',  ( -7.499999999999996447, 15.75000000000000000, -13.24999999999999822 ) ) ;
#3913 = CARTESIAN_POINT ( 'NONE',  ( 18.48716959523685688, 7.022034776462815486, -23.42301757142116614 ) ) ;
#3914 = CARTESIAN_POINT ( 'NONE',  ( -26.00000000000000355, 6.400000000000000355, 3.821067811865476394 ) ) ;
#3915 = CARTESIAN_POINT ( 'NONE',  ( -17.63089808097649325, 2.038676533784758327, -18.28538848585746379 ) ) ;
#3916 = ADVANCED_FACE ( 'NONE', ( #5020 ), #1162, .F. ) ;
#3917 = CARTESIAN_POINT ( 'NONE',  ( -22.50000000000000355, 0.1000000000000000056, 8.250000000000003553 ) ) ;
#3918 = VERTEX_POINT ( 'NONE', #5498 ) ;
#3919 = CIRCLE ( 'NONE', #3406, 0.6999999999999992895 ) ;
#3920 = CARTESIAN_POINT ( 'NONE',  ( 21.29999999999999005, 0.1000000000000000056, 8.250000000000000000 ) ) ;
#3921 = CARTESIAN_POINT ( 'NONE',  ( 17.50000000000007816, 19.00000000000000355, 17.49999999999995026 ) ) ;
#3922 = VECTOR ( 'NONE', #3648, 1000.000000000000000 ) ;
#3923 = FACE_OUTER_BOUND ( 'NONE', #3364, .T. ) ;
#3924 = DIRECTION ( 'NONE',  ( 0.000000000000000000, 0.000000000000000000, -1.000000000000000000 ) ) ;
#3925 =( GEOMETRIC_REPRESENTATION_CONTEXT ( 3 ) GLOBAL_UNCERTAINTY_ASSIGNED_CONTEXT ( ( #3618 ) ) GLOBAL_UNIT_ASSIGNED_CONTEXT ( ( #1094, #4521, #3680 ) ) REPRESENTATION_CONTEXT ( 'NONE', 'WORKASPACE' ) );
#3926 = ORIENTED_EDGE ( 'NONE', *, *, #3721, .T. ) ;
#3927 = ORIENTED_EDGE ( 'NONE', *, *, #1355, .F. ) ;
#3928 = DIRECTION ( 'NONE',  ( -4.081702296416010573E-16, -0.000000000000000000, 1.000000000000000000 ) ) ;
#3929 = DIRECTION ( 'NONE',  ( 0.000000000000000000, 0.000000000000000000, -1.000000000000000000 ) ) ;
#3930 = CARTESIAN_POINT ( 'NONE',  ( 5.100000000000000533, 1.399999999999999911, 9.250000000000005329 ) ) ;
#3931 = AXIS2_PLACEMENT_3D ( 'NONE', #6024, #4632, #1173 ) ;
#3932 = VERTEX_POINT ( 'NONE', #1609 ) ;
#3933 = EDGE_CURVE ( 'NONE', #4266, #532, #3113, .T. ) ;
#3934 = ORIENTED_EDGE ( 'NONE', *, *, #5736, .F. ) ;
#3935 = VECTOR ( 'NONE', #2544, 1000.000000000000000 ) ;
#3936 = FACE_OUTER_BOUND ( 'NONE', #4032, .T. ) ;
#3937 = CARTESIAN_POINT ( 'NONE',  ( 21.29999999999999005, 0.000000000000000000, 8.250000000000000000 ) ) ;
#3938 = CIRCLE ( 'NONE', #56, 1.499999999999999556 ) ;
#3939 = CARTESIAN_POINT ( 'NONE',  ( 4.000000000000000000, 1.399999999999999911, 9.250000000000005329 ) ) ;
#3940 = LINE ( 'NONE', #5933, #5942 ) ;
#3941 = DIRECTION ( 'NONE',  ( 0.000000000000000000, 0.000000000000000000, 1.000000000000000000 ) ) ;
#3942 = ORIENTED_EDGE ( 'NONE', *, *, #117, .T. ) ;
#3943 = DIRECTION ( 'NONE',  ( -0.000000000000000000, 0.000000000000000000, 1.000000000000000000 ) ) ;
#3944 = FACE_OUTER_BOUND ( 'NONE', #3066, .T. ) ;
#3945 = CARTESIAN_POINT ( 'NONE',  ( -18.08578643762691485, 2.000000000000001332, 21.01471862576144289 ) ) ;
#3946 = CARTESIAN_POINT ( 'NONE',  ( -18.00115067951381675, 2.793010427357718761, -20.50690407708125917 ) ) ;
#3947 = CIRCLE ( 'NONE', #3435, 0.6999999999999992895 ) ;
#3948 = CARTESIAN_POINT ( 'NONE',  ( -22.50000000000028777, 19.00000000000000355, -27.49999999999976552 ) ) ;
#3949 = ORIENTED_EDGE ( 'NONE', *, *, #5861, .F. ) ;
#3950 = DIRECTION ( 'NONE',  ( -6.802837160693362624E-16, 0.000000000000000000, 1.000000000000000000 ) ) ;
#3951 = FACE_OUTER_BOUND ( 'NONE', #4006, .T. ) ;
#3952 = AXIS2_PLACEMENT_3D ( 'NONE', #4690, #302, #3659 ) ;
#3953 = DIRECTION ( 'NONE',  ( 0.000000000000000000, 0.000000000000000000, 1.000000000000000000 ) ) ;
#3954 = CARTESIAN_POINT ( 'NONE',  ( -27.50000000000000355, 1.600000000000000089, -13.75000000000000000 ) ) ;
#3955 = ADVANCED_FACE ( 'NONE', ( #242 ), #3572, .F. ) ;
#3956 = VERTEX_POINT ( 'NONE', #4144 ) ;
#3957 = ORIENTED_EDGE ( 'NONE', *, *, #2578, .F. ) ;
#3958 = CYLINDRICAL_SURFACE ( 'NONE', #2130, 5.000000000000000888 ) ;
#3959 = DIRECTION ( 'NONE',  ( -0.000000000000000000, -1.000000000000000000, -0.000000000000000000 ) ) ;
#3960 = DIRECTION ( 'NONE',  ( -0.000000000000000000, -1.000000000000000000, -0.000000000000000000 ) ) ;
#3961 = EDGE_CURVE ( 'NONE', #5115, #1130, #3540, .T. ) ;
#3962 = VERTEX_POINT ( 'NONE', #2120 ) ;
#3963 = EDGE_LOOP ( 'NONE', ( #1131, #4392, #4149, #1753 ) ) ;
#3964 = DIRECTION ( 'NONE',  ( 0.000000000000000000, 0.000000000000000000, -1.000000000000000000 ) ) ;
#3965 = DIRECTION ( 'NONE',  ( -0.000000000000000000, 1.000000000000000000, -0.000000000000000000 ) ) ;
#3966 = AXIS2_PLACEMENT_3D ( 'NONE', #757, #2727, #2693 ) ;
#3967 = DIRECTION ( 'NONE',  ( 1.000000000000000000, 0.000000000000000000, 0.000000000000000000 ) ) ;
#3968 = CYLINDRICAL_SURFACE ( 'NONE', #1526, 8.000000000000000000 ) ;
#3969 = DIRECTION ( 'NONE',  ( -0.000000000000000000, 1.000000000000000000, -0.000000000000000000 ) ) ;
#3970 = CIRCLE ( 'NONE', #2215, 1.249999999999997335 ) ;
#3971 = ORIENTED_EDGE ( 'NONE', *, *, #1948, .T. ) ;
#3972 = VECTOR ( 'NONE', #6053, 1000.000000000000000 ) ;
#3973 = CARTESIAN_POINT ( 'NONE',  ( 18.50000000000001066, 4.485281374238571317, -23.50000000000001776 ) ) ;
#3974 = ADVANCED_FACE ( 'NONE', ( #3600 ), #6103, .F. ) ;
#3975 = CARTESIAN_POINT ( 'NONE',  ( 3.999999999999993339, 1.399999999999999911, 10.35000000000000497 ) ) ;
#3976 = DIRECTION ( 'NONE',  ( 0.000000000000000000, 0.000000000000000000, 1.000000000000000000 ) ) ;
#3977 = CARTESIAN_POINT ( 'NONE',  ( -18.49197712378544978, 7.216493126137728531, -23.45186274271100402 ) ) ;
#3978 = ORIENTED_EDGE ( 'NONE', *, *, #1274, .T. ) ;
#3979 = FACE_OUTER_BOUND ( 'NONE', #2747, .T. ) ;
#3980 = LINE ( 'NONE', #4345, #2406 ) ;
#3981 = DIRECTION ( 'NONE',  ( -0.000000000000000000, 1.000000000000000000, -0.000000000000000000 ) ) ;
#3982 = CARTESIAN_POINT ( 'NONE',  ( 0.000000000000000000, 0.000000000000000000, 0.000000000000000000 ) ) ;
#3983 = ADVANCED_FACE ( 'NONE', ( #5984 ), #629, .F. ) ;
#3984 = VERTEX_POINT ( 'NONE', #1637 ) ;
#3985 = ORIENTED_EDGE ( 'NONE', *, *, #6169, .T. ) ;
#3986 = CARTESIAN_POINT ( 'NONE',  ( -27.50000000000018474, 21.00000000000000355, -17.49999999999971223 ) ) ;
#3987 = FACE_BOUND ( 'NONE', #4888, .T. ) ;
#3988 = FACE_OUTER_BOUND ( 'NONE', #958, .T. ) ;
#3989 = AXIS2_PLACEMENT_3D ( 'NONE', #2703, #2580, #1705 ) ;
#3990 = EDGE_CURVE ( 'NONE', #3730, #1803, #5052, .T. ) ;
#3991 = EDGE_LOOP ( 'NONE', ( #3771, #5048, #2186, #3857 ) ) ;
#3992 = EDGE_CURVE ( 'NONE', #2377, #209, #3365, .T. ) ;
#3993 = ORIENTED_EDGE ( 'NONE', *, *, #2929, .F. ) ;
#3994 = CARTESIAN_POINT ( 'NONE',  ( 15.00000000000006217, 2.000000000000000000, 17.49999999999995737 ) ) ;
#3995 = CARTESIAN_POINT ( 'NONE',  ( 27.50000000000000000, 21.00000000000000355, 0.000000000000000000 ) ) ;
#3996 = DIRECTION ( 'NONE',  ( -0.000000000000000000, 1.000000000000000000, -0.000000000000000000 ) ) ;
#3997 = DIRECTION ( 'NONE',  ( -0.000000000000000000, -0.000000000000000000, -1.000000000000000000 ) ) ;
#3998 = DIRECTION ( 'NONE',  ( 0.000000000000000000, -1.000000000000000000, 0.000000000000000000 ) ) ;
#3999 = VECTOR ( 'NONE', #5392, 1000.000000000000000 ) ;
#4000 = AXIS2_PLACEMENT_3D ( 'NONE', #5986, #722, #4664 ) ;
#4001 = ORIENTED_EDGE ( 'NONE', *, *, #3141, .F. ) ;
#4002 = EDGE_CURVE ( 'NONE', #5401, #3866, #4078, .T. ) ;
#4003 = CARTESIAN_POINT ( 'NONE',  ( 17.56545058530398506, 2.000000000000000000, -17.89270351182386776 ) ) ;
#4004 = FACE_OUTER_BOUND ( 'NONE', #2554, .T. ) ;
#4005 = DIRECTION ( 'NONE',  ( 0.000000000000000000, 0.000000000000000000, -1.000000000000000000 ) ) ;
#4006 = EDGE_LOOP ( 'NONE', ( #2715, #4133, #475, #5588 ) ) ;
#4007 = AXIS2_PLACEMENT_3D ( 'NONE', #3017, #2051, #1547 ) ;
#4008 = EDGE_CURVE ( 'NONE', #1752, #916, #2149, .T. ) ;
#4009 = DIRECTION ( 'NONE',  ( 0.000000000000000000, 0.000000000000000000, 1.000000000000000000 ) ) ;
#4010 = ORIENTED_EDGE ( 'NONE', *, *, #4486, .F. ) ;
#4011 = DIRECTION ( 'NONE',  ( 1.000000000000000000, 0.000000000000000000, -3.491481338843132961E-15 ) ) ;
#4012 = DIRECTION ( 'NONE',  ( -0.000000000000000000, -0.000000000000000000, -1.000000000000000000 ) ) ;
#4013 = CARTESIAN_POINT ( 'NONE',  ( -23.50000000000000355, 19.00000000000000355, -9.592000396577625957E-15 ) ) ;
#4014 = DIRECTION ( 'NONE',  ( -0.000000000000000000, -1.000000000000000000, -0.000000000000000000 ) ) ;
#4015 = EDGE_LOOP ( 'NONE', ( #5672, #5262 ) ) ;
#4016 = AXIS2_PLACEMENT_3D ( 'NONE', #657, #686, #1128 ) ;
#4017 = VERTEX_POINT ( 'NONE', #1829 ) ;
#4018 = CARTESIAN_POINT ( 'NONE',  ( -22.50000000000000000, 19.00000000000000355, 27.50000000000000000 ) ) ;
#4019 = CARTESIAN_POINT ( 'NONE',  ( -27.50000000000000355, 2.864466094067262159, 0.2855339059327391404 ) ) ;
#4020 = DIRECTION ( 'NONE',  ( -1.000000000000000000, 0.000000000000000000, -0.000000000000000000 ) ) ;
#4021 = AXIS2_PLACEMENT_3D ( 'NONE', #3763, #5654, #3694 ) ;
#4022 = ORIENTED_EDGE ( 'NONE', *, *, #5266, .F. ) ;
#4023 = ORIENTED_EDGE ( 'NONE', *, *, #688, .F. ) ;
#4024 = AXIS2_PLACEMENT_3D ( 'NONE', #5912, #3343, #1513 ) ;
#4025 = CARTESIAN_POINT ( 'NONE',  ( -17.50000000000017053, 2.000000000000000000, -14.99999999999981704 ) ) ;
#4026 = CARTESIAN_POINT ( 'NONE',  ( 12.70000000000000284, 15.75000000000003197, -23.25000000000000000 ) ) ;
#4027 = DIRECTION ( 'NONE',  ( -0.000000000000000000, -0.000000000000000000, 1.000000000000000000 ) ) ;
#4028 = CARTESIAN_POINT ( 'NONE',  ( -23.37365715857653115, 6.583236531184200935, 23.37365715857654891 ) ) ;
#4029 = DIRECTION ( 'NONE',  ( 0.000000000000000000, -1.000000000000000000, 0.000000000000000000 ) ) ;
#4030 = CIRCLE ( 'NONE', #3619, 5.000000000000000888 ) ;
#4031 = EDGE_CURVE ( 'NONE', #2982, #476, #4253, .T. ) ;
#4032 = EDGE_LOOP ( 'NONE', ( #3151, #5328, #2586, #5207 ) ) ;
#4033 = AXIS2_PLACEMENT_3D ( 'NONE', #2954, #2383, #529 ) ;
#4034 = EDGE_CURVE ( 'NONE', #1005, #6298, #1225, .T. ) ;
#4035 = FACE_OUTER_BOUND ( 'NONE', #36, .T. ) ;
#4036 = CARTESIAN_POINT ( 'NONE',  ( 23.50000000000008171, 8.000000000000000000, 18.49999999999992539 ) ) ;
#4037 = CARTESIAN_POINT ( 'NONE',  ( -15.59999999999999787, 15.75000000000000000, -15.25000000000000000 ) ) ;
#4038 = ORIENTED_EDGE ( 'NONE', *, *, #872, .F. ) ;
#4039 = ORIENTED_EDGE ( 'NONE', *, *, #408, .T. ) ;
#4040 = ORIENTED_EDGE ( 'NONE', *, *, #2629, .T. ) ;
#4041 = DIRECTION ( 'NONE',  ( 0.000000000000000000, -1.000000000000000000, 0.000000000000000000 ) ) ;
#4042 = DIRECTION ( 'NONE',  ( 0.000000000000000000, 0.000000000000000000, 1.000000000000000000 ) ) ;
#4043 = CARTESIAN_POINT ( 'NONE',  ( -21.46496053433749651, 17.52032083990108546, 18.16082675572292970 ) ) ;
#4044 = AXIS2_PLACEMENT_3D ( 'NONE', #5670, #4865, #472 ) ;
#4045 = EDGE_CURVE ( 'NONE', #589, #3932, #2761, .T. ) ;
#4046 = EDGE_LOOP ( 'NONE', ( #3241, #4382, #5087, #5520 ) ) ;
#4047 = VERTEX_POINT ( 'NONE', #4798 ) ;
#4048 = DIRECTION ( 'NONE',  ( 1.000000000000000000, 0.000000000000000000, 0.000000000000000000 ) ) ;
#4049 = DIRECTION ( 'NONE',  ( 1.000000000000000000, -0.000000000000000000, 0.000000000000000000 ) ) ;
#4050 = EDGE_CURVE ( 'NONE', #178, #2637, #2829, .T. ) ;
#4051 = CIRCLE ( 'NONE', #2711, 5.000000000000000888 ) ;
#4052 = FACE_OUTER_BOUND ( 'NONE', #1885, .T. ) ;
#4053 =( BOUNDED_CURVE ( )  B_SPLINE_CURVE ( 3, ( #3400, #4430, #3945, #43 ),
 .UNSPECIFIED., .F., .F. ) 
 B_SPLINE_CURVE_WITH_KNOTS ( ( 4, 4 ),
 ( 3.141592653589793116, 4.712388980384689674 ),
 .UNSPECIFIED. ) 
 CURVE ( )  GEOMETRIC_REPRESENTATION_ITEM ( )  RATIONAL_B_SPLINE_CURVE ( ( 1.000000000000000000, 0.8047378541243649375, 0.8047378541243649375, 1.000000000000000000 ) ) 
 REPRESENTATION_ITEM ( '' )  );
#4054 = PRODUCT_DEFINITION ( 'UNKNOWN', '', #4155, #5993 ) ;
#4055 = ORIENTED_EDGE ( 'NONE', *, *, #2103, .F. ) ;
#4056 = ORIENTED_EDGE ( 'NONE', *, *, #2131, .F. ) ;
#4057 = DIRECTION ( 'NONE',  ( 1.047444401652940007E-14, -0.000000000000000000, 1.000000000000000000 ) ) ;
#4058 = DIRECTION ( 'NONE',  ( 1.040834085586084257E-14, 0.000000000000000000, 1.000000000000000000 ) ) ;
#4059 = DIRECTION ( 'NONE',  ( -0.000000000000000000, -0.000000000000000000, 1.000000000000000000 ) ) ;
#4060 = CARTESIAN_POINT ( 'NONE',  ( -18.50000000000001066, 8.000000000000000000, 23.50000000000001776 ) ) ;
#4061 = DIRECTION ( 'NONE',  ( -1.000000000000000000, -0.000000000000000000, 0.000000000000000000 ) ) ;
#4062 = ORIENTED_EDGE ( 'NONE', *, *, #3785, .T. ) ;
#4063 = EDGE_CURVE ( 'NONE', #418, #1222, #1730, .T. ) ;
#4064 = AXIS2_PLACEMENT_3D ( 'NONE', #4466, #4435, #5852 ) ;
#4065 = DIRECTION ( 'NONE',  ( 0.000000000000000000, -1.000000000000000000, 0.000000000000000000 ) ) ;
#4066 = DIRECTION ( 'NONE',  ( -3.491481338843132961E-15, -0.000000000000000000, -1.000000000000000000 ) ) ;
#4067 = ORIENTED_EDGE ( 'NONE', *, *, #6180, .T. ) ;
#4068 = AXIS2_PLACEMENT_3D ( 'NONE', #607, #4027, #5480 ) ;
#4069 = ADVANCED_FACE ( 'NONE', ( #6256 ), #4177, .F. ) ;
#4070 = ORIENTED_EDGE ( 'NONE', *, *, #109, .T. ) ;
#4071 = APPLICATION_CONTEXT ( 'automotive_design' ) ;
#4072 = DIRECTION ( 'NONE',  ( 1.000000000000000000, 0.000000000000000000, 0.000000000000000000 ) ) ;
#4073 = CYLINDRICAL_SURFACE ( 'NONE', #5994, 0.6999999999999995115 ) ;
#4074 = CARTESIAN_POINT ( 'NONE',  ( -19.97696689349345434, 18.67053321296783963, 19.97696689349361421 ) ) ;
#4075 = DIRECTION ( 'NONE',  ( 1.000000000000000000, 0.000000000000000000, 0.000000000000000000 ) ) ;
#4076 = ORIENTED_EDGE ( 'NONE', *, *, #5454, .T. ) ;
#4077 = ORIENTED_EDGE ( 'NONE', *, *, #5544, .F. ) ;
#4078 = LINE ( 'NONE', #6043, #4183 ) ;
#4079 = DIRECTION ( 'NONE',  ( 1.000000000000000000, -0.000000000000000000, -3.083311109201532150E-15 ) ) ;
#4080 = DIRECTION ( 'NONE',  ( 1.000000000000000000, 0.000000000000000000, -0.000000000000000000 ) ) ;
#4081 = VERTEX_POINT ( 'NONE', #5274 ) ;
#4082 = VERTEX_POINT ( 'NONE', #5692 ) ;
#4083 = ORIENTED_EDGE ( 'NONE', *, *, #5231, .T. ) ;
#4084 = CARTESIAN_POINT ( 'NONE',  ( 17.56545058530404901, 19.00000000000000355, 17.89270351182375407 ) ) ;
#4085 = CARTESIAN_POINT ( 'NONE',  ( 17.50000000000000711, 2.000000000000000000, -18.50000000000001421 ) ) ;
#4086 = ADVANCED_FACE ( 'NONE', ( #3765, #5141, #6229, #3211, #888, #792, #4285, #4216, #5725, #5208, #3277, #275, #411, #5173 ), #5238, .T. ) ;
#4087 = DIRECTION ( 'NONE',  ( 0.000000000000000000, -1.000000000000000000, 0.000000000000000000 ) ) ;
#4088 = CARTESIAN_POINT ( 'NONE',  ( -12.69999999999999574, 1.399999999999999911, -8.597458788255783673E-15 ) ) ;
#4089 = CARTESIAN_POINT ( 'NONE',  ( 17.50000000000000711, 19.00000000000000355, -17.50000000000001421 ) ) ;
#4090 = ORIENTED_EDGE ( 'NONE', *, *, #575, .T. ) ;
#4091 = AXIS2_PLACEMENT_3D ( 'NONE', #2220, #1806, #2257 ) ;
#4092 = CARTESIAN_POINT ( 'NONE',  ( 19.97696689349376342, 2.329466787031952979, -19.97696689349406896 ) ) ;
#4093 = CARTESIAN_POINT ( 'NONE',  ( 23.01889895879280701, 5.295899519633789687, 23.01889895879262582 ) ) ;
#4094 = CARTESIAN_POINT ( 'NONE',  ( -17.50000000000028777, 21.00000000000000355, -27.49999999999981526 ) ) ;
#4095 = ORIENTED_EDGE ( 'NONE', *, *, #4737, .F. ) ;
#4096 = ORIENTED_EDGE ( 'NONE', *, *, #1939, .F. ) ;
#4097 = ADVANCED_FACE ( 'NONE', ( #854 ), #2212, .F. ) ;
#4098 = ORIENTED_EDGE ( 'NONE', *, *, #5055, .T. ) ;
#4099 = CARTESIAN_POINT ( 'NONE',  ( -8.999999999999998224, 15.75000000000000000, -15.25000000000000000 ) ) ;
#4100 = CARTESIAN_POINT ( 'NONE',  ( -24.99999999999999645, 2.000000000000000000, 25.00000000000000000 ) ) ;
#4101 = EDGE_CURVE ( 'NONE', #5797, #6029, #616, .T. ) ;
#4102 = AXIS2_PLACEMENT_3D ( 'NONE', #5514, #3553, #4576 ) ;
#4103 = DIRECTION ( 'NONE',  ( -0.000000000000000000, -0.000000000000000000, -1.000000000000000000 ) ) ;
#4104 = ORIENTED_EDGE ( 'NONE', *, *, #45, .F. ) ;
#4105 = ORIENTED_EDGE ( 'NONE', *, *, #2185, .F. ) ;
#4106 = ORIENTED_EDGE ( 'NONE', *, *, #5429, .F. ) ;
#4107 = DIRECTION ( 'NONE',  ( -0.000000000000000000, 1.000000000000000000, -0.000000000000000000 ) ) ;
#4108 = DIRECTION ( 'NONE',  ( -0.000000000000000000, 1.000000000000000000, -0.000000000000000000 ) ) ;
#4109 = DIRECTION ( 'NONE',  ( -1.000000000000000000, 0.000000000000000000, -0.000000000000000000 ) ) ;
#4110 = ADVANCED_FACE ( 'NONE', ( #1863 ), #5624, .F. ) ;
#4111 = ADVANCED_FACE ( 'NONE', ( #4695 ), #306, .F. ) ;
#4112 = CIRCLE ( 'NONE', #5769, 0.6999999999999995115 ) ;
#4113 = ORIENTED_EDGE ( 'NONE', *, *, #3615, .F. ) ;
#4114 = ORIENTED_EDGE ( 'NONE', *, *, #3262, .F. ) ;
#4115 = ORIENTED_EDGE ( 'NONE', *, *, #1911, .F. ) ;
#4116 = VERTEX_POINT ( 'NONE', #342 ) ;
#4117 = FACE_OUTER_BOUND ( 'NONE', #3097, .T. ) ;
#4118 = DIRECTION ( 'NONE',  ( 1.000000000000000000, 0.000000000000000000, -1.047444401652940007E-14 ) ) ;
#4119 = LINE ( 'NONE', #2097, #3972 ) ;
#4120 = CIRCLE ( 'NONE', #2680, 1.100000000000000311 ) ;
#4121 = CIRCLE ( 'NONE', #224, 1.100000000000000311 ) ;
#4122 = CARTESIAN_POINT ( 'NONE',  ( 26.00000000000000355, 2.900000000000003464, -13.24999999999999822 ) ) ;
#4123 = ADVANCED_FACE ( 'NONE', ( #2284 ), #2414, .F. ) ;
#4124 = VERTEX_POINT ( 'NONE', #4951 ) ;
#4125 = PRESENTATION_LAYER_ASSIGNMENT (  '', '', ( #4749 ) ) ;
#4126 = AXIS2_PLACEMENT_3D ( 'NONE', #4539, #5118, #2671 ) ;
#4127 = CARTESIAN_POINT ( 'NONE',  ( -19.99999999999999645, 0.000000000000000000, 20.00000000000000000 ) ) ;
#4128 = PLANE ( 'NONE',  #805 ) ;
#4129 = CARTESIAN_POINT ( 'NONE',  ( -21.01471862576143579, 19.00000000000000355, 18.08578643762691840 ) ) ;
#4130 = VERTEX_POINT ( 'NONE', #3373 ) ;
#4131 = EDGE_CURVE ( 'NONE', #5383, #4082, #5407, .T. ) ;
#4132 = VECTOR ( 'NONE', #663, 1000.000000000000000 ) ;
#4133 = ORIENTED_EDGE ( 'NONE', *, *, #5740, .T. ) ;
#4134 = CARTESIAN_POINT ( 'NONE',  ( -21.30000000000000426, 1.399999999999999911, -9.049999999999998934 ) ) ;
#4135 = DIRECTION ( 'NONE',  ( 1.000000000000000000, 0.000000000000000000, 0.000000000000000000 ) ) ;
#4136 = CIRCLE ( 'NONE', #1387, 5.000000000000000888 ) ;
#4137 = CARTESIAN_POINT ( 'NONE',  ( -19.42876307165497707, 18.82177372592212095, 19.42876307165482785 ) ) ;
#4138 = CARTESIAN_POINT ( 'NONE',  ( 0.000000000000000000, 0.000000000000000000, 0.000000000000000000 ) ) ;
#4139 = VERTEX_POINT ( 'NONE', #528 ) ;
#4140 = EDGE_LOOP ( 'NONE', ( #5247, #4419 ) ) ;
#4141 = DIRECTION ( 'NONE',  ( -1.000000000000000000, 0.000000000000000000, -3.154042683594194997E-17 ) ) ;
#4142 = EDGE_CURVE ( 'NONE', #3104, #2637, #4801, .T. ) ;
#4143 = VERTEX_POINT ( 'NONE', #1956 ) ;
#4144 = CARTESIAN_POINT ( 'NONE',  ( 12.70000000000000107, 15.75000000000003197, -15.25000000000000000 ) ) ;
#4145 = DIRECTION ( 'NONE',  ( 0.000000000000000000, -1.000000000000000000, 0.000000000000000000 ) ) ;
#4146 = CARTESIAN_POINT ( 'NONE',  ( 11.50000000000000178, 2.000000000000000000, -6.500000000000000000 ) ) ;
#4147 = EDGE_CURVE ( 'NONE', #2194, #5927, #2924, .T. ) ;
#4148 = ORIENTED_EDGE ( 'NONE', *, *, #4468, .F. ) ;
#4149 = ORIENTED_EDGE ( 'NONE', *, *, #2616, .F. ) ;
#4150 = ORIENTED_EDGE ( 'NONE', *, *, #5999, .F. ) ;
#4151 = ORIENTED_EDGE ( 'NONE', *, *, #329, .T. ) ;
#4152 = LINE ( 'NONE', #4025, #3271 ) ;
#4153 = CARTESIAN_POINT ( 'NONE',  ( -24.99999999999999645, 2.000000000000000000, 25.00000000000000000 ) ) ;
#4154 = LINE ( 'NONE', #221, #185 ) ;
#4155 = PRODUCT_DEFINITION_FORMATION_WITH_SPECIFIED_SOURCE ( 'ANY', '', #4481, .NOT_KNOWN. ) ;
#4156 = CARTESIAN_POINT ( 'NONE',  ( 4.749999999999999112, 0.1000000000000000056, -5.050000000000003375 ) ) ;
#4157 = EDGE_LOOP ( 'NONE', ( #4910, #1099, #274, #983 ) ) ;
#4158 = DIRECTION ( 'NONE',  ( 1.000000000000000000, 0.000000000000000000, 0.000000000000000000 ) ) ;
#4159 = CARTESIAN_POINT ( 'NONE',  ( -9.699999999999997513, 15.75000000000000000, -15.25000000000000000 ) ) ;
#4160 = DIRECTION ( 'NONE',  ( 0.000000000000000000, 0.000000000000000000, -1.000000000000000000 ) ) ;
#4161 = CYLINDRICAL_SURFACE ( 'NONE', #4742, 0.6999999999999995115 ) ;
#4162 = EDGE_LOOP ( 'NONE', ( #2803, #3291, #4626, #5469 ) ) ;
#4163 = EDGE_LOOP ( 'NONE', ( #5212, #4980, #4657, #586 ) ) ;
#4164 = DIRECTION ( 'NONE',  ( 0.000000000000000000, 1.000000000000000000, 0.000000000000000000 ) ) ;
#4165 = CARTESIAN_POINT ( 'NONE',  ( -21.30000000000000426, 0.1000000000000000056, -9.049999999999998934 ) ) ;
#4166 = EDGE_CURVE ( 'NONE', #5663, #174, #2860, .T. ) ;
#4167 = AXIS2_PLACEMENT_3D ( 'NONE', #2286, #308, #3799 ) ;
#4168 = DIRECTION ( 'NONE',  ( 3.491481338843133355E-15, 0.000000000000000000, 1.000000000000000000 ) ) ;
#4169 = AXIS2_PLACEMENT_3D ( 'NONE', #5745, #2238, #845 ) ;
#4170 = CARTESIAN_POINT ( 'NONE',  ( -18.00115067951358583, 18.20698957264240292, 20.50690407708127694 ) ) ;
#4171 = CARTESIAN_POINT ( 'NONE',  ( -38.81122032448804049, 18.32838820581174488, -4.807849072047527095 ) ) ;
#4172 = AXIS2_PLACEMENT_3D ( 'NONE', #1714, #2105, #194 ) ;
#4173 = ORIENTED_EDGE ( 'NONE', *, *, #5506, .T. ) ;
#4174 = CARTESIAN_POINT ( 'NONE',  ( 5.100000000000000533, 1.399999999999999911, 7.750000000000007105 ) ) ;
#4175 = ORIENTED_EDGE ( 'NONE', *, *, #5584, .T. ) ;
#4176 = AXIS2_PLACEMENT_3D ( 'NONE', #5508, #1051, #1502 ) ;
#4177 = CYLINDRICAL_SURFACE ( 'NONE', #1003, 1.249999999999997335 ) ;
#4178 = CARTESIAN_POINT ( 'NONE',  ( 18.46801665073599352, 14.55569534921597530, -23.30809990441585455 ) ) ;
#4179 = CARTESIAN_POINT ( 'NONE',  ( -27.50000000000000355, 0.1000000000000000472, -13.75000000000000000 ) ) ;
#4180 = VECTOR ( 'NONE', #5709, 1000.000000000000000 ) ;
#4181 = EDGE_CURVE ( 'NONE', #4143, #837, #3138, .T. ) ;
#4182 = ORIENTED_EDGE ( 'NONE', *, *, #2754, .T. ) ;
#4183 = VECTOR ( 'NONE', #4590, 1000.000000000000000 ) ;
#4184 = VERTEX_POINT ( 'NONE', #3889 ) ;
#4185 = EDGE_CURVE ( 'NONE', #5731, #532, #5000, .T. ) ;
#4186 = ORIENTED_EDGE ( 'NONE', *, *, #3814, .F. ) ;
#4187 = CARTESIAN_POINT ( 'NONE',  ( 27.50000000000006395, 19.00000000000000355, 17.49999999999990408 ) ) ;
#4188 = FACE_OUTER_BOUND ( 'NONE', #447, .T. ) ;
#4189 = FACE_BOUND ( 'NONE', #4774, .T. ) ;
#4190 = ADVANCED_FACE ( 'NONE', ( #2471 ), #6322, .F. ) ;
#4191 = VECTOR ( 'NONE', #5870, 1000.000000000000000 ) ;
#4192 = DIRECTION ( 'NONE',  ( -0.000000000000000000, 1.000000000000000000, -0.000000000000000000 ) ) ;
#4193 = EDGE_CURVE ( 'NONE', #5502, #6268, #2506, .T. ) ;
#4194 = ORIENTED_EDGE ( 'NONE', *, *, #3804, .T. ) ;
#4195 = DIRECTION ( 'NONE',  ( 1.000000000000000000, 0.000000000000000000, 0.000000000000000000 ) ) ;
#4196 = AXIS2_PLACEMENT_3D ( 'NONE', #4308, #6286, #2311 ) ;
#4197 = CARTESIAN_POINT ( 'NONE',  ( -15.00000000000001421, 19.00000000000000355, 17.50000000000001421 ) ) ;
#4198 = CARTESIAN_POINT ( 'NONE',  ( 5.204170427930420494E-15, 19.00000000000000355, 24.99999999999999645 ) ) ;
#4199 = FACE_OUTER_BOUND ( 'NONE', #5643, .T. ) ;
#4200 = ORIENTED_EDGE ( 'NONE', *, *, #1647, .T. ) ;
#4201 = EDGE_CURVE ( 'NONE', #3005, #2039, #1821, .T. ) ;
#4202 = EDGE_CURVE ( 'NONE', #1371, #796, #3407, .T. ) ;
#4203 = EDGE_LOOP ( 'NONE', ( #5705, #2148, #5847, #1675 ) ) ;
#4204 = DIRECTION ( 'NONE',  ( 0.000000000000000000, 0.000000000000000000, 1.000000000000000000 ) ) ;
#4205 = DIRECTION ( 'NONE',  ( 0.000000000000000000, 0.000000000000000000, 1.000000000000000000 ) ) ;
#4206 = AXIS2_PLACEMENT_3D ( 'NONE', #5842, #1447, #4883 ) ;
#4207 = CARTESIAN_POINT ( 'NONE',  ( -18.50000000000026290, 4.485281374238569541, -23.49999999999981171 ) ) ;
#4208 = CARTESIAN_POINT ( 'NONE',  ( 23.50000000000010303, 12.99999999999998401, 23.49999999999992539 ) ) ;
#4209 = CARTESIAN_POINT ( 'NONE',  ( -0.6999999999999940714, 9.149999999999998579, -13.24999999999999822 ) ) ;
#4210 = SHAPE_DEFINITION_REPRESENTATION ( #5459, #2567 ) ;
#4211 = ORIENTED_EDGE ( 'NONE', *, *, #5981, .F. ) ;
#4212 = ADVANCED_FACE ( 'NONE', ( #5914 ), #5432, .F. ) ;
#4213 = VERTEX_POINT ( 'NONE', #3920 ) ;
#4214 = CARTESIAN_POINT ( 'NONE',  ( 13.90000000000001279, -1.000000000000000000, -3.452947483310167141E-15 ) ) ;
#4215 = ORIENTED_EDGE ( 'NONE', *, *, #4313, .F. ) ;
#4216 = FACE_BOUND ( 'NONE', #985, .T. ) ;
#4217 = CARTESIAN_POINT ( 'NONE',  ( 19.97696689349345434, 18.67053321296783963, -19.97696689349361421 ) ) ;
#4218 = DIRECTION ( 'NONE',  ( -0.000000000000000000, -0.000000000000000000, 1.000000000000000000 ) ) ;
#4219 = VECTOR ( 'NONE', #25, 1000.000000000000000 ) ;
#4220 = CARTESIAN_POINT ( 'NONE',  ( -18.16082675572292615, 3.479679160099071300, 21.46496053433766349 ) ) ;
#4221 = ORIENTED_EDGE ( 'NONE', *, *, #5271, .T. ) ;
#4222 = AXIS2_PLACEMENT_3D ( 'NONE', #2679, #6117, #1211 ) ;
#4223 = EDGE_LOOP ( 'NONE', ( #1640, #3774, #5893, #2323 ) ) ;
#4224 = CIRCLE ( 'NONE', #6155, 6.000000000000000000 ) ;
#4225 = ORIENTED_EDGE ( 'NONE', *, *, #4965, .T. ) ;
#4226 = CYLINDRICAL_SURFACE ( 'NONE', #1345, 5.000000000000000888 ) ;
#4227 = CARTESIAN_POINT ( 'NONE',  ( -12.69999999999999751, 15.75000000000000000, -23.25000000000000000 ) ) ;
#4228 = CARTESIAN_POINT ( 'NONE',  ( -19.42876307165505168, 18.82177372592197884, -19.42876307165475325 ) ) ;
#4229 = CIRCLE ( 'NONE', #5867, 5.000000000000000888 ) ;
#4230 = CARTESIAN_POINT ( 'NONE',  ( -7.499999999999996447, 15.75000000000000000, -15.25000000000000000 ) ) ;
#4231 = ORIENTED_EDGE ( 'NONE', *, *, #734, .F. ) ;
#4232 = AXIS2_PLACEMENT_3D ( 'NONE', #5293, #1442, #3427 ) ;
#4233 = FACE_OUTER_BOUND ( 'NONE', #6113, .T. ) ;
#4234 = CARTESIAN_POINT ( 'NONE',  ( -13.39999999999999680, 15.75000000000000000, -23.25000000000000000 ) ) ;
#4235 = CARTESIAN_POINT ( 'NONE',  ( 17.94315120093090954, 2.607002223890483972, 20.15890720558492788 ) ) ;
#4236 = EDGE_CURVE ( 'NONE', #5957, #2369, #2953, .T. ) ;
#4237 = CIRCLE ( 'NONE', #3098, 0.6999999999999992895 ) ;
#4238 = CARTESIAN_POINT ( 'NONE',  ( -21.30000000000000426, 0.000000000000000000, -9.049999999999998934 ) ) ;
#4239 = ORIENTED_EDGE ( 'NONE', *, *, #3246, .T. ) ;
#4240 = ORIENTED_EDGE ( 'NONE', *, *, #2193, .T. ) ;
#4241 = ADVANCED_FACE ( 'NONE', ( #1986 ), #4407, .F. ) ;
#4242 = AXIS2_PLACEMENT_3D ( 'NONE', #5317, #4263, #1273 ) ;
#4243 = FACE_OUTER_BOUND ( 'NONE', #2607, .T. ) ;
#4244 = CARTESIAN_POINT ( 'NONE',  ( -21.29999999999999716, 1.399999999999999911, 8.249999999999985789 ) ) ;
#4245 = CARTESIAN_POINT ( 'NONE',  ( -22.50000000000000000, 21.00000000000000355, 22.50000000000000000 ) ) ;
#4246 = CARTESIAN_POINT ( 'NONE',  ( 23.29960934660807581, 14.75391438836841473, 23.29960934660790528 ) ) ;
#4247 = CARTESIAN_POINT ( 'NONE',  ( -16.29999999999999716, 15.75000000000000000, -13.24999999999999822 ) ) ;
#4248 = VERTEX_POINT ( 'NONE', #4344 ) ;
#4249 = CIRCLE ( 'NONE', #2401, 0.6999999999999992895 ) ;
#4250 = ORIENTED_EDGE ( 'NONE', *, *, #2914, .F. ) ;
#4251 = DIRECTION ( 'NONE',  ( 0.000000000000000000, 0.000000000000000000, 1.000000000000000000 ) ) ;
#4252 = ORIENTED_EDGE ( 'NONE', *, *, #79, .F. ) ;
#4253 = LINE ( 'NONE', #379, #5922 ) ;
#4254 = CARTESIAN_POINT ( 'NONE',  ( 23.50000000000001066, 12.99999999999999289, -18.50000000000001776 ) ) ;
#4255 = CARTESIAN_POINT ( 'NONE',  ( -5.100000000000000533, 0.1000000000000000056, 9.250000000000005329 ) ) ;
#4256 = VECTOR ( 'NONE', #106, 1000.000000000000000 ) ;
#4257 = ADVANCED_FACE ( 'NONE', ( #6291, #5369, #4889, #944 ), #497, .T. ) ;
#4258 = CARTESIAN_POINT ( 'NONE',  ( -20.50690407708134089, 2.793010427357646375, 18.00115067951344727 ) ) ;
#4259 = ORIENTED_EDGE ( 'NONE', *, *, #4185, .T. ) ;
#4260 = ORIENTED_EDGE ( 'NONE', *, *, #4147, .F. ) ;
#4261 = ORIENTED_EDGE ( 'NONE', *, *, #645, .T. ) ;
#4262 = LINE ( 'NONE', #3775, #5539 ) ;
#4263 = DIRECTION ( 'NONE',  ( 0.000000000000000000, -1.000000000000000000, 0.000000000000000000 ) ) ;
#4264 = CARTESIAN_POINT ( 'NONE',  ( -21.83796581139396054, 17.52032802228864838, -21.83796581139363724 ) ) ;
#4265 = AXIS2_PLACEMENT_3D ( 'NONE', #3584, #3155, #5573 ) ;
#4266 = VERTEX_POINT ( 'NONE', #5042 ) ;
#4267 = DIRECTION ( 'NONE',  ( 0.000000000000000000, 0.000000000000000000, 1.000000000000000000 ) ) ;
#4268 = UNCERTAINTY_MEASURE_WITH_UNIT (LENGTH_MEASURE( 1.000000000000000082E-05 ), #3566, 'distance_accuracy_value', 'NONE');
#4269 = CARTESIAN_POINT ( 'NONE',  ( 22.50000000000006040, 19.00000000000000355, 17.49999999999992184 ) ) ;
#4270 = CARTESIAN_POINT ( 'NONE',  ( 17.56545058530405967, 1.999999999999999556, 17.89270351182381447 ) ) ;
#4271 = CARTESIAN_POINT ( 'NONE',  ( 0.000000000000000000, 2.000000000000000000, -15.00000000000000178 ) ) ;
#4272 = EDGE_CURVE ( 'NONE', #1224, #4564, #5606, .T. ) ;
#4273 = ORIENTED_EDGE ( 'NONE', *, *, #1647, .F. ) ;
#4274 = CARTESIAN_POINT ( 'NONE',  ( -14.89999999999999858, 15.75000000000000000, -13.24999999999999822 ) ) ;
#4275 = DIRECTION ( 'NONE',  ( -0.000000000000000000, 1.000000000000000000, -0.000000000000000000 ) ) ;
#4276 = CARTESIAN_POINT ( 'NONE',  ( -19.99999999999999645, 2.000000000000000000, 25.00000000000000000 ) ) ;
#4277 = CARTESIAN_POINT ( 'NONE',  ( 20.87428726325979866, 18.26870133912359151, 20.87428726325978090 ) ) ;
#4278 = EDGE_CURVE ( 'NONE', #3590, #1841, #590, .T. ) ;
#4279 = CARTESIAN_POINT ( 'NONE',  ( -11.49999999999999822, -0.000000000000000000, 0.000000000000000000 ) ) ;
#4280 = EDGE_CURVE ( 'NONE', #2117, #2126, #2534, .T. ) ;
#4281 = ADVANCED_FACE ( 'NONE', ( #3979 ), #2049, .F. ) ;
#4282 = CARTESIAN_POINT ( 'NONE',  ( 15.00000000000006217, 8.000000000000000000, 17.49999999999995737 ) ) ;
#4283 = LINE ( 'NONE', #4795, #4336 ) ;
#4284 = VERTEX_POINT ( 'NONE', #2109 ) ;
#4285 = FACE_BOUND ( 'NONE', #2570, .T. ) ;
#4286 = CARTESIAN_POINT ( 'NONE',  ( 18.48716959523686043, 13.97796522353717918, -23.42301757142117324 ) ) ;
#4287 = VECTOR ( 'NONE', #3107, 1000.000000000000000 ) ;
#4288 = CARTESIAN_POINT ( 'NONE',  ( -12.50000000000000000, 21.00000000000000355, 17.49999999999999645 ) ) ;
#4289 = AXIS2_PLACEMENT_3D ( 'NONE', #2863, #4218, #1865 ) ;
#4290 = ORIENTED_EDGE ( 'NONE', *, *, #3006, .F. ) ;
#4291 = ORIENTED_EDGE ( 'NONE', *, *, #1180, .T. ) ;
#4292 = ADVANCED_FACE ( 'NONE', ( #1545 ), #203, .T. ) ;
#4293 = VERTEX_POINT ( 'NONE', #2596 ) ;
#4294 = DIRECTION ( 'NONE',  ( 0.000000000000000000, 0.000000000000000000, 1.000000000000000000 ) ) ;
#4295 = CYLINDRICAL_SURFACE ( 'NONE', #4641, 5.000000000000000888 ) ;
#4296 = EDGE_CURVE ( 'NONE', #3372, #2107, #2531, .T. ) ;
#4297 = ORIENTED_EDGE ( 'NONE', *, *, #4486, .T. ) ;
#4298 = ADVANCED_FACE ( 'NONE', ( #1572 ), #5013, .F. ) ;
#4299 = LINE ( 'NONE', #6240, #2689 ) ;
#4300 = DIRECTION ( 'NONE',  ( 0.000000000000000000, 0.000000000000000000, -1.000000000000000000 ) ) ;
#4301 = CARTESIAN_POINT ( 'NONE',  ( 21.19346694644567108, 2.931174916188928670, 21.19346694644587359 ) ) ;
#4302 = CARTESIAN_POINT ( 'NONE',  ( -15.00000000000000178, 2.000000000000000000, 1.571166602479410136E-13 ) ) ;
#4303 = ORIENTED_EDGE ( 'NONE', *, *, #835, .F. ) ;
#4304 = DIRECTION ( 'NONE',  ( 1.000000000000000000, 0.000000000000000000, 0.000000000000000000 ) ) ;
#4305 = DIRECTION ( 'NONE',  ( -0.000000000000000000, 1.000000000000000000, -0.000000000000000000 ) ) ;
#4306 =( BOUNDED_CURVE ( )  B_SPLINE_CURVE ( 3, ( #101, #617, #5486, #1566 ),
 .UNSPECIFIED., .F., .F. ) 
 B_SPLINE_CURVE_WITH_KNOTS ( ( 4, 4 ),
 ( 0.000000000000000000, 1.570796326794896114 ),
 .UNSPECIFIED. ) 
 CURVE ( )  GEOMETRIC_REPRESENTATION_ITEM ( )  RATIONAL_B_SPLINE_CURVE ( ( 1.000000000000000000, 0.8047378541243650485, 0.8047378541243650485, 1.000000000000000000 ) ) 
 REPRESENTATION_ITEM ( '' )  );
#4307 = CARTESIAN_POINT ( 'NONE',  ( 20.00000000000000000, 2.000000000000000000, 24.99999999999998934 ) ) ;
#4308 = CARTESIAN_POINT ( 'NONE',  ( 21.29999999999999005, 1.399999999999999911, 9.049999999999998934 ) ) ;
#4309 = CARTESIAN_POINT ( 'NONE',  ( -23.49999999815067042, 13.36001597472265878, 23.49999999815067753 ) ) ;
#4310 = CARTESIAN_POINT ( 'NONE',  ( -18.50000000000001066, 19.00000000000000355, 17.50000000000001421 ) ) ;
#4311 = VERTEX_POINT ( 'NONE', #1601 ) ;
#4312 = CARTESIAN_POINT ( 'NONE',  ( -18.50000000000026290, 16.51471862576143224, -23.49999999999981171 ) ) ;
#4313 = EDGE_CURVE ( 'NONE', #2289, #468, #1629, .T. ) ;
#4314 = DIRECTION ( 'NONE',  ( -0.000000000000000000, -0.000000000000000000, 1.000000000000000000 ) ) ;
#4315 = DIRECTION ( 'NONE',  ( 0.000000000000000000, 0.000000000000000000, 1.000000000000000000 ) ) ;
#4316 = CIRCLE ( 'NONE', #2046, 1.100000000000000311 ) ;
#4317 = VERTEX_POINT ( 'NONE', #1156 ) ;
#4318 = EDGE_LOOP ( 'NONE', ( #1, #3135, #4487, #5368 ) ) ;
#4319 = ORIENTED_EDGE ( 'NONE', *, *, #5740, .F. ) ;
#4320 = FACE_OUTER_BOUND ( 'NONE', #3058, .T. ) ;
#4321 = CARTESIAN_POINT ( 'NONE',  ( 5.100000000000000533, 0.1000000000000000056, 10.25000000000000533 ) ) ;
#4322 = CARTESIAN_POINT ( 'NONE',  ( -18.49839232955946855, 13.39269881009251506, -23.49035397735498520 ) ) ;
#4323 = CIRCLE ( 'NONE', #2485, 5.000000000000000888 ) ;
#4324 = ORIENTED_EDGE ( 'NONE', *, *, #2566, .F. ) ;
#4325 = DIRECTION ( 'NONE',  ( -2.312964634635743450E-15, 0.000000000000000000, -1.000000000000000000 ) ) ;
#4326 = VECTOR ( 'NONE', #2402, 1000.000000000000000 ) ;
#4327 = CARTESIAN_POINT ( 'NONE',  ( 3.999999999999993339, -0.000000000000000000, 10.35000000000000497 ) ) ;
#4328 = CARTESIAN_POINT ( 'NONE',  ( 21.83796581139386817, 3.479671977711098929, 21.83796581139328552 ) ) ;
#4329 = EDGE_CURVE ( 'NONE', #418, #5829, #5712, .T. ) ;
#4330 = DIRECTION ( 'NONE',  ( 0.000000000000000000, 0.000000000000000000, 1.000000000000000000 ) ) ;
#4331 = EDGE_CURVE ( 'NONE', #990, #1222, #85, .T. ) ;
#4332 = EDGE_LOOP ( 'NONE', ( #5382, #3539, #2943, #1696 ) ) ;
#4333 = CIRCLE ( 'NONE', #1147, 5.000000000000000000 ) ;
#4334 = LINE ( 'NONE', #2005, #5509 ) ;
#4335 = DIRECTION ( 'NONE',  ( -0.000000000000000000, -0.000000000000000000, -1.000000000000000000 ) ) ;
#4336 = VECTOR ( 'NONE', #5138, 1000.000000000000000 ) ;
#4337 = CARTESIAN_POINT ( 'NONE',  ( -18.50000000000001066, 19.00000000000000355, 23.50000000000001421 ) ) ;
#4338 = DIRECTION ( 'NONE',  ( 0.000000000000000000, 0.000000000000000000, 1.000000000000000000 ) ) ;
#4339 = DIRECTION ( 'NONE',  ( 0.000000000000000000, -0.7071067811865474617, 0.7071067811865475727 ) ) ;
#4340 = CIRCLE ( 'NONE', #1662, 0.6999999999999992895 ) ;
#4341 = LINE ( 'NONE', #5787, #41 ) ;
#4342 =( BOUNDED_CURVE ( )  B_SPLINE_CURVE ( 3, ( #2961, #536, #2995, #1164 ),
 .UNSPECIFIED., .F., .F. ) 
 B_SPLINE_CURVE_WITH_KNOTS ( ( 4, 4 ),
 ( 3.141592653589793116, 4.712388980384688786 ),
 .UNSPECIFIED. ) 
 CURVE ( )  GEOMETRIC_REPRESENTATION_ITEM ( )  RATIONAL_B_SPLINE_CURVE ( ( 1.000000000000000000, 0.8047378541243652705, 0.8047378541243652705, 1.000000000000000000 ) ) 
 REPRESENTATION_ITEM ( '' )  );
#4343 = ORIENTED_EDGE ( 'NONE', *, *, #3719, .F. ) ;
#4344 = CARTESIAN_POINT ( 'NONE',  ( -27.50000000000023448, 21.00000000000000355, -22.49999999999971223 ) ) ;
#4345 = CARTESIAN_POINT ( 'NONE',  ( -23.50000000000001066, 8.000000000000000000, 15.00000000000000178 ) ) ;
#4346 = CYLINDRICAL_SURFACE ( 'NONE', #4796, 5.000000000000000888 ) ;
#4347 = VECTOR ( 'NONE', #5385, 1000.000000000000000 ) ;
#4348 = CARTESIAN_POINT ( 'NONE',  ( -21.19346694644545437, 2.931174916188789226, 21.19346694644545792 ) ) ;
#4349 = ORIENTED_EDGE ( 'NONE', *, *, #4193, .T. ) ;
#4350 = CARTESIAN_POINT ( 'NONE',  ( -1.918111297674780643E-13, 19.00000000000000355, -15.00000000000005507 ) ) ;
#4351 = ORIENTED_EDGE ( 'NONE', *, *, #3089, .F. ) ;
#4352 = EDGE_LOOP ( 'NONE', ( #2480, #473, #2124, #5376 ) ) ;
#4353 = ORIENTED_EDGE ( 'NONE', *, *, #4782, .T. ) ;
#4354 = CIRCLE ( 'NONE', #4968, 0.6999999999999992895 ) ;
#4355 = DIRECTION ( 'NONE',  ( 3.491481338843132961E-15, -0.000000000000000000, 1.000000000000000000 ) ) ;
#4356 = CARTESIAN_POINT ( 'NONE',  ( -6.099999999999997868, 15.75000000000000000, -13.24999999999999822 ) ) ;
#4357 = CARTESIAN_POINT ( 'NONE',  ( -19.16748811887331527, 18.87207477752336615, -19.16748811887321224 ) ) ;
#4358 = ORIENTED_EDGE ( 'NONE', *, *, #1528, .F. ) ;
#4359 = AXIS2_PLACEMENT_3D ( 'NONE', #6124, #2273, #4684 ) ;
#4360 = EDGE_CURVE ( 'NONE', #5073, #5957, #622, .T. ) ;
#4361 = ORIENTED_EDGE ( 'NONE', *, *, #5057, .T. ) ;
#4362 = DIRECTION ( 'NONE',  ( 1.000000000000000000, -0.000000000000000000, -0.000000000000000000 ) ) ;
#4363 = CARTESIAN_POINT ( 'NONE',  ( -23.50000000000000711, 4.485281374238571317, 18.50000000000001776 ) ) ;
#4364 = DIRECTION ( 'NONE',  ( -0.000000000000000000, -1.000000000000000000, 0.000000000000000000 ) ) ;
#4365 = CARTESIAN_POINT ( 'NONE',  ( 12.50000000000007638, 21.00000000000000355, 22.49999999999995381 ) ) ;
#4366 = ORIENTED_EDGE ( 'NONE', *, *, #4760, .F. ) ;
#4367 = AXIS2_PLACEMENT_3D ( 'NONE', #126, #1561, #641 ) ;
#4368 = DIRECTION ( 'NONE',  ( -0.000000000000000000, -0.000000000000000000, 1.000000000000000000 ) ) ;
#4369 = CARTESIAN_POINT ( 'NONE',  ( 23.49035397735518416, 7.607301189907559547, -18.49839232955922341 ) ) ;
#4370 = DIRECTION ( 'NONE',  ( -0.000000000000000000, 1.000000000000000000, -0.000000000000000000 ) ) ;
#4371 = EDGE_CURVE ( 'NONE', #4213, #5655, #2429, .T. ) ;
#4372 = CARTESIAN_POINT ( 'NONE',  ( -22.02032083990120626, 4.035039465662426217, -18.25338680664996360 ) ) ;
#4373 = DIRECTION ( 'NONE',  ( 0.000000000000000000, 0.000000000000000000, -1.000000000000000000 ) ) ;
#4374 = ORIENTED_EDGE ( 'NONE', *, *, #3235, .F. ) ;
#4375 = EDGE_CURVE ( 'NONE', #4047, #2363, #3498, .T. ) ;
#4376 = CARTESIAN_POINT ( 'NONE',  ( -4.000000000000007105, 0.000000000000000000, 10.35000000000000497 ) ) ;
#4377 = ORIENTED_EDGE ( 'NONE', *, *, #5519, .F. ) ;
#4378 = CARTESIAN_POINT ( 'NONE',  ( -27.50000000000000355, 0.000000000000000000, 0.000000000000000000 ) ) ;
#4379 = DIRECTION ( 'NONE',  ( -1.000000000000000000, 0.000000000000000000, 0.000000000000000000 ) ) ;
#4380 = CARTESIAN_POINT ( 'NONE',  ( 15.60000000000000142, 15.75000000000003553, -13.24999999999999822 ) ) ;
#4381 = CARTESIAN_POINT ( 'NONE',  ( -4.749999999999999112, 0.1000000000000000056, -9.249999999999998224 ) ) ;
#4382 = ORIENTED_EDGE ( 'NONE', *, *, #5660, .F. ) ;
#4383 = ORIENTED_EDGE ( 'NONE', *, *, #115, .F. ) ;
#4384 = ORIENTED_EDGE ( 'NONE', *, *, #5303, .T. ) ;
#4385 = AXIS2_PLACEMENT_3D ( 'NONE', #5821, #1486, #3467 ) ;
#4386 = DIRECTION ( 'NONE',  ( 0.000000000000000000, -1.000000000000000000, -0.000000000000000000 ) ) ;
#4387 = LINE ( 'NONE', #26, #361 ) ;
#4388 = DIRECTION ( 'NONE',  ( 0.000000000000000000, 0.000000000000000000, -1.000000000000000000 ) ) ;
#4389 = EDGE_CURVE ( 'NONE', #6107, #6262, #5491, .T. ) ;
#4390 = AXIS2_PLACEMENT_3D ( 'NONE', #1679, #2582, #5571 ) ;
#4391 = EDGE_CURVE ( 'NONE', #2118, #6029, #787, .T. ) ;
#4392 = ORIENTED_EDGE ( 'NONE', *, *, #3128, .F. ) ;
#4393 = CYLINDRICAL_SURFACE ( 'NONE', #359, 6.000000000000000000 ) ;
#4394 = EDGE_CURVE ( 'NONE', #1849, #4682, #3044, .T. ) ;
#4395 = FACE_OUTER_BOUND ( 'NONE', #5132, .T. ) ;
#4396 = PLANE ( 'NONE',  #2743 ) ;
#4397 = DIRECTION ( 'NONE',  ( -0.000000000000000000, -1.000000000000000000, 0.000000000000000000 ) ) ;
#4398 = VERTEX_POINT ( 'NONE', #3563 ) ;
#4399 = FACE_OUTER_BOUND ( 'NONE', #2262, .T. ) ;
#4400 = CARTESIAN_POINT ( 'NONE',  ( 18.44892610094868601, 6.066705997083349011, -23.19355660569173239 ) ) ;
#4401 = CARTESIAN_POINT ( 'NONE',  ( 27.50000000000000000, 19.00000000000000355, -9.601573681818617358E-14 ) ) ;
#4402 = CARTESIAN_POINT ( 'NONE',  ( -18.10998978652586899, 3.229354225011744628, -21.15993871915361879 ) ) ;
#4403 = EDGE_CURVE ( 'NONE', #6004, #174, #4898, .T. ) ;
#4404 = CARTESIAN_POINT ( 'NONE',  ( 6.800000000000002487, 15.75000000000001421, -13.24999999999999822 ) ) ;
#4405 = EDGE_CURVE ( 'NONE', #3056, #2154, #266, .T. ) ;
#4406 = EDGE_LOOP ( 'NONE', ( #348, #1055, #952, #6064 ) ) ;
#4407 = PLANE ( 'NONE',  #4688 ) ;
#4408 = CARTESIAN_POINT ( 'NONE',  ( 27.50000000000000355, 1.600000000000000089, -13.75000000000000000 ) ) ;
#4409 = CARTESIAN_POINT ( 'NONE',  ( 27.50000000000000000, 19.00000000000000355, -22.50000000000000000 ) ) ;
#4410 = DIRECTION ( 'NONE',  ( 0.000000000000000000, 0.000000000000000000, 1.000000000000000000 ) ) ;
#4411 = VECTOR ( 'NONE', #4901, 1000.000000000000000 ) ;
#4412 = ORIENTED_EDGE ( 'NONE', *, *, #319, .T. ) ;
#4413 = EDGE_LOOP ( 'NONE', ( #1776, #736, #4324, #1674 ) ) ;
#4414 = DIRECTION ( 'NONE',  ( 0.000000000000000000, 0.000000000000000000, 1.000000000000000000 ) ) ;
#4415 = LINE ( 'NONE', #58, #5785 ) ;
#4416 = CARTESIAN_POINT ( 'NONE',  ( 8.706668960218365971E-14, 2.000000000000000000, 15.00000000000005507 ) ) ;
#4417 = AXIS2_PLACEMENT_3D ( 'NONE', #6283, #2974, #2463 ) ;
#4418 = EDGE_CURVE ( 'NONE', #3489, #468, #1703, .T. ) ;
#4419 = ORIENTED_EDGE ( 'NONE', *, *, #4371, .T. ) ;
#4420 = CARTESIAN_POINT ( 'NONE',  ( 5.395794441102682604E-14, 8.000000000000000000, 17.50000000000000000 ) ) ;
#4421 = AXIS2_PLACEMENT_3D ( 'NONE', #3939, #3876, #4879 ) ;
#4422 = LINE ( 'NONE', #2844, #2673 ) ;
#4423 = FACE_OUTER_BOUND ( 'NONE', #1047, .T. ) ;
#4424 = LINE ( 'NONE', #1915, #5154 ) ;
#4425 = EDGE_LOOP ( 'NONE', ( #1712, #102, #681, #5116 ) ) ;
#4426 = CIRCLE ( 'NONE', #441, 0.6999999999999992895 ) ;
#4427 = CARTESIAN_POINT ( 'NONE',  ( 15.00000000000005507, 19.00000000000000355, -3.469446951953648268E-14 ) ) ;
#4428 = EDGE_CURVE ( 'NONE', #5581, #2317, #1417, .T. ) ;
#4429 = CARTESIAN_POINT ( 'NONE',  ( 22.27064578127500383, 4.340061290254975113, -18.29510763021249176 ) ) ;
#4430 = CARTESIAN_POINT ( 'NONE',  ( -18.50000000000001066, 4.485281374238571317, 23.50000000000001776 ) ) ;
#4431 = AXIS2_PLACEMENT_3D ( 'NONE', #4680, #1715, #6118 ) ;
#4432 = CARTESIAN_POINT ( 'NONE',  ( -23.01889895879296333, 5.295899519633818997, -23.01889895879247305 ) ) ;
#4433 = CARTESIAN_POINT ( 'NONE',  ( -13.39999999999999680, 15.75000000000000000, -15.25000000000000000 ) ) ;
#4434 = ORIENTED_EDGE ( 'NONE', *, *, #5887, .F. ) ;
#4435 = DIRECTION ( 'NONE',  ( 0.000000000000000000, 0.000000000000000000, -1.000000000000000000 ) ) ;
#4436 = CARTESIAN_POINT ( 'NONE',  ( -11.19999999999999751, 15.75000000000000000, -23.25000000000000000 ) ) ;
#4437 = VECTOR ( 'NONE', #1622, 1000.000000000000000 ) ;
#4438 = ORIENTED_EDGE ( 'NONE', *, *, #5128, .F. ) ;
#4439 = CYLINDRICAL_SURFACE ( 'NONE', #2381, 5.000000000000000888 ) ;
#4440 = COLOUR_RGB ( '',0.7921568627450980005, 0.8196078431372548767, 0.9333333333333333481 ) ;
#4441 = ORIENTED_EDGE ( 'NONE', *, *, #6040, .T. ) ;
#4442 = ORIENTED_EDGE ( 'NONE', *, *, #3197, .T. ) ;
#4443 = DIRECTION ( 'NONE',  ( -0.000000000000000000, 0.000000000000000000, 1.000000000000000000 ) ) ;
#4444 = FACE_BOUND ( 'NONE', #4512, .T. ) ;
#4445 = CARTESIAN_POINT ( 'NONE',  ( 17.50000000000000711, 19.00000000000000355, -15.00000000000000355 ) ) ;
#4446 = VECTOR ( 'NONE', #5600, 1000.000000000000000 ) ;
#4447 = ORIENTED_EDGE ( 'NONE', *, *, #4617, .F. ) ;
#4448 = ORIENTED_EDGE ( 'NONE', *, *, #2653, .F. ) ;
#4449 = AXIS2_PLACEMENT_3D ( 'NONE', #6017, #150, #1581 ) ;
#4450 = CARTESIAN_POINT ( 'NONE',  ( -24.99999999999999645, 2.000000000000000000, 25.00000000000000000 ) ) ;
#4451 = ADVANCED_FACE ( 'NONE', ( #4243 ), #3299, .F. ) ;
#4452 = DIRECTION ( 'NONE',  ( 1.000000000000000000, 0.000000000000000000, -0.000000000000000000 ) ) ;
#4453 = VECTOR ( 'NONE', #2342, 1000.000000000000000 ) ;
#4454 = DIRECTION ( 'NONE',  ( 0.000000000000000000, 1.000000000000000000, 0.000000000000000000 ) ) ;
#4455 = CARTESIAN_POINT ( 'NONE',  ( 0.000000000000000000, 1.399999999999999911, 0.000000000000000000 ) ) ;
#4456 = FACE_OUTER_BOUND ( 'NONE', #2256, .T. ) ;
#4457 = EDGE_LOOP ( 'NONE', ( #4759, #1011, #1107, #5711 ) ) ;
#4458 = CARTESIAN_POINT ( 'NONE',  ( 2.946806295815515460E-15, 15.75000000000000000, -13.24999999999999822 ) ) ;
#4459 = CYLINDRICAL_SURFACE ( 'NONE', #240, 0.6999999999999975131 ) ;
#4460 = DIRECTION ( 'NONE',  ( 1.000000000000000000, 0.000000000000000000, 0.000000000000000000 ) ) ;
#4461 = ADVANCED_FACE ( 'NONE', ( #2786 ), #1320, .F. ) ;
#4462 = CARTESIAN_POINT ( 'NONE',  ( -18.16082675572316063, 3.479679160099053092, -21.46496053433744322 ) ) ;
#4463 = AXIS2_PLACEMENT_3D ( 'NONE', #3954, #5526, #531 ) ;
#4464 = CARTESIAN_POINT ( 'NONE',  ( 12.69999999999999751, 1.399999999999999911, -8.100000000000001421 ) ) ;
#4465 = ORIENTED_EDGE ( 'NONE', *, *, #6311, .T. ) ;
#4466 = CARTESIAN_POINT ( 'NONE',  ( 0.000000000000000000, 0.000000000000000000, 13.25000000000000533 ) ) ;
#4467 = DIRECTION ( 'NONE',  ( -0.000000000000000000, 0.000000000000000000, 1.000000000000000000 ) ) ;
#4468 = EDGE_CURVE ( 'NONE', #1224, #3504, #5228, .T. ) ;
#4469 = EDGE_CURVE ( 'NONE', #2793, #5545, #1106, .T. ) ;
#4470 = DIRECTION ( 'NONE',  ( 0.000000000000000000, 0.000000000000000000, -1.000000000000000000 ) ) ;
#4471 = DIRECTION ( 'NONE',  ( 1.000000000000000000, 0.000000000000000000, 0.000000000000000000 ) ) ;
#4472 = ORIENTED_EDGE ( 'NONE', *, *, #4938, .F. ) ;
#4473 = ORIENTED_EDGE ( 'NONE', *, *, #1183, .T. ) ;
#4474 = LINE ( 'NONE', #1964, #2746 ) ;
#4475 = DIRECTION ( 'NONE',  ( 0.000000000000000000, -1.000000000000000000, 0.000000000000000000 ) ) ;
#4476 = LINE ( 'NONE', #4445, #3034 ) ;
#4477 = ORIENTED_EDGE ( 'NONE', *, *, #3445, .F. ) ;
#4478 = EDGE_CURVE ( 'NONE', #5943, #2442, #880, .T. ) ;
#4479 = VERTEX_POINT ( 'NONE', #4274 ) ;
#4480 = CARTESIAN_POINT ( 'NONE',  ( 23.50000000000008171, 16.51471862576143224, 18.49999999999992539 ) ) ;
#4481 = PRODUCT ( 'ultrasonic B', 'ultrasonic B', '', ( #1634 ) ) ;
#4482 = VECTOR ( 'NONE', #105, 1000.000000000000000 ) ;
#4483 = CARTESIAN_POINT ( 'NONE',  ( -27.50000000000000355, 18.47106781186547408, -13.25000000000000000 ) ) ;
#4484 = DIRECTION ( 'NONE',  ( 0.000000000000000000, 0.000000000000000000, -1.000000000000000000 ) ) ;
#4485 = CARTESIAN_POINT ( 'NONE',  ( 4.000000000000000888, 0.000000000000000000, 7.750000000000006217 ) ) ;
#4486 = EDGE_CURVE ( 'NONE', #445, #1269, #3165, .T. ) ;
#4487 = ORIENTED_EDGE ( 'NONE', *, *, #329, .F. ) ;
#4488 = VECTOR ( 'NONE', #5953, 1000.000000000000000 ) ;
#4489 = CARTESIAN_POINT ( 'NONE',  ( 18.66869921594830117, 2.056468423623372566, -18.66869921594800275 ) ) ;
#4490 = LINE ( 'NONE', #2465, #6152 ) ;
#4491 = CARTESIAN_POINT ( 'NONE',  ( 0.000000000000000000, 0.1000000000000000056, 10.35000000000000497 ) ) ;
#4492 = EDGE_LOOP ( 'NONE', ( #4077, #2811, #4518, #4989 ) ) ;
#4493 = DIRECTION ( 'NONE',  ( 2.775557561562892337E-16, -0.000000000000000000, 1.000000000000000000 ) ) ;
#4494 = ORIENTED_EDGE ( 'NONE', *, *, #5602, .T. ) ;
#4495 = DIRECTION ( 'NONE',  ( -1.000000000000000000, 0.000000000000000000, 3.491481338843132172E-15 ) ) ;
#4496 = CARTESIAN_POINT ( 'NONE',  ( 4.364351673553916694E-14, 19.00000000000000355, 12.50000000000000000 ) ) ;
#4497 = FACE_OUTER_BOUND ( 'NONE', #2138, .T. ) ;
#4498 = DIRECTION ( 'NONE',  ( -0.000000000000000000, -0.000000000000000000, 1.000000000000000000 ) ) ;
#4499 = ORIENTED_EDGE ( 'NONE', *, *, #2462, .F. ) ;
#4500 = ORIENTED_EDGE ( 'NONE', *, *, #4181, .T. ) ;
#4501 = CARTESIAN_POINT ( 'NONE',  ( 23.50000000000006750, 19.00000000000000355, 14.99999999999992006 ) ) ;
#4502 = CARTESIAN_POINT ( 'NONE',  ( -11.49999999999999822, 0.000000000000000000, -6.500000000000000000 ) ) ;
#4503 = DIRECTION ( 'NONE',  ( -0.000000000000000000, -1.000000000000000000, -0.000000000000000000 ) ) ;
#4504 = VERTEX_POINT ( 'NONE', #5646 ) ;
#4505 = VERTEX_POINT ( 'NONE', #5683 ) ;
#4506 = CARTESIAN_POINT ( 'NONE',  ( 13.40000000000000036, 15.75000000000003197, -13.24999999999999822 ) ) ;
#4507 = VECTOR ( 'NONE', #2906, 1000.000000000000000 ) ;
#4508 = PLANE ( 'NONE',  #5004 ) ;
#4509 = CARTESIAN_POINT ( 'NONE',  ( -12.69999999999999574, 0.000000000000000000, 8.099999999999994316 ) ) ;
#4510 = CARTESIAN_POINT ( 'NONE',  ( 5.503891382404351928E-15, 9.149999999999998579, -15.25000000000000000 ) ) ;
#4511 = AXIS2_PLACEMENT_3D ( 'NONE', #1288, #2753, #267 ) ;
#4512 = EDGE_LOOP ( 'NONE', ( #1775, #727 ) ) ;
#4513 = ADVANCED_FACE ( 'NONE', ( #1819 ), #6190, .F. ) ;
#4514 = CARTESIAN_POINT ( 'NONE',  ( 19.05569537833592619, 2.191900101376480947, -17.75928256305600073 ) ) ;
#4515 = CARTESIAN_POINT ( 'NONE',  ( 18.50000000000009948, 8.000000000000000000, 23.49999999999994316 ) ) ;
#4516 = CARTESIAN_POINT ( 'NONE',  ( 13.40000000000000036, 15.75000000000003197, -15.25000000000000000 ) ) ;
#4517 = VECTOR ( 'NONE', #261, 1000.000000000000000 ) ;
#4518 = ORIENTED_EDGE ( 'NONE', *, *, #1627, .F. ) ;
#4519 = ORIENTED_EDGE ( 'NONE', *, *, #2100, .T. ) ;
#4520 = AXIS2_PLACEMENT_3D ( 'NONE', #3550, #3095, #5064 ) ;
#4521 =( NAMED_UNIT ( * ) PLANE_ANGLE_UNIT ( ) SI_UNIT ( $, .RADIAN. ) );
#4522 = VERTEX_POINT ( 'NONE', #2821 ) ;
#4523 = CARTESIAN_POINT ( 'NONE',  ( -23.50000000000020961, 13.00000000000000355, -18.49999999999976197 ) ) ;
#4524 = FACE_OUTER_BOUND ( 'NONE', #3163, .T. ) ;
#4525 = DIRECTION ( 'NONE',  ( 0.000000000000000000, 0.000000000000000000, 1.000000000000000000 ) ) ;
#4526 = CARTESIAN_POINT ( 'NONE',  ( 27.50000000000000355, 0.1000000000000000472, 8.250000000000003553 ) ) ;
#4527 = ORIENTED_EDGE ( 'NONE', *, *, #3675, .F. ) ;
#4528 = VECTOR ( 'NONE', #3436, 1000.000000000000000 ) ;
#4529 = ORIENTED_EDGE ( 'NONE', *, *, #3037, .T. ) ;
#4530 = DIRECTION ( 'NONE',  ( -1.000000000000000000, 0.000000000000000000, 1.047444401652940007E-14 ) ) ;
#4531 = CARTESIAN_POINT ( 'NONE',  ( -4.000000000000000000, 0.000000000000000000, 6.650000000000005684 ) ) ;
#4532 = CARTESIAN_POINT ( 'NONE',  ( 5.100000000000000533, 0.000000000000000000, 10.25000000000000533 ) ) ;
#4533 = CIRCLE ( 'NONE', #5157, 5.000000000000000888 ) ;
#4534 = EDGE_CURVE ( 'NONE', #1635, #3005, #232, .T. ) ;
#4535 = EDGE_LOOP ( 'NONE', ( #4441, #2470, #1977, #3381 ) ) ;
#4536 = ORIENTED_EDGE ( 'NONE', *, *, #4544, .F. ) ;
#4537 = VECTOR ( 'NONE', #4118, 1000.000000000000000 ) ;
#4538 = CARTESIAN_POINT ( 'NONE',  ( 18.42791506256949674, 18.96572303686166450, 18.42791506257016465 ) ) ;
#4539 = CARTESIAN_POINT ( 'NONE',  ( -21.30000000000000426, 1.399999999999999911, -9.049999999999998934 ) ) ;
#4540 = SHAPE_REPRESENTATION ( 'ultrasonic B', ( #6307 ), #2716 ) ;
#4541 = DIRECTION ( 'NONE',  ( -0.000000000000000000, 1.000000000000000000, 0.000000000000000000 ) ) ;
#4542 = DIRECTION ( 'NONE',  ( 0.000000000000000000, 0.000000000000000000, -1.000000000000000000 ) ) ;
#4543 = PLANE ( 'NONE',  #2608 ) ;
#4544 = EDGE_CURVE ( 'NONE', #4124, #2026, #1790, .T. ) ;
#4545 = ADVANCED_FACE ( 'NONE', ( #5713 ), #5133, .T. ) ;
#4546 = AXIS2_PLACEMENT_3D ( 'NONE', #1045, #4145, #692 ) ;
#4547 = ORIENTED_EDGE ( 'NONE', *, *, #4142, .F. ) ;
#4548 = CIRCLE ( 'NONE', #1277, 5.000000000000000888 ) ;
#4549 = CARTESIAN_POINT ( 'NONE',  ( 21.19346694644545437, 2.931174916188789226, -21.19346694644545792 ) ) ;
#4550 = LINE ( 'NONE', #3622, #5038 ) ;
#4551 = CARTESIAN_POINT ( 'NONE',  ( -17.50000000000000711, 19.00000000000000355, 17.50000000000001421 ) ) ;
#4552 = ORIENTED_EDGE ( 'NONE', *, *, #3762, .F. ) ;
#4553 = VERTEX_POINT ( 'NONE', #779 ) ;
#4554 = DIRECTION ( 'NONE',  ( -1.000000000000000000, 0.000000000000000000, 0.000000000000000000 ) ) ;
#4555 = LINE ( 'NONE', #4496, #4653 ) ;
#4556 = CONTEXT_DEPENDENT_SHAPE_REPRESENTATION ( #1539, #1066 ) ;
#4557 = CIRCLE ( 'NONE', #577, 1.499999999999999556 ) ;
#4558 = EDGE_CURVE ( 'NONE', #6239, #1329, #602, .T. ) ;
#4559 = ORIENTED_EDGE ( 'NONE', *, *, #4131, .F. ) ;
#4560 = ORIENTED_EDGE ( 'NONE', *, *, #4331, .T. ) ;
#4561 = DIRECTION ( 'NONE',  ( 0.000000000000000000, 0.000000000000000000, 1.000000000000000000 ) ) ;
#4562 = DIRECTION ( 'NONE',  ( 1.000000000000000000, -0.000000000000000000, 0.000000000000000000 ) ) ;
#4563 = CARTESIAN_POINT ( 'NONE',  ( 17.50000000000006040, 21.00000000000000355, 17.49999999999993960 ) ) ;
#4564 = VERTEX_POINT ( 'NONE', #1719 ) ;
#4565 = ORIENTED_EDGE ( 'NONE', *, *, #4673, .F. ) ;
#4566 = VERTEX_POINT ( 'NONE', #2718 ) ;
#4567 = CARTESIAN_POINT ( 'NONE',  ( 17.94315120093090599, 18.39299777610951381, 20.15890720558494920 ) ) ;
#4568 = DIRECTION ( 'NONE',  ( 1.000000000000000000, 0.000000000000000000, -2.775557561562892337E-16 ) ) ;
#4569 = CARTESIAN_POINT ( 'NONE',  ( -24.99999999999999645, 2.000000000000000000, 25.00000000000000000 ) ) ;
#4570 = DIRECTION ( 'NONE',  ( -1.000000000000000000, 0.000000000000000000, 0.000000000000000000 ) ) ;
#4571 = CARTESIAN_POINT ( 'NONE',  ( -11.49999999999999822, 2.000000000000000000, -6.500000000000000000 ) ) ;
#4572 = EDGE_CURVE ( 'NONE', #4398, #690, #4683, .T. ) ;
#4573 = ORIENTED_EDGE ( 'NONE', *, *, #137, .F. ) ;
#4574 = EDGE_CURVE ( 'NONE', #1796, #1702, #295, .T. ) ;
#4575 = AXIS2_PLACEMENT_3D ( 'NONE', #5789, #977, #1895 ) ;
#4576 = DIRECTION ( 'NONE',  ( -1.000000000000000000, 0.000000000000000000, 0.000000000000000000 ) ) ;
#4577 = CARTESIAN_POINT ( 'NONE',  ( 15.60000000000000142, 15.75000000000003553, -15.25000000000000000 ) ) ;
#4578 = CARTESIAN_POINT ( 'NONE',  ( -23.50000000000020961, 8.000000000000000000, -18.49999999999976197 ) ) ;
#4579 = VERTEX_POINT ( 'NONE', #1557 ) ;
#4580 = AXIS2_PLACEMENT_3D ( 'NONE', #4819, #1587, #92 ) ;
#4581 = ORIENTED_EDGE ( 'NONE', *, *, #1250, .T. ) ;
#4582 = DIRECTION ( 'NONE',  ( 0.000000000000000000, 0.000000000000000000, -1.000000000000000000 ) ) ;
#4583 = CARTESIAN_POINT ( 'NONE',  ( 3.999999999999993339, 0.1000000000000000056, 10.35000000000000497 ) ) ;
#4584 = CARTESIAN_POINT ( 'NONE',  ( -18.39883296407390745, 15.65890718546407001, 22.89299778444388522 ) ) ;
#4585 = ORIENTED_EDGE ( 'NONE', *, *, #726, .T. ) ;
#4586 = EDGE_CURVE ( 'NONE', #1841, #2087, #3679, .T. ) ;
#4587 = DIRECTION ( 'NONE',  ( 0.000000000000000000, 0.000000000000000000, -1.000000000000000000 ) ) ;
#4588 = AXIS2_PLACEMENT_3D ( 'NONE', #2797, #2350, #1298 ) ;
#4589 = ORIENTED_EDGE ( 'NONE', *, *, #4360, .F. ) ;
#4590 = DIRECTION ( 'NONE',  ( -0.000000000000000000, 1.000000000000000000, -0.000000000000000000 ) ) ;
#4591 = DIRECTION ( 'NONE',  ( 0.000000000000000000, 0.000000000000000000, -1.000000000000000000 ) ) ;
#4592 = PLANE ( 'NONE',  #284 ) ;
#4593 = EDGE_CURVE ( 'NONE', #5377, #6107, #2549, .T. ) ;
#4594 = ORIENTED_EDGE ( 'NONE', *, *, #6226, .T. ) ;
#4595 = ORIENTED_EDGE ( 'NONE', *, *, #63, .F. ) ;
#4596 = VERTEX_POINT ( 'NONE', #1085 ) ;
#4597 = CARTESIAN_POINT ( 'NONE',  ( 27.50000000000000000, 21.00000000000000355, -22.50000000000000000 ) ) ;
#4598 = CARTESIAN_POINT ( 'NONE',  ( -24.99999999999999645, 2.000000000000000000, 20.00000000000000000 ) ) ;
#4599 = DIRECTION ( 'NONE',  ( -1.000000000000000000, 0.000000000000000000, 0.000000000000000000 ) ) ;
#4600 = CARTESIAN_POINT ( 'NONE',  ( 27.50000000000000355, 1.399999999999999911, 3.821067811865475061 ) ) ;
#4601 = EDGE_LOOP ( 'NONE', ( #3512, #1837, #1783, #1041 ) ) ;
#4602 = AXIS2_PLACEMENT_3D ( 'NONE', #571, #2934, #2451 ) ;
#4603 = CIRCLE ( 'NONE', #323, 8.100000000000003197 ) ;
#4604 = CARTESIAN_POINT ( 'NONE',  ( -23.50000000000017053, 13.00000000000000355, -14.99999999999975486 ) ) ;
#4605 = CARTESIAN_POINT ( 'NONE',  ( -17.50000000000000000, 21.00000000000000355, 12.49999999999999822 ) ) ;
#4606 = LINE ( 'NONE', #3589, #6067 ) ;
#4607 = ADVANCED_FACE ( 'NONE', ( #5960 ), #3516, .F. ) ;
#4608 = VERTEX_POINT ( 'NONE', #2520 ) ;
#4609 = EDGE_LOOP ( 'NONE', ( #2139, #3494, #4559, #896 ) ) ;
#4610 = ORIENTED_EDGE ( 'NONE', *, *, #3141, .T. ) ;
#4611 = ADVANCED_FACE ( 'NONE', ( #908 ), #5417, .F. ) ;
#4612 = DIRECTION ( 'NONE',  ( -0.000000000000000000, 0.000000000000000000, 1.000000000000000000 ) ) ;
#4613 = DIRECTION ( 'NONE',  ( -0.000000000000000000, -1.000000000000000000, -0.000000000000000000 ) ) ;
#4614 = VECTOR ( 'NONE', #3789, 1000.000000000000000 ) ;
#4615 = CARTESIAN_POINT ( 'NONE',  ( -22.75625254439646383, 16.25818934172505337, 22.75625254439634304 ) ) ;
#4616 = ORIENTED_EDGE ( 'NONE', *, *, #319, .F. ) ;
#4617 = EDGE_CURVE ( 'NONE', #167, #5442, #1421, .T. ) ;
#4618 = EDGE_LOOP ( 'NONE', ( #4984, #6070, #3606, #3902, #2760, #1946, #3671 ) ) ;
#4619 = EDGE_LOOP ( 'NONE', ( #199, #3949, #1661, #198 ) ) ;
#4620 = VECTOR ( 'NONE', #3331, 1000.000000000000000 ) ;
#4621 = CARTESIAN_POINT ( 'NONE',  ( 0.000000000000000000, 13.00000000000000355, 17.50000000000001421 ) ) ;
#4622 = LINE ( 'NONE', #630, #5574 ) ;
#4623 = DIRECTION ( 'NONE',  ( 0.000000000000000000, -1.000000000000000000, 0.000000000000000000 ) ) ;
#4624 = EDGE_CURVE ( 'NONE', #2171, #2363, #4334, .T. ) ;
#4625 = ORIENTED_EDGE ( 'NONE', *, *, #803, .T. ) ;
#4626 = ORIENTED_EDGE ( 'NONE', *, *, #3675, .T. ) ;
#4627 = VECTOR ( 'NONE', #841, 1000.000000000000000 ) ;
#4628 = ORIENTED_EDGE ( 'NONE', *, *, #3515, .T. ) ;
#4629 = ORIENTED_EDGE ( 'NONE', *, *, #5916, .F. ) ;
#4630 = ORIENTED_EDGE ( 'NONE', *, *, #4045, .T. ) ;
#4631 = CARTESIAN_POINT ( 'NONE',  ( -20.00000000000001066, 0.000000000000000000, -24.99999999999998224 ) ) ;
#4632 = DIRECTION ( 'NONE',  ( 0.000000000000000000, 1.000000000000000000, 0.000000000000000000 ) ) ;
#4633 = CARTESIAN_POINT ( 'NONE',  ( 6.800000000000002487, 15.75000000000001421, -15.25000000000000000 ) ) ;
#4634 = VECTOR ( 'NONE', #3969, 1000.000000000000000 ) ;
#4635 = AXIS2_PLACEMENT_3D ( 'NONE', #2712, #394, #4678 ) ;
#4636 = CYLINDRICAL_SURFACE ( 'NONE', #4367, 1.100000000000000311 ) ;
#4637 = ORIENTED_EDGE ( 'NONE', *, *, #2518, .T. ) ;
#4638 = AXIS2_PLACEMENT_3D ( 'NONE', #4743, #929, #3874 ) ;
#4639 = ADVANCED_FACE ( 'NONE', ( #3030 ), #4508, .T. ) ;
#4640 = DIRECTION ( 'NONE',  ( -0.000000000000000000, 1.000000000000000000, 0.000000000000000000 ) ) ;
#4641 = AXIS2_PLACEMENT_3D ( 'NONE', #4808, #5667, #2294 ) ;
#4642 = DIRECTION ( 'NONE',  ( -0.000000000000000000, -0.000000000000000000, 1.000000000000000000 ) ) ;
#4643 = LINE ( 'NONE', #2165, #3701 ) ;
#4644 = DIRECTION ( 'NONE',  ( 1.000000000000000000, 0.000000000000000000, 0.000000000000000000 ) ) ;
#4645 = ORIENTED_EDGE ( 'NONE', *, *, #4794, .F. ) ;
#4646 = ORIENTED_EDGE ( 'NONE', *, *, #2086, .F. ) ;
#4647 = CIRCLE ( 'NONE', #1477, 0.6999999999999995115 ) ;
#4648 = ORIENTED_EDGE ( 'NONE', *, *, #575, .F. ) ;
#4649 = CARTESIAN_POINT ( 'NONE',  ( 22.50000000000006040, 21.00000000000000355, 17.49999999999992184 ) ) ;
#4650 = PLANE ( 'NONE',  #5277 ) ;
#4651 = EDGE_CURVE ( 'NONE', #2154, #3363, #3252, .T. ) ;
#4652 = LINE ( 'NONE', #4307, #2996 ) ;
#4653 = VECTOR ( 'NONE', #204, 1000.000000000000000 ) ;
#4654 = DIRECTION ( 'NONE',  ( -0.000000000000000000, 1.000000000000000000, -0.000000000000000000 ) ) ;
#4655 = VERTEX_POINT ( 'NONE', #2064 ) ;
#4656 = ADVANCED_FACE ( 'NONE', ( #3821 ), #3549, .T. ) ;
#4657 = ORIENTED_EDGE ( 'NONE', *, *, #6284, .F. ) ;
#4658 = CARTESIAN_POINT ( 'NONE',  ( -19.99999999999999645, 19.00000000000000355, 25.00000000000000000 ) ) ;
#4659 = ADVANCED_FACE ( 'NONE', ( #2850 ), #2341, .F. ) ;
#4660 = ORIENTED_EDGE ( 'NONE', *, *, #1372, .T. ) ;
#4661 = DIRECTION ( 'NONE',  ( -0.000000000000000000, -0.000000000000000000, 1.000000000000000000 ) ) ;
#4662 = CARTESIAN_POINT ( 'NONE',  ( 18.42791506256990530, 18.96572303686085803, -18.42791506256991951 ) ) ;
#4663 = EDGE_CURVE ( 'NONE', #4213, #2291, #428, .T. ) ;
#4664 = DIRECTION ( 'NONE',  ( -1.000000000000000000, 0.000000000000000000, 0.000000000000000000 ) ) ;
#4665 = ORIENTED_EDGE ( 'NONE', *, *, #1394, .F. ) ;
#4666 = ORIENTED_EDGE ( 'NONE', *, *, #676, .T. ) ;
#4667 = CIRCLE ( 'NONE', #1683, 1.249999999999997335 ) ;
#4668 = VERTEX_POINT ( 'NONE', #2371 ) ;
#4669 = DIRECTION ( 'NONE',  ( 0.000000000000000000, -0.000000000000000000, -1.000000000000000000 ) ) ;
#4670 = DIRECTION ( 'NONE',  ( -0.000000000000000000, 1.000000000000000000, 0.000000000000000000 ) ) ;
#4671 = CARTESIAN_POINT ( 'NONE',  ( -4.750000000000000888, 1.399999999999999911, -6.150000000000003908 ) ) ;
#4672 = CARTESIAN_POINT ( 'NONE',  ( 25.00000000000000355, 0.000000000000000000, 24.99999999999998934 ) ) ;
#4673 = EDGE_CURVE ( 'NONE', #4975, #1763, #2967, .T. ) ;
#4674 = EDGE_CURVE ( 'NONE', #1891, #603, #3484, .T. ) ;
#4675 = ORIENTED_EDGE ( 'NONE', *, *, #5826, .T. ) ;
#4676 = SURFACE_SIDE_STYLE ('',( #2504 ) ) ;
#4677 = EDGE_CURVE ( 'NONE', #3121, #4479, #1388, .T. ) ;
#4678 = DIRECTION ( 'NONE',  ( -1.047444401652940007E-14, 0.000000000000000000, -1.000000000000000000 ) ) ;
#4679 = CARTESIAN_POINT ( 'NONE',  ( 22.02032083990101441, 4.035039465662361380, 18.25338680664996716 ) ) ;
#4680 = CARTESIAN_POINT ( 'NONE',  ( 22.50000000000000000, 21.00000000000000355, -17.49999999999999645 ) ) ;
#4681 = EDGE_LOOP ( 'NONE', ( #2859, #1963, #668, #4527 ) ) ;
#4682 = VERTEX_POINT ( 'NONE', #542 ) ;
#4683 = LINE ( 'NONE', #1755, #5513 ) ;
#4684 = DIRECTION ( 'NONE',  ( 1.000000000000000000, 0.000000000000000000, 0.000000000000000000 ) ) ;
#4685 = CARTESIAN_POINT ( 'NONE',  ( -12.50000000000023448, 21.00000000000000355, -22.49999999999986855 ) ) ;
#4686 = CARTESIAN_POINT ( 'NONE',  ( 23.45186274271127758, 13.78350687386220841, 18.49197712378511227 ) ) ;
#4687 = EDGE_CURVE ( 'NONE', #5496, #2579, #702, .T. ) ;
#4688 = AXIS2_PLACEMENT_3D ( 'NONE', #4378, #4828, #2382 ) ;
#4689 = CARTESIAN_POINT ( 'NONE',  ( -23.42301757142116259, 13.97796522353718096, 18.48716959523686754 ) ) ;
#4690 = CARTESIAN_POINT ( 'NONE',  ( -38.81122032448804759, -2.571611794188247924, 21.99215092795247628 ) ) ;
#4691 = ORIENTED_EDGE ( 'NONE', *, *, #1377, .F. ) ;
#4692 = DIRECTION ( 'NONE',  ( 0.000000000000000000, 0.000000000000000000, 1.000000000000000000 ) ) ;
#4693 = ORIENTED_EDGE ( 'NONE', *, *, #3911, .T. ) ;
#4694 = AXIS2_PLACEMENT_3D ( 'NONE', #5614, #2685, #6150 ) ;
#4695 = FACE_OUTER_BOUND ( 'NONE', #427, .T. ) ;
#4696 = CARTESIAN_POINT ( 'NONE',  ( 18.25338680665018387, 16.96496053433759243, -22.02032083990100020 ) ) ;
#4697 = FACE_OUTER_BOUND ( 'NONE', #3172, .T. ) ;
#4698 = DIRECTION ( 'NONE',  ( -1.000000000000000000, 0.000000000000000000, 0.000000000000000000 ) ) ;
#4699 = EDGE_LOOP ( 'NONE', ( #5568, #1362 ) ) ;
#4700 = VECTOR ( 'NONE', #5590, 1000.000000000000000 ) ;
#4701 = EDGE_LOOP ( 'NONE', ( #1628, #2818, #4806, #3681 ) ) ;
#4702 = VERTEX_POINT ( 'NONE', #1532 ) ;
#4703 = CYLINDRICAL_SURFACE ( 'NONE', #2765, 0.6999999999999992895 ) ;
#4704 = DIRECTION ( 'NONE',  ( -0.000000000000000000, 1.000000000000000000, -0.000000000000000000 ) ) ;
#4705 = CARTESIAN_POINT ( 'NONE',  ( -23.47417623114348828, 13.71875216347712900, -23.47417623114298380 ) ) ;
#4706 = EDGE_CURVE ( 'NONE', #1729, #482, #5632, .T. ) ;
#4707 = LINE ( 'NONE', #5220, #163 ) ;
#4708 = EDGE_LOOP ( 'NONE', ( #5527, #4290, #1976, #2644 ) ) ;
#4709 = CARTESIAN_POINT ( 'NONE',  ( -5.850000000000002309, 0.000000000000000000, -5.150000000000003908 ) ) ;
#4710 = LINE ( 'NONE', #839, #3302 ) ;
#4711 = DIRECTION ( 'NONE',  ( 0.000000000000000000, 1.000000000000000000, 0.000000000000000000 ) ) ;
#4712 = CYLINDRICAL_SURFACE ( 'NONE', #5049, 1.249999999999997335 ) ;
#4713 = VERTEX_POINT ( 'NONE', #638 ) ;
#4714 = ORIENTED_EDGE ( 'NONE', *, *, #6161, .T. ) ;
#4715 = ADVANCED_FACE ( 'NONE', ( #3708, #5540, #184, #2159, #6084, #4189, #2222, #1142, #1236, #733, #2129, #6141, #1648, #2672 ), #5090, .F. ) ;
#4716 = DIRECTION ( 'NONE',  ( -4.081702296416010573E-16, -0.000000000000000000, 1.000000000000000000 ) ) ;
#4717 = CARTESIAN_POINT ( 'NONE',  ( 17.50000000000006750, 2.000000000000000000, 14.99999999999995204 ) ) ;
#4718 = AXIS2_PLACEMENT_3D ( 'NONE', #5143, #4623, #277 ) ;
#4719 = LINE ( 'NONE', #3236, #1642 ) ;
#4720 = FACE_OUTER_BOUND ( 'NONE', #4157, .T. ) ;
#4721 = DIRECTION ( 'NONE',  ( 1.000000000000000000, 0.000000000000000000, 0.000000000000000000 ) ) ;
#4722 = EDGE_CURVE ( 'NONE', #4875, #2325, #4902, .T. ) ;
#4723 = CARTESIAN_POINT ( 'NONE',  ( 4.000000000000000000, 0.1000000000000000056, 9.250000000000005329 ) ) ;
#4724 = DIRECTION ( 'NONE',  ( -0.000000000000000000, 1.000000000000000000, -0.000000000000000000 ) ) ;
#4725 = EDGE_LOOP ( 'NONE', ( #2842, #1764, #3282 ) ) ;
#4726 = CARTESIAN_POINT ( 'NONE',  ( -18.50000000000025935, 13.00000000000000355, -23.49999999999981526 ) ) ;
#4727 = CARTESIAN_POINT ( 'NONE',  ( 23.50000000000001066, 13.19634965606317145, -18.49999999999184297 ) ) ;
#4728 = DIRECTION ( 'NONE',  ( 1.000000000000000000, 0.000000000000000000, 0.000000000000000000 ) ) ;
#4729 = CARTESIAN_POINT ( 'NONE',  ( -18.25338680665018742, 4.035039465662356051, 22.02032083990094335 ) ) ;
#4730 = ORIENTED_EDGE ( 'NONE', *, *, #3515, .F. ) ;
#4731 = ORIENTED_EDGE ( 'NONE', *, *, #552, .F. ) ;
#4732 = CIRCLE ( 'NONE', #6063, 0.6999999999999992895 ) ;
#4733 = VERTEX_POINT ( 'NONE', #6025 ) ;
#4734 = DIRECTION ( 'NONE',  ( 1.000000000000000000, 0.000000000000000000, 0.000000000000000000 ) ) ;
#4735 = CARTESIAN_POINT ( 'NONE',  ( 21.29999999999999005, 0.000000000000000000, 9.849999999999997868 ) ) ;
#4736 = CARTESIAN_POINT ( 'NONE',  ( -18.29510763021273334, 16.65993870974505242, -22.27064578127479422 ) ) ;
#4737 = EDGE_CURVE ( 'NONE', #5788, #458, #2537, .T. ) ;
#4738 = AXIS2_PLACEMENT_3D ( 'NONE', #134, #3103, #5071 ) ;
#4739 = VECTOR ( 'NONE', #299, 1000.000000000000000 ) ;
#4740 = DIRECTION ( 'NONE',  ( 0.000000000000000000, 0.000000000000000000, -1.000000000000000000 ) ) ;
#4741 = ORIENTED_EDGE ( 'NONE', *, *, #3762, .T. ) ;
#4742 = AXIS2_PLACEMENT_3D ( 'NONE', #1318, #5192, #1749 ) ;
#4743 = CARTESIAN_POINT ( 'NONE',  ( 0.000000000000000000, 21.00000000000000355, 0.000000000000000000 ) ) ;
#4744 = VECTOR ( 'NONE', #5125, 1000.000000000000000 ) ;
#4745 = EDGE_CURVE ( 'NONE', #4903, #120, #3674, .T. ) ;
#4746 = EDGE_CURVE ( 'NONE', #6078, #4975, #673, .T. ) ;
#4747 = CARTESIAN_POINT ( 'NONE',  ( 7.500000000000001776, 15.75000000000001421, -23.25000000000000000 ) ) ;
#4748 = CARTESIAN_POINT ( 'NONE',  ( 0.000000000000000000, 21.00000000000000355, 0.000000000000000000 ) ) ;
#4749 = STYLED_ITEM ( 'NONE', ( #2047 ), #2030 ) ;
#4750 = CYLINDRICAL_SURFACE ( 'NONE', #1052, 5.000000000000000888 ) ;
#4751 = ORIENTED_EDGE ( 'NONE', *, *, #893, .F. ) ;
#4752 = ORIENTED_EDGE ( 'NONE', *, *, #2358, .T. ) ;
#4753 = VECTOR ( 'NONE', #5930, 1000.000000000000000 ) ;
#4754 = CARTESIAN_POINT ( 'NONE',  ( -27.50000000000000000, 19.00000000000000355, -0.000000000000000000 ) ) ;
#4755 = CARTESIAN_POINT ( 'NONE',  ( 12.50000000000000000, 19.00000000000000355, 0.000000000000000000 ) ) ;
#4756 = CARTESIAN_POINT ( 'NONE',  ( -18.50000000000025935, 8.000000000000000000, -23.49999999999981526 ) ) ;
#4757 = CARTESIAN_POINT ( 'NONE',  ( -27.50000000000000355, 23.39999999999999858, -13.25000000000000000 ) ) ;
#4758 = CARTESIAN_POINT ( 'NONE',  ( 15.00000000000001421, 2.000000000000000000, -17.50000000000001421 ) ) ;
#4759 = ORIENTED_EDGE ( 'NONE', *, *, #2069, .F. ) ;
#4760 = EDGE_CURVE ( 'NONE', #690, #900, #5153, .T. ) ;
#4761 = ORIENTED_EDGE ( 'NONE', *, *, #5289, .T. ) ;
#4762 = AXIS2_PLACEMENT_3D ( 'NONE', #3898, #4475, #3929 ) ;
#4763 = DIRECTION ( 'NONE',  ( -1.000000000000000000, 0.000000000000000000, 3.491481338843132172E-15 ) ) ;
#4764 = EDGE_CURVE ( 'NONE', #1878, #1600, #4154, .T. ) ;
#4765 = CARTESIAN_POINT ( 'NONE',  ( 14.09999999999999787, 15.75000000000003197, -23.25000000000000000 ) ) ;
#4766 = ORIENTED_EDGE ( 'NONE', *, *, #2788, .T. ) ;
#4767 = DIRECTION ( 'NONE',  ( -0.000000000000000000, 0.000000000000000000, -1.000000000000000000 ) ) ;
#4768 = CARTESIAN_POINT ( 'NONE',  ( 20.87428726326000117, 18.26870133912344940, -20.87428726326014683 ) ) ;
#4769 = FACE_OUTER_BOUND ( 'NONE', #5337, .T. ) ;
#4770 = AXIS2_PLACEMENT_3D ( 'NONE', #5978, #3628, #5043 ) ;
#4771 = LINE ( 'NONE', #5278, #335 ) ;
#4772 = EDGE_CURVE ( 'NONE', #4317, #3962, #4119, .T. ) ;
#4773 = EDGE_LOOP ( 'NONE', ( #5169, #2734, #366, #1278 ) ) ;
#4774 = EDGE_LOOP ( 'NONE', ( #1402, #3087 ) ) ;
#4775 = ORIENTED_EDGE ( 'NONE', *, *, #4867, .F. ) ;
#4776 = DIRECTION ( 'NONE',  ( 0.000000000000000000, 1.000000000000000000, 0.000000000000000000 ) ) ;
#4777 = CARTESIAN_POINT ( 'NONE',  ( -17.50000000000000000, 19.00000000000000355, 17.49999999999999645 ) ) ;
#4778 = CARTESIAN_POINT ( 'NONE',  ( -22.89299778444407707, 15.65890718546407712, -18.39883296407366231 ) ) ;
#4779 = AXIS2_PLACEMENT_3D ( 'NONE', #5542, #5996, #2037 ) ;
#4780 = ORIENTED_EDGE ( 'NONE', *, *, #2347, .T. ) ;
#4781 = LINE ( 'NONE', #5707, #3829 ) ;
#4782 = EDGE_CURVE ( 'NONE', #1989, #1520, #3773, .T. ) ;
#4783 = DIRECTION ( 'NONE',  ( -0.000000000000000000, -0.000000000000000000, 1.000000000000000000 ) ) ;
#4784 = CARTESIAN_POINT ( 'NONE',  ( 18.44892610094877483, 6.066705997083121638, 23.19355660569156186 ) ) ;
#4785 = DIRECTION ( 'NONE',  ( 0.000000000000000000, 0.000000000000000000, 1.000000000000000000 ) ) ;
#4786 = ORIENTED_EDGE ( 'NONE', *, *, #2594, .F. ) ;
#4787 = VERTEX_POINT ( 'NONE', #767 ) ;
#4788 = EDGE_CURVE ( 'NONE', #2194, #4130, #2612, .T. ) ;
#4789 = DIRECTION ( 'NONE',  ( 0.000000000000000000, 1.000000000000000000, 0.000000000000000000 ) ) ;
#4790 = CARTESIAN_POINT ( 'NONE',  ( -21.29999999999999716, 1.399999999999999911, 9.049999999999984723 ) ) ;
#4791 = CARTESIAN_POINT ( 'NONE',  ( 4.749999999999999112, 0.1000000000000000056, -6.150000000000003908 ) ) ;
#4792 = CARTESIAN_POINT ( 'NONE',  ( 18.44892610094865404, 14.93329400291678866, 23.19355660569160804 ) ) ;
#4793 = DIRECTION ( 'NONE',  ( 0.000000000000000000, -1.000000000000000000, 0.000000000000000000 ) ) ;
#4794 = EDGE_CURVE ( 'NONE', #5628, #2201, #5412, .T. ) ;
#4795 = CARTESIAN_POINT ( 'NONE',  ( -26.00000000000000355, 16.39999999999999858, -13.24999999999999822 ) ) ;
#4796 = AXIS2_PLACEMENT_3D ( 'NONE', #6293, #1897, #3863 ) ;
#4797 = VERTEX_POINT ( 'NONE', #3124 ) ;
#4798 = CARTESIAN_POINT ( 'NONE',  ( 17.50000000000009592, 21.00000000000000355, 27.49999999999993605 ) ) ;
#4799 = CARTESIAN_POINT ( 'NONE',  ( 17.56545058530398151, 19.00000000000000355, -17.89270351182386776 ) ) ;
#4800 = CARTESIAN_POINT ( 'NONE',  ( 17.50000000000006750, 8.000000000000000000, 14.99999999999995204 ) ) ;
#4801 = CIRCLE ( 'NONE', #4385, 0.6999999999999992895 ) ;
#4802 = CARTESIAN_POINT ( 'NONE',  ( -20.26721574755784516, 2.432907249023241292, 20.26721574755785582 ) ) ;
#4803 = ORIENTED_EDGE ( 'NONE', *, *, #2536, .T. ) ;
#4804 = EDGE_LOOP ( 'NONE', ( #5858, #2330, #3142, #5967 ) ) ;
#4805 = AXIS2_PLACEMENT_3D ( 'NONE', #5264, #746, #2173 ) ;
#4806 = ORIENTED_EDGE ( 'NONE', *, *, #3933, .T. ) ;
#4807 = CARTESIAN_POINT ( 'NONE',  ( 9.000000000000001776, 15.75000000000002132, -23.25000000000000000 ) ) ;
#4808 = CARTESIAN_POINT ( 'NONE',  ( -18.50000000000001066, 19.00000000000000355, 18.50000000000001421 ) ) ;
#4809 = EDGE_CURVE ( 'NONE', #3129, #5721, #3154, .T. ) ;
#4810 = CARTESIAN_POINT ( 'NONE',  ( -18.44892610094881391, 14.93329400291682951, -23.19355660569146238 ) ) ;
#4811 = AXIS2_PLACEMENT_3D ( 'NONE', #1103, #112, #691 ) ;
#4812 = VERTEX_POINT ( 'NONE', #5601 ) ;
#4813 = CARTESIAN_POINT ( 'NONE',  ( 15.00000000000001421, 13.00000000000000355, -17.50000000000001421 ) ) ;
#4814 = ADVANCED_FACE ( 'NONE', ( #3645 ), #5119, .T. ) ;
#4815 = CYLINDRICAL_SURFACE ( 'NONE', #1649, 6.000000000000000000 ) ;
#4816 = CARTESIAN_POINT ( 'NONE',  ( 18.39883296407399982, 5.341092814535814526, 22.89299778444376443 ) ) ;
#4817 = DIRECTION ( 'NONE',  ( 0.000000000000000000, 0.000000000000000000, -1.000000000000000000 ) ) ;
#4818 = ORIENTED_EDGE ( 'NONE', *, *, #4745, .T. ) ;
#4819 = CARTESIAN_POINT ( 'NONE',  ( -19.50000000000000355, 23.39999999999999858, -13.25000000000000000 ) ) ;
#4820 = LINE ( 'NONE', #997, #1842 ) ;
#4821 = CARTESIAN_POINT ( 'NONE',  ( 22.75625254439660594, 4.741810658275354307, -22.75625254439649225 ) ) ;
#4822 = CARTESIAN_POINT ( 'NONE',  ( 18.49999999999192468, 13.19634965606318744, 23.49999999999994316 ) ) ;
#4823 = FACE_OUTER_BOUND ( 'NONE', #2848, .T. ) ;
#4824 = ADVANCED_FACE ( 'NONE', ( #5702 ), #1267, .F. ) ;
#4825 = CARTESIAN_POINT ( 'NONE',  ( 21.01471862576143579, 2.000000000000001332, -18.08578643762691840 ) ) ;
#4826 = AXIS2_PLACEMENT_3D ( 'NONE', #1611, #3635, #2122 ) ;
#4827 = VERTEX_POINT ( 'NONE', #2329 ) ;
#4828 = DIRECTION ( 'NONE',  ( 1.000000000000000000, 0.000000000000000000, 0.000000000000000000 ) ) ;
#4829 = DIRECTION ( 'NONE',  ( 0.000000000000000000, 0.000000000000000000, -1.000000000000000000 ) ) ;
#4830 = CARTESIAN_POINT ( 'NONE',  ( 9.000000000000001776, 15.75000000000002132, -23.25000000000000000 ) ) ;
#4831 = CARTESIAN_POINT ( 'NONE',  ( -22.27064578127500383, 4.340061290254975113, 18.29510763021249176 ) ) ;
#4832 = ORIENTED_EDGE ( 'NONE', *, *, #5616, .T. ) ;
#4833 = VECTOR ( 'NONE', #5134, 1000.000000000000000 ) ;
#4834 = ORIENTED_EDGE ( 'NONE', *, *, #1592, .T. ) ;
#4835 = ORIENTED_EDGE ( 'NONE', *, *, #5346, .T. ) ;
#4836 = ORIENTED_EDGE ( 'NONE', *, *, #5935, .F. ) ;
#4837 = DIRECTION ( 'NONE',  ( 1.000000000000000000, 0.000000000000000000, 0.000000000000000000 ) ) ;
#4838 = CARTESIAN_POINT ( 'NONE',  ( 5.850000000000001421, 0.1000000000000000056, -9.249999999999998224 ) ) ;
#4839 = CARTESIAN_POINT ( 'NONE',  ( -17.89270351182407026, 19.00000000000000355, -17.56545058530380032 ) ) ;
#4840 = EDGE_LOOP ( 'NONE', ( #5817, #972, #3014, #5080 ) ) ;
#4841 = AXIS2_PLACEMENT_3D ( 'NONE', #584, #2527, #5910 ) ;
#4842 = AXIS2_PLACEMENT_3D ( 'NONE', #2455, #2365, #5418 ) ;
#4843 = ORIENTED_EDGE ( 'NONE', *, *, #1508, .F. ) ;
#4844 = FACE_OUTER_BOUND ( 'NONE', #3388, .T. ) ;
#4845 = FACE_OUTER_BOUND ( 'NONE', #4413, .T. ) ;
#4846 = DIRECTION ( 'NONE',  ( -1.000000000000000000, 0.000000000000000000, 1.047444401652940007E-14 ) ) ;
#4847 = DIRECTION ( 'NONE',  ( -0.000000000000000000, -1.000000000000000000, -0.000000000000000000 ) ) ;
#4848 = EDGE_CURVE ( 'NONE', #4248, #3732, #1780, .T. ) ;
#4849 = ORIENTED_EDGE ( 'NONE', *, *, #3881, .F. ) ;
#4850 = CIRCLE ( 'NONE', #1248, 0.6999999999999975131 ) ;
#4851 = DIRECTION ( 'NONE',  ( 0.000000000000000000, 0.000000000000000000, 1.000000000000000000 ) ) ;
#4852 = VECTOR ( 'NONE', #1766, 1000.000000000000000 ) ;
#4853 = CARTESIAN_POINT ( 'NONE',  ( 17.50000000000000000, 13.00000000000000355, 7.142979018728018725E-15 ) ) ;
#4854 = CARTESIAN_POINT ( 'NONE',  ( 26.00000000000000355, 14.93553390593273633, -11.78553390593273598 ) ) ;
#4855 = CARTESIAN_POINT ( 'NONE',  ( -17.82221566379941891, 2.306443385974075611, -19.43329398279591658 ) ) ;
#4856 = VERTEX_POINT ( 'NONE', #3025 ) ;
#4857 = AXIS2_PLACEMENT_3D ( 'NONE', #4404, #2348, #5430 ) ;
#4858 = LINE ( 'NONE', #4376, #6177 ) ;
#4859 = EDGE_CURVE ( 'NONE', #1841, #358, #2333, .T. ) ;
#4860 = ORIENTED_EDGE ( 'NONE', *, *, #1336, .F. ) ;
#4861 = DIRECTION ( 'NONE',  ( 0.000000000000000000, -1.000000000000000000, 0.000000000000000000 ) ) ;
#4862 = DIRECTION ( 'NONE',  ( 1.000000000000000000, 0.000000000000000000, 0.000000000000000000 ) ) ;
#4863 = ADVANCED_FACE ( 'NONE', ( #3899 ), #4993, .T. ) ;
#4864 = FACE_BOUND ( 'NONE', #5107, .T. ) ;
#4865 = DIRECTION ( 'NONE',  ( 0.000000000000000000, 1.000000000000000000, 0.000000000000000000 ) ) ;
#4866 = ORIENTED_EDGE ( 'NONE', *, *, #3178, .F. ) ;
#4867 = EDGE_CURVE ( 'NONE', #3351, #4081, #114, .T. ) ;
#4868 = ORIENTED_EDGE ( 'NONE', *, *, #5612, .F. ) ;
#4869 = ADVANCED_FACE ( 'NONE', ( #3988 ), #6330, .T. ) ;
#4870 = EDGE_LOOP ( 'NONE', ( #887, #5280, #3720, #146, #3379, #5094, #5322 ) ) ;
#4871 = AXIS2_PLACEMENT_3D ( 'NONE', #1341, #5249, #864 ) ;
#4872 = DIRECTION ( 'NONE',  ( -0.000000000000000000, 0.000000000000000000, -1.000000000000000000 ) ) ;
#4873 = DIRECTION ( 'NONE',  ( -1.040834085586084099E-14, 0.000000000000000000, 1.000000000000000000 ) ) ;
#4874 = DIRECTION ( 'NONE',  ( 1.047444401652940007E-14, 0.000000000000000000, 1.000000000000000000 ) ) ;
#4875 = VERTEX_POINT ( 'NONE', #1938 ) ;
#4876 = CARTESIAN_POINT ( 'NONE',  ( 21.29999999999999005, 1.399999999999999911, 8.250000000000000000 ) ) ;
#4877 = EDGE_CURVE ( 'NONE', #1891, #4553, #3449, .T. ) ;
#4878 = VECTOR ( 'NONE', #768, 1000.000000000000000 ) ;
#4879 = DIRECTION ( 'NONE',  ( 0.000000000000000000, 0.000000000000000000, -1.000000000000000000 ) ) ;
#4880 = CARTESIAN_POINT ( 'NONE',  ( -18.50000000000025935, 13.00000000000000355, -23.49999999999981526 ) ) ;
#4881 = LINE ( 'NONE', #2433, #6170 ) ;
#4882 = ORIENTED_EDGE ( 'NONE', *, *, #676, .F. ) ;
#4883 = DIRECTION ( 'NONE',  ( 3.491481338843133355E-15, 0.000000000000000000, 1.000000000000000000 ) ) ;
#4884 = CARTESIAN_POINT ( 'NONE',  ( 23.29960934660788752, 6.246085611631633228, -23.29960934660789817 ) ) ;
#4885 = DIRECTION ( 'NONE',  ( 0.000000000000000000, -0.000000000000000000, 1.000000000000000000 ) ) ;
#4886 = CARTESIAN_POINT ( 'NONE',  ( -23.50000000000021316, 7.803650343936832101, -18.49999999999159073 ) ) ;
#4887 = DIRECTION ( 'NONE',  ( -0.000000000000000000, -0.000000000000000000, -1.000000000000000000 ) ) ;
#4888 = EDGE_LOOP ( 'NONE', ( #135, #1409 ) ) ;
#4889 = FACE_OUTER_BOUND ( 'NONE', #5831, .T. ) ;
#4890 = CARTESIAN_POINT ( 'NONE',  ( 12.69999999999999574, 1.399999999999999911, 8.100000000000001421 ) ) ;
#4891 = EDGE_CURVE ( 'NONE', #5315, #3678, #5473, .T. ) ;
#4892 = DIRECTION ( 'NONE',  ( 0.000000000000000000, 0.000000000000000000, -1.000000000000000000 ) ) ;
#4893 = FACE_OUTER_BOUND ( 'NONE', #2000, .T. ) ;
#4894 = ORIENTED_EDGE ( 'NONE', *, *, #4706, .T. ) ;
#4895 = AXIS2_PLACEMENT_3D ( 'NONE', #177, #5500, #5592 ) ;
#4896 = ORIENTED_EDGE ( 'NONE', *, *, #4418, .F. ) ;
#4897 = EDGE_LOOP ( 'NONE', ( #3927, #3585, #5857, #4536 ) ) ;
#4898 = CIRCLE ( 'NONE', #2112, 0.6999999999999992895 ) ;
#4899 = CARTESIAN_POINT ( 'NONE',  ( 0.000000000000000000, 0.000000000000000000, -10.34999999999999787 ) ) ;
#4900 = LINE ( 'NONE', #1593, #3737 ) ;
#4901 = DIRECTION ( 'NONE',  ( -0.000000000000000000, 1.000000000000000000, -0.000000000000000000 ) ) ;
#4902 = CIRCLE ( 'NONE', #2119, 0.6999999999999992895 ) ;
#4903 = VERTEX_POINT ( 'NONE', #479 ) ;
#4904 = EDGE_CURVE ( 'NONE', #5956, #8, #4476, .T. ) ;
#4905 = FACE_OUTER_BOUND ( 'NONE', #4959, .T. ) ;
#4906 = LINE ( 'NONE', #4934, #5863 ) ;
#4907 = LINE ( 'NONE', #6028, #2196 ) ;
#4908 = EDGE_CURVE ( 'NONE', #6108, #2061, #1967, .T. ) ;
#4909 = DIRECTION ( 'NONE',  ( -1.000000000000000000, 0.000000000000000000, 0.000000000000000000 ) ) ;
#4910 = ORIENTED_EDGE ( 'NONE', *, *, #1127, .F. ) ;
#4911 = DIRECTION ( 'NONE',  ( -0.000000000000000000, 1.000000000000000000, -0.000000000000000000 ) ) ;
#4912 = CARTESIAN_POINT ( 'NONE',  ( 21.83796581139390725, 3.479671977711250364, -21.83796581139392146 ) ) ;
#4913 = DIRECTION ( 'NONE',  ( 0.000000000000000000, 1.000000000000000000, 0.000000000000000000 ) ) ;
#4914 = CARTESIAN_POINT ( 'NONE',  ( -18.48716959523710912, 7.022034776462814598, -23.42301757142096363 ) ) ;
#4915 = EDGE_CURVE ( 'NONE', #2637, #3104, #2022, .T. ) ;
#4916 = CARTESIAN_POINT ( 'NONE',  ( -23.50000000000017053, 13.00000000000000355, -14.99999999999975486 ) ) ;
#4917 = VERTEX_POINT ( 'NONE', #3419 ) ;
#4918 = DIRECTION ( 'NONE',  ( 0.000000000000000000, 0.000000000000000000, 1.000000000000000000 ) ) ;
#4919 = DIRECTION ( 'NONE',  ( 0.000000000000000000, -0.000000000000000000, -1.000000000000000000 ) ) ;
#4920 = EDGE_CURVE ( 'NONE', #1702, #5610, #3477, .T. ) ;
#4921 = PLANE ( 'NONE',  #3813 ) ;
#4922 = LINE ( 'NONE', #5495, #3747 ) ;
#4923 = EDGE_LOOP ( 'NONE', ( #2835, #5552, #4775, #6088 ) ) ;
#4924 = ORIENTED_EDGE ( 'NONE', *, *, #1214, .F. ) ;
#4925 = CARTESIAN_POINT ( 'NONE',  ( -17.50000000000013145, 21.00000000000000355, -12.49999999999981704 ) ) ;
#4926 = FACE_BOUND ( 'NONE', #6131, .T. ) ;
#4927 = DIRECTION ( 'NONE',  ( -0.000000000000000000, 1.000000000000000000, 0.000000000000000000 ) ) ;
#4928 = CIRCLE ( 'NONE', #3586, 5.000000000000000888 ) ;
#4929 = ORIENTED_EDGE ( 'NONE', *, *, #3441, .F. ) ;
#4930 = CARTESIAN_POINT ( 'NONE',  ( -27.50000000000000355, 18.47106781186547053, -13.25000000000000000 ) ) ;
#4931 = ADVANCED_FACE ( 'NONE', ( #3385 ), #2058, .T. ) ;
#4932 = DIRECTION ( 'NONE',  ( 1.000000000000000000, 0.000000000000000000, -1.047444401652940007E-14 ) ) ;
#4933 = AXIS2_PLACEMENT_3D ( 'NONE', #4853, #6285, #1920 ) ;
#4934 = CARTESIAN_POINT ( 'NONE',  ( -26.00000000000000355, 18.47106781186547408, -13.25000000000000000 ) ) ;
#4935 = FACE_OUTER_BOUND ( 'NONE', #1613, .T. ) ;
#4936 = CARTESIAN_POINT ( 'NONE',  ( 13.90000000000001279, 0.000000000000000000, -1.250000000000000888 ) ) ;
#4937 = ORIENTED_EDGE ( 'NONE', *, *, #6086, .F. ) ;
#4938 = EDGE_CURVE ( 'NONE', #5146, #2907, #955, .T. ) ;
#4939 = CIRCLE ( 'NONE', #2779, 0.7999999999999986011 ) ;
#4940 = AXIS2_PLACEMENT_3D ( 'NONE', #3426, #3361, #3877 ) ;
#4941 = EDGE_CURVE ( 'NONE', #6268, #690, #1631, .T. ) ;
#4942 = ADVANCED_FACE ( 'NONE', ( #5897 ), #5381, .T. ) ;
#4943 = DIRECTION ( 'NONE',  ( -1.000000000000000000, 0.000000000000000000, 1.006627378688779886E-14 ) ) ;
#4944 = CARTESIAN_POINT ( 'NONE',  ( 17.50000000000006750, 13.00000000000000355, 14.99999999999995204 ) ) ;
#4945 = CARTESIAN_POINT ( 'NONE',  ( 12.50000000000006040, 19.00000000000000355, 17.49999999999995737 ) ) ;
#4946 = AXIS2_PLACEMENT_3D ( 'NONE', #1458, #1992, #2955 ) ;
#4947 = DIRECTION ( 'NONE',  ( 0.000000000000000000, -0.000000000000000000, 1.000000000000000000 ) ) ;
#4948 = LINE ( 'NONE', #1984, #1266 ) ;
#4949 = ORIENTED_EDGE ( 'NONE', *, *, #4788, .T. ) ;
#4950 = VECTOR ( 'NONE', #3296, 1000.000000000000000 ) ;
#4951 = CARTESIAN_POINT ( 'NONE',  ( -23.50000000000001066, 13.00000000000000355, 15.00000000000000178 ) ) ;
#4952 = DIRECTION ( 'NONE',  ( -1.000000000000000000, 0.000000000000000000, 0.000000000000000000 ) ) ;
#4953 = VECTOR ( 'NONE', #1356, 1000.000000000000000 ) ;
#4954 = ORIENTED_EDGE ( 'NONE', *, *, #4941, .F. ) ;
#4955 = EDGE_CURVE ( 'NONE', #23, #3350, #989, .T. ) ;
#4956 = FACE_OUTER_BOUND ( 'NONE', #2533, .T. ) ;
#4957 = CARTESIAN_POINT ( 'NONE',  ( -5.100000000000000533, 0.1000000000000000056, 7.750000000000007105 ) ) ;
#4958 = AXIS2_PLACEMENT_3D ( 'NONE', #6306, #423, #2399 ) ;
#4959 = EDGE_LOOP ( 'NONE', ( #3450, #2232, #1606, #3831 ) ) ;
#4960 = ORIENTED_EDGE ( 'NONE', *, *, #2416, .F. ) ;
#4961 = CARTESIAN_POINT ( 'NONE',  ( 27.50000000000007816, 19.00000000000000355, 22.49999999999990052 ) ) ;
#4962 = DIRECTION ( 'NONE',  ( 0.000000000000000000, 0.000000000000000000, -1.000000000000000000 ) ) ;
#4963 = CARTESIAN_POINT ( 'NONE',  ( 15.00000000000008704, 19.00000000000000355, 24.99999999999995026 ) ) ;
#4964 = AXIS2_PLACEMENT_3D ( 'NONE', #5218, #898, #6208 ) ;
#4965 = EDGE_CURVE ( 'NONE', #358, #2087, #4342, .T. ) ;
#4966 = ORIENTED_EDGE ( 'NONE', *, *, #803, .F. ) ;
#4967 = ORIENTED_EDGE ( 'NONE', *, *, #1632, .F. ) ;
#4968 = AXIS2_PLACEMENT_3D ( 'NONE', #5308, #4467, #2507 ) ;
#4969 = CARTESIAN_POINT ( 'NONE',  ( 20.00000000000000000, 2.000000000000000000, -19.99999999999998934 ) ) ;
#4970 = DIRECTION ( 'NONE',  ( 0.000000000000000000, 0.000000000000000000, -1.000000000000000000 ) ) ;
#4971 = AXIS2_PLACEMENT_3D ( 'NONE', #3137, #4012, #5464 ) ;
#4972 = PLANE ( 'NONE',  #2375 ) ;
#4973 = DIRECTION ( 'NONE',  ( -0.000000000000000000, 1.000000000000000000, -0.000000000000000000 ) ) ;
#4974 = DIRECTION ( 'NONE',  ( 0.000000000000000000, -1.000000000000000000, 0.000000000000000000 ) ) ;
#4975 = VERTEX_POINT ( 'NONE', #3930 ) ;
#4976 = CARTESIAN_POINT ( 'NONE',  ( 17.50000000000000711, 2.000000000000000000, -17.50000000000001421 ) ) ;
#4977 = CARTESIAN_POINT ( 'NONE',  ( -0.6999999999999956257, 22.35000000000000142, -23.25000000000000000 ) ) ;
#4978 = DIRECTION ( 'NONE',  ( -3.491481338843133355E-15, 0.000000000000000000, -1.000000000000000000 ) ) ;
#4979 = CARTESIAN_POINT ( 'NONE',  ( -18.44892610094893826, 6.066705997083121638, -23.19355660569143751 ) ) ;
#4980 = ORIENTED_EDGE ( 'NONE', *, *, #4877, .F. ) ;
#4981 = EDGE_LOOP ( 'NONE', ( #5227, #2188, #2060, #1530, #4215, #5041, #2785, #660 ) ) ;
#4982 = EDGE_LOOP ( 'NONE', ( #689, #3106, #1396, #5680, #5214, #5580, #1304, #4353 ) ) ;
#4983 = AXIS2_PLACEMENT_3D ( 'NONE', #2552, #1651, #5603 ) ;
#4984 = ORIENTED_EDGE ( 'NONE', *, *, #115, .T. ) ;
#4985 = CARTESIAN_POINT ( 'NONE',  ( -21.01471862576163474, 19.00000000000000355, -18.08578643762669458 ) ) ;
#4986 = CARTESIAN_POINT ( 'NONE',  ( -12.49999999999999822, 21.00000000000000355, 1.309305502066175071E-13 ) ) ;
#4987 = CYLINDRICAL_SURFACE ( 'NONE', #4946, 5.000000000000000888 ) ;
#4988 =( LENGTH_UNIT ( ) NAMED_UNIT ( * ) SI_UNIT ( .MILLI., .METRE. ) );
#4989 = ORIENTED_EDGE ( 'NONE', *, *, #5346, .F. ) ;
#4990 = ORIENTED_EDGE ( 'NONE', *, *, #2963, .F. ) ;
#4991 = CARTESIAN_POINT ( 'NONE',  ( 0.000000000000000000, 19.00000000000000355, 0.000000000000000000 ) ) ;
#4992 = CARTESIAN_POINT ( 'NONE',  ( 15.00000000000008349, 8.000000000000000000, 23.49999999999995737 ) ) ;
#4993 = PLANE ( 'NONE',  #1206 ) ;
#4994 = ORIENTED_EDGE ( 'NONE', *, *, #1385, .F. ) ;
#4995 = EDGE_LOOP ( 'NONE', ( #4104, #556, #4645, #4499 ) ) ;
#4996 = EDGE_CURVE ( 'NONE', #900, #5502, #1229, .T. ) ;
#4997 = CARTESIAN_POINT ( 'NONE',  ( -21.30000000000000426, 1.399999999999999911, -9.849999999999997868 ) ) ;
#4998 =( BOUNDED_SURFACE ( )  B_SPLINE_SURFACE ( 3, 2, ( 
 ( #4515, #132, #4036 ),
 ( #3069, #6002, #1595 ),
 ( #2136, #3554, #5515 ),
 ( #647, #1623, #3588 ),
 ( #5547, #1150, #3102 ),
 ( #5069, #4093, #5640 ),
 ( #4784, #840, #3229 ),
 ( #4816, #5191, #3332 ),
 ( #3783, #4328, #775 ),
 ( #326, #4301, #2713 ),
 ( #2267, #6243, #4679 ),
 ( #6214, #1349, #395 ),
 ( #5742, #2845, #1317 ),
 ( #1244, #2335, #6277 ),
 ( #4235, #1747, #1846 ),
 ( #2366, #3816, #5291 ),
 ( #3752, #2230, #3195 ),
 ( #6185, #810, #903 ),
 ( #4270, #425, #1883 ),
 ( #2749, #1816, #3295 ) ),
 .UNSPECIFIED., .F., .F., .F. ) 
 B_SPLINE_SURFACE_WITH_KNOTS ( ( 4, 2, 2, 2, 2, 2, 2, 2, 2, 4 ),
 ( 3, 3 ),
 ( 3.141592653589793116, 3.239767424014474262, 3.337942194439155408, 3.534291735288517255, 3.730641276137879103, 3.926990816987241395, 4.123340357836603687, 4.319689898685965090, 4.516039439535327382, 4.712388980384689674 ),
 ( 0.000000000000000000, 1.000000000000000000 ),
 .UNSPECIFIED. ) 
 GEOMETRIC_REPRESENTATION_ITEM ( )  RATIONAL_B_SPLINE_SURFACE ( (
 ( 1.000000000000000000, 0.7071067811865475727, 1.000000000000000000),
 ( 1.000000000000000000, 0.7071044350385069510, 1.000000000000000000),
 ( 1.000000000000000000, 0.7082489477862088378, 1.000000000000000000),
 ( 1.000000000000000000, 0.7127418050326717047, 1.000000000000000000),
 ( 1.000000000000000000, 0.7160917299643506650, 1.000000000000000000),
 ( 1.000000000000000000, 0.7291288848862734762, 1.000000000000000000),
 ( 1.000000000000000000, 0.7418334301983742218, 1.000000000000000000),
 ( 1.000000000000000000, 0.7723968094988293842, 1.000000000000000000),
 ( 1.000000000000000000, 0.7902180193271551856, 1.000000000000000000),
 ( 1.000000000000000000, 0.8275942589161857654, 1.000000000000000000),
 ( 1.000000000000000000, 0.8471316681044561703, 1.000000000000000000),
 ( 1.000000000000000000, 0.8849191394644219111, 1.000000000000000000),
 ( 1.000000000000000000, 0.9031651044137840589, 1.000000000000000000),
 ( 1.000000000000000000, 0.9360421792726099088, 1.000000000000000000),
 ( 1.000000000000000000, 0.9506740383552256812, 1.000000000000000000),
 ( 1.000000000000000000, 0.9747108014070867688, 1.000000000000000000),
 ( 1.000000000000000000, 0.9841171518560534182, 1.000000000000000000),
 ( 1.000000000000000000, 0.9967613230916869682, 1.000000000000000000),
 ( 1.000000000000000000, 1.000009747438936669, 1.000000000000000000),
 ( 1.000000000000000000, 1.000000000000000000, 1.000000000000000000) ) ) 
 REPRESENTATION_ITEM ( '' )  SURFACE ( )  );
#4999 = CARTESIAN_POINT ( 'NONE',  ( 23.50000000000007816, 8.000000000000000000, 18.49999999999992895 ) ) ;
#5000 = CIRCLE ( 'NONE', #3768, 5.000000000000000888 ) ;
#5001 = CARTESIAN_POINT ( 'NONE',  ( -23.49999999815067042, 7.639984025277327007, 23.49999999815067753 ) ) ;
#5002 = CARTESIAN_POINT ( 'NONE',  ( -22.50000000000000000, 21.00000000000000355, 12.49999999999999822 ) ) ;
#5003 = ORIENTED_EDGE ( 'NONE', *, *, #2509, .F. ) ;
#5004 = AXIS2_PLACEMENT_3D ( 'NONE', #1112, #4970, #3453 ) ;
#5005 = EDGE_CURVE ( 'NONE', #5628, #443, #759, .T. ) ;
#5006 = CARTESIAN_POINT ( 'NONE',  ( 21.46496053433763151, 3.479679160099053092, -18.16082675572293326 ) ) ;
#5007 = CARTESIAN_POINT ( 'NONE',  ( 18.50000000000007461, 2.000000000000000000, 17.49999999999994671 ) ) ;
#5008 = DIRECTION ( 'NONE',  ( -1.000000000000000000, 0.000000000000000000, 0.000000000000000000 ) ) ;
#5009 = ORIENTED_EDGE ( 'NONE', *, *, #5055, .F. ) ;
#5010 = ORIENTED_EDGE ( 'NONE', *, *, #1377, .T. ) ;
#5011 = CARTESIAN_POINT ( 'NONE',  ( -23.50000000000001066, 13.00000000000000355, 18.50000000000001066 ) ) ;
#5012 = ORIENTED_EDGE ( 'NONE', *, *, #2226, .T. ) ;
#5013 = CYLINDRICAL_SURFACE ( 'NONE', #492, 6.000000000000000000 ) ;
#5014 = CARTESIAN_POINT ( 'NONE',  ( -17.50000000000000000, 21.00000000000000355, 22.50000000000000000 ) ) ;
#5015 = EDGE_CURVE ( 'NONE', #2601, #2669, #1734, .T. ) ;
#5016 = CARTESIAN_POINT ( 'NONE',  ( -18.16082675572292260, 17.52032083990101086, 21.46496053433757112 ) ) ;
#5017 = ORIENTED_EDGE ( 'NONE', *, *, #137, .T. ) ;
#5018 = AXIS2_PLACEMENT_3D ( 'NONE', #3914, #1981, #3976 ) ;
#5019 = EDGE_LOOP ( 'NONE', ( #4573, #3598, #5881, #1925 ) ) ;
#5020 = FACE_OUTER_BOUND ( 'NONE', #6119, .T. ) ;
#5021 = LINE ( 'NONE', #2090, #1978 ) ;
#5022 = DIRECTION ( 'NONE',  ( 0.000000000000000000, 0.000000000000000000, -1.000000000000000000 ) ) ;
#5023 = ORIENTED_EDGE ( 'NONE', *, *, #3714, .T. ) ;
#5024 = ORIENTED_EDGE ( 'NONE', *, *, #1168, .F. ) ;
#5025 = CARTESIAN_POINT ( 'NONE',  ( 27.50000000000000355, 1.399999999999999911, -15.25000000000000000 ) ) ;
#5026 = LINE ( 'NONE', #4598, #4446 ) ;
#5027 = AXIS2_PLACEMENT_3D ( 'NONE', #517, #3943, #2917 ) ;
#5028 = CARTESIAN_POINT ( 'NONE',  ( 5.100000000000000533, 0.000000000000000000, 9.250000000000005329 ) ) ;
#5029 = LINE ( 'NONE', #187, #2055 ) ;
#5030 = CARTESIAN_POINT ( 'NONE',  ( -17.50000000000017053, 2.000000000000000000, -14.99999999999983125 ) ) ;
#5031 = AXIS2_PLACEMENT_3D ( 'NONE', #5084, #5111, #2605 ) ;
#5032 = ORIENTED_EDGE ( 'NONE', *, *, #4663, .F. ) ;
#5033 = AXIS2_PLACEMENT_3D ( 'NONE', #2993, #477, #5951 ) ;
#5034 = EDGE_CURVE ( 'NONE', #4293, #6329, #3387, .T. ) ;
#5035 = DIRECTION ( 'NONE',  ( -1.000000000000000000, 0.000000000000000000, 0.000000000000000000 ) ) ;
#5036 = DIRECTION ( 'NONE',  ( 0.000000000000000000, -0.000000000000000000, 1.000000000000000000 ) ) ;
#5037 = DIRECTION ( 'NONE',  ( 1.000000000000000000, -3.154042683594194381E-17, 3.154042683594194997E-17 ) ) ;
#5038 = VECTOR ( 'NONE', #3036, 1000.000000000000000 ) ;
#5039 = ORIENTED_EDGE ( 'NONE', *, *, #4848, .T. ) ;
#5040 = VECTOR ( 'NONE', #3996, 1000.000000000000000 ) ;
#5041 = ORIENTED_EDGE ( 'NONE', *, *, #2461, .T. ) ;
#5042 = CARTESIAN_POINT ( 'NONE',  ( -22.50000000000013145, 19.00000000000000355, -12.49999999999976552 ) ) ;
#5043 = DIRECTION ( 'NONE',  ( 0.000000000000000000, 0.000000000000000000, -1.000000000000000000 ) ) ;
#5044 = VECTOR ( 'NONE', #5609, 1000.000000000000000 ) ;
#5045 = AXIS2_PLACEMENT_3D ( 'NONE', #4282, #376, #371 ) ;
#5046 = CARTESIAN_POINT ( 'NONE',  ( -18.25338680665018387, 16.96496053433759243, 22.02032083990100020 ) ) ;
#5047 = EDGE_CURVE ( 'NONE', #5560, #4733, #2248, .T. ) ;
#5048 = ORIENTED_EDGE ( 'NONE', *, *, #493, .T. ) ;
#5049 = AXIS2_PLACEMENT_3D ( 'NONE', #3784, #5743, #327 ) ;
#5050 = AXIS2_PLACEMENT_3D ( 'NONE', #338, #822, #3274 ) ;
#5051 = ORIENTED_EDGE ( 'NONE', *, *, #1385, .T. ) ;
#5052 = LINE ( 'NONE', #2543, #5321 ) ;
#5053 = CARTESIAN_POINT ( 'NONE',  ( 8.300000000000002487, 15.75000000000002132, -23.25000000000000000 ) ) ;
#5054 = FACE_OUTER_BOUND ( 'NONE', #4457, .T. ) ;
#5055 = EDGE_CURVE ( 'NONE', #1952, #5375, #2184, .T. ) ;
#5056 = ORIENTED_EDGE ( 'NONE', *, *, #2665, .F. ) ;
#5057 = EDGE_CURVE ( 'NONE', #713, #5907, #526, .T. ) ;
#5058 = EDGE_LOOP ( 'NONE', ( #2505, #5344 ) ) ;
#5059 = EDGE_LOOP ( 'NONE', ( #4924, #6079, #2422, #3591 ) ) ;
#5060 = AXIS2_PLACEMENT_3D ( 'NONE', #4506, #2003, #606 ) ;
#5061 = CARTESIAN_POINT ( 'NONE',  ( 17.75928256305606112, 18.80809989862353504, 19.05569537833581251 ) ) ;
#5062 = CYLINDRICAL_SURFACE ( 'NONE', #6281, 0.6999999999999992895 ) ;
#5063 = CARTESIAN_POINT ( 'NONE',  ( 22.50000000000000355, 0.000000000000000000, 13.25000000000000533 ) ) ;
#5064 = DIRECTION ( 'NONE',  ( 1.000000000000000000, 0.000000000000000000, 0.000000000000000000 ) ) ;
#5065 = DIRECTION ( 'NONE',  ( -1.000000000000000000, 0.000000000000000000, 0.000000000000000000 ) ) ;
#5066 = ORIENTED_EDGE ( 'NONE', *, *, #5929, .T. ) ;
#5067 = AXIS2_PLACEMENT_3D ( 'NONE', #4100, #1190, #170 ) ;
#5068 = CYLINDRICAL_SURFACE ( 'NONE', #5874, 0.7999999999999986011 ) ;
#5069 = CARTESIAN_POINT ( 'NONE',  ( 18.46801665073608589, 6.444304650784069999, 23.30809990441578705 ) ) ;
#5070 = ADVANCED_FACE ( 'NONE', ( #5054 ), #5563, .F. ) ;
#5071 = DIRECTION ( 'NONE',  ( -2.312964634635743450E-15, 0.000000000000000000, -1.000000000000000000 ) ) ;
#5072 = ORIENTED_EDGE ( 'NONE', *, *, #1528, .T. ) ;
#5073 = VERTEX_POINT ( 'NONE', #4146 ) ;
#5074 = CARTESIAN_POINT ( 'NONE',  ( 23.50000000000007816, 8.000000000000000000, 18.49999999999992895 ) ) ;
#5075 = LINE ( 'NONE', #2597, #3424 ) ;
#5076 = CARTESIAN_POINT ( 'NONE',  ( -18.29510763021250241, 16.65993870974526558, 22.27064578127485106 ) ) ;
#5077 = APPLICATION_PROTOCOL_DEFINITION ( 'draft international standard', 'automotive_design', 1998, #6160 ) ;
#5078 = AXIS2_PLACEMENT_3D ( 'NONE', #4510, #2643, #1088 ) ;
#5079 = ORIENTED_EDGE ( 'NONE', *, *, #197, .T. ) ;
#5080 = ORIENTED_EDGE ( 'NONE', *, *, #3699, .F. ) ;
#5081 = ADVANCED_FACE ( 'NONE', ( #244 ), #664, .F. ) ;
#5082 = DIRECTION ( 'NONE',  ( -1.000000000000000000, -0.000000000000000000, 0.000000000000000000 ) ) ;
#5083 = FACE_OUTER_BOUND ( 'NONE', #89, .T. ) ;
#5084 = CARTESIAN_POINT ( 'NONE',  ( 23.50000000000001421, 19.00000000000000355, -8.204981146281369065E-14 ) ) ;
#5085 = ORIENTED_EDGE ( 'NONE', *, *, #1436, .F. ) ;
#5086 = ORIENTED_EDGE ( 'NONE', *, *, #4142, .T. ) ;
#5087 = ORIENTED_EDGE ( 'NONE', *, *, #4586, .F. ) ;
#5088 = CARTESIAN_POINT ( 'NONE',  ( 18.00115067951365688, 18.20698957264240292, 20.50690407708120944 ) ) ;
#5089 = DIRECTION ( 'NONE',  ( -2.775557561562892337E-16, 0.000000000000000000, -1.000000000000000000 ) ) ;
#5090 = PLANE ( 'NONE',  #808 ) ;
#5091 = CARTESIAN_POINT ( 'NONE',  ( -17.82221566379920574, 2.306443385973715898, 19.43329398279523446 ) ) ;
#5092 = DIRECTION ( 'NONE',  ( 0.000000000000000000, 0.000000000000000000, -1.000000000000000000 ) ) ;
#5093 = ADVANCED_FACE ( 'NONE', ( #6076 ), #5626, .F. ) ;
#5094 = ORIENTED_EDGE ( 'NONE', *, *, #3992, .T. ) ;
#5095 = AXIS2_PLACEMENT_3D ( 'NONE', #4134, #1216, #3687 ) ;
#5096 = CARTESIAN_POINT ( 'NONE',  ( 20.50690407708134089, 2.793010427357646375, -18.00115067951344727 ) ) ;
#5097 = CARTESIAN_POINT ( 'NONE',  ( -12.69999999999999396, 1.399999999999999911, -8.100000000000012079 ) ) ;
#5098 = AXIS2_PLACEMENT_3D ( 'NONE', #3735, #5210, #4728 ) ;
#5099 = CARTESIAN_POINT ( 'NONE',  ( -18.50000000000020606, 13.00000000000000355, -18.49999999999981526 ) ) ;
#5100 = ORIENTED_EDGE ( 'NONE', *, *, #2725, .T. ) ;
#5101 = VECTOR ( 'NONE', #4716, 1000.000000000000000 ) ;
#5102 = EDGE_LOOP ( 'NONE', ( #202, #2305, #3651, #831 ) ) ;
#5103 = DIRECTION ( 'NONE',  ( -3.491481338843132961E-15, 0.000000000000000000, -1.000000000000000000 ) ) ;
#5104 = CARTESIAN_POINT ( 'NONE',  ( -16.29999999999999716, 15.75000000000000000, -23.25000000000000000 ) ) ;
#5105 = CARTESIAN_POINT ( 'NONE',  ( -18.10998978652563451, 17.77064577498814657, 21.15993871915397406 ) ) ;
#5106 = EDGE_LOOP ( 'NONE', ( #4589, #1198, #1903, #5254 ) ) ;
#5107 = EDGE_LOOP ( 'NONE', ( #1995, #4625, #1644, #2698, #5698, #3896, #6197 ) ) ;
#5108 = VERTEX_POINT ( 'NONE', #1582 ) ;
#5109 = LINE ( 'NONE', #210, #2338 ) ;
#5110 = DIRECTION ( 'NONE',  ( 1.000000000000000000, 0.000000000000000000, 0.000000000000000000 ) ) ;
#5111 = DIRECTION ( 'NONE',  ( 1.000000000000000000, 0.000000000000000000, -3.491481338843132961E-15 ) ) ;
#5112 = EDGE_CURVE ( 'NONE', #4184, #3266, #3375, .T. ) ;
#5113 = ORIENTED_EDGE ( 'NONE', *, *, #1700, .T. ) ;
#5114 = EDGE_LOOP ( 'NONE', ( #777, #6094, #2187, #110 ) ) ;
#5115 = VERTEX_POINT ( 'NONE', #3543 ) ;
#5116 = ORIENTED_EDGE ( 'NONE', *, *, #705, .F. ) ;
#5117 = CARTESIAN_POINT ( 'NONE',  ( -4.749999999999999112, 1.399999999999999911, -9.249999999999998224 ) ) ;
#5118 = DIRECTION ( 'NONE',  ( -0.000000000000000000, 1.000000000000000000, -0.000000000000000000 ) ) ;
#5119 = CYLINDRICAL_SURFACE ( 'NONE', #5611, 5.000000000000000888 ) ;
#5120 = DIRECTION ( 'NONE',  ( -1.000000000000000000, 0.000000000000000000, 0.000000000000000000 ) ) ;
#5121 = EDGE_LOOP ( 'NONE', ( #6280, #1625, #742, #4377 ) ) ;
#5122 = ADVANCED_FACE ( 'NONE', ( #1135 ), #2151, .F. ) ;
#5123 = CARTESIAN_POINT ( 'NONE',  ( -2.365574339918632961E-13, 19.00000000000000355, -23.50000000000000355 ) ) ;
#5124 = AXIS2_PLACEMENT_3D ( 'NONE', #1478, #4368, #5296 ) ;
#5125 = DIRECTION ( 'NONE',  ( 1.000000000000000000, 0.000000000000000000, -1.006627378688779886E-14 ) ) ;
#5126 = CARTESIAN_POINT ( 'NONE',  ( 25.00000000000005329, 19.00000000000000355, 14.99999999999991118 ) ) ;
#5127 = CARTESIAN_POINT ( 'NONE',  ( -13.90000000000001279, 0.000000000000000000, -1.250000000000000888 ) ) ;
#5128 = EDGE_CURVE ( 'NONE', #2279, #1075, #3055, .T. ) ;
#5129 = ORIENTED_EDGE ( 'NONE', *, *, #2557, .T. ) ;
#5130 = ADVANCED_FACE ( 'NONE', ( #4052 ), #3574, .F. ) ;
#5131 = EDGE_CURVE ( 'NONE', #248, #1718, #1001, .T. ) ;
#5132 = EDGE_LOOP ( 'NONE', ( #1405, #4173, #2421, #4585 ) ) ;
#5133 = CYLINDRICAL_SURFACE ( 'NONE', #4694, 5.000000000000000888 ) ;
#5134 = DIRECTION ( 'NONE',  ( -0.000000000000000000, -1.000000000000000000, -0.000000000000000000 ) ) ;
#5135 = AXIS2_PLACEMENT_3D ( 'NONE', #3726, #2240, #2823 ) ;
#5136 = CARTESIAN_POINT ( 'NONE',  ( -18.42791506256990530, 18.96572303686085803, 18.42791506256991951 ) ) ;
#5137 = EDGE_LOOP ( 'NONE', ( #1689, #1403 ) ) ;
#5138 = DIRECTION ( 'NONE',  ( 0.000000000000000000, 1.000000000000000000, 0.000000000000000000 ) ) ;
#5139 = VERTEX_POINT ( 'NONE', #693 ) ;
#5140 = CIRCLE ( 'NONE', #3189, 5.000000000000000000 ) ;
#5141 = FACE_BOUND ( 'NONE', #384, .T. ) ;
#5142 = CYLINDRICAL_SURFACE ( 'NONE', #1777, 0.6999999999999992895 ) ;
#5143 = CARTESIAN_POINT ( 'NONE',  ( -4.000000000000000000, 1.399999999999999911, 9.250000000000005329 ) ) ;
#5144 = ADVANCED_FACE ( 'NONE', ( #2635 ), #4592, .F. ) ;
#5145 = VECTOR ( 'NONE', #5971, 1000.000000000000000 ) ;
#5146 = VERTEX_POINT ( 'NONE', #4179 ) ;
#5147 = CLOSED_SHELL ( 'NONE', ( #5292, #220, #2183, #3582, #3288, #3164, #5253, #5551, #417, #2981, #2575, #5414, #2968, #3974, #5329, #1498, #368, #844, #1450, #4715, #4086, #5773, #2766, #4110, #2496, #6189, #3224, #455, #4212, #5152, #592, #2179, #5122, #5144, #5070, #3712, #4639, #4190, #1050, #5688, #3983, #3342, #5958, #4461, #1643, #939, #4241, #6019, #5524, #5446, #4111, #1708, #3, #984, #507, #3955, #4611, #2804, #2390, #1404, #3522, #1301, #5186, #5955, #5501, #5206, #3048, #1208, #1148, #975, #5335, #1462, #5807, #3457, #1018, #1692 ) ) ;
#5148 = ORIENTED_EDGE ( 'NONE', *, *, #3567, .F. ) ;
#5149 = ORIENTED_EDGE ( 'NONE', *, *, #109, .F. ) ;
#5150 = DIRECTION ( 'NONE',  ( 0.000000000000000000, -1.000000000000000000, 0.000000000000000000 ) ) ;
#5151 = DIRECTION ( 'NONE',  ( 3.083311109201532150E-15, -0.000000000000000000, 1.000000000000000000 ) ) ;
#5152 = ADVANCED_FACE ( 'NONE', ( #2763 ), #3313, .F. ) ;
#5153 = LINE ( 'NONE', #5063, #5718 ) ;
#5154 = VECTOR ( 'NONE', #3362, 1000.000000000000000 ) ;
#5155 = CARTESIAN_POINT ( 'NONE',  ( 4.000000000000000888, 0.000000000000000000, 6.650000000000005684 ) ) ;
#5156 = ORIENTED_EDGE ( 'NONE', *, *, #2963, .T. ) ;
#5157 = AXIS2_PLACEMENT_3D ( 'NONE', #1484, #3404, #5367 ) ;
#5158 = AXIS2_PLACEMENT_3D ( 'NONE', #4969, #5959, #3964 ) ;
#5159 = FACE_OUTER_BOUND ( 'NONE', #6235, .T. ) ;
#5160 = LINE ( 'NONE', #3716, #4180 ) ;
#5161 = CARTESIAN_POINT ( 'NONE',  ( 22.50000000000004263, 21.00000000000000355, 12.49999999999992184 ) ) ;
#5162 = ORIENTED_EDGE ( 'NONE', *, *, #4405, .T. ) ;
#5163 = ORIENTED_EDGE ( 'NONE', *, *, #4572, .T. ) ;
#5164 = CARTESIAN_POINT ( 'NONE',  ( -23.50000000000001066, 13.00000000000000355, 18.50000000000001066 ) ) ;
#5165 = CARTESIAN_POINT ( 'NONE',  ( 14.90000000000000213, 15.75000000000003553, -23.25000000000000000 ) ) ;
#5166 = DIRECTION ( 'NONE',  ( -0.000000000000000000, 1.000000000000000000, -0.000000000000000000 ) ) ;
#5167 = AXIS2_PLACEMENT_3D ( 'NONE', #332, #6151, #5647 ) ;
#5168 = CYLINDRICAL_SURFACE ( 'NONE', #5970, 5.000000000000000000 ) ;
#5169 = ORIENTED_EDGE ( 'NONE', *, *, #2576, .F. ) ;
#5170 = DIRECTION ( 'NONE',  ( 1.000000000000000000, 0.000000000000000000, 0.000000000000000000 ) ) ;
#5171 = DIRECTION ( 'NONE',  ( -1.000000000000000000, 0.000000000000000000, -4.081702296416010080E-16 ) ) ;
#5172 = ORIENTED_EDGE ( 'NONE', *, *, #3639, .F. ) ;
#5173 = FACE_BOUND ( 'NONE', #2547, .T. ) ;
#5174 = CARTESIAN_POINT ( 'NONE',  ( 17.75928256305599362, 18.80809989862352438, -19.05569537833591909 ) ) ;
#5175 = CARTESIAN_POINT ( 'NONE',  ( 5.849999999999999645, 0.000000000000000000, -6.150000000000003020 ) ) ;
#5176 = EDGE_CURVE ( 'NONE', #3350, #3590, #5305, .T. ) ;
#5177 = ORIENTED_EDGE ( 'NONE', *, *, #3519, .F. ) ;
#5178 = ORIENTED_EDGE ( 'NONE', *, *, #1186, .T. ) ;
#5179 = AXIS2_PLACEMENT_3D ( 'NONE', #254, #357, #1932 ) ;
#5180 = EDGE_LOOP ( 'NONE', ( #62, #4150, #168, #4547 ) ) ;
#5181 = FACE_OUTER_BOUND ( 'NONE', #83, .T. ) ;
#5182 = CYLINDRICAL_SURFACE ( 'NONE', #2696, 0.6999999999999992895 ) ;
#5183 = CARTESIAN_POINT ( 'NONE',  ( -21.19346694644583806, 18.06882508381134755, -21.19346694644525186 ) ) ;
#5184 = AXIS2_PLACEMENT_3D ( 'NONE', #3982, #687, #4075 ) ;
#5185 = CARTESIAN_POINT ( 'NONE',  ( -27.50000000000000355, 0.000000000000000000, 8.250000000000003553 ) ) ;
#5186 = ADVANCED_FACE ( 'NONE', ( #4769 ), #5694, .F. ) ;
#5187 = VERTEX_POINT ( 'NONE', #5309 ) ;
#5188 = CARTESIAN_POINT ( 'NONE',  ( 15.00000000000005507, 2.000000000000000000, -3.469446951953648268E-14 ) ) ;
#5189 = ADVANCED_FACE ( 'NONE', ( #5240 ), #827, .F. ) ;
#5190 = LINE ( 'NONE', #5224, #1869 ) ;
#5191 = CARTESIAN_POINT ( 'NONE',  ( 22.16213375776629846, 3.835130775278130955, 22.16213375776612793 ) ) ;
#5192 = DIRECTION ( 'NONE',  ( -0.000000000000000000, -0.000000000000000000, 1.000000000000000000 ) ) ;
#5193 = VERTEX_POINT ( 'NONE', #5757 ) ;
#5194 = VERTEX_POINT ( 'NONE', #2352 ) ;
#5195 = VECTOR ( 'NONE', #3592, 1000.000000000000000 ) ;
#5196 = ORIENTED_EDGE ( 'NONE', *, *, #5015, .F. ) ;
#5197 = CARTESIAN_POINT ( 'NONE',  ( -13.90000000000001279, -1.000000000000000000, -1.250000000000000888 ) ) ;
#5198 = CYLINDRICAL_SURFACE ( 'NONE', #2876, 6.000000000000000000 ) ;
#5199 = CARTESIAN_POINT ( 'NONE',  ( 8.706668960218365971E-14, 19.00000000000000355, 15.00000000000005507 ) ) ;
#5200 = CARTESIAN_POINT ( 'NONE',  ( 22.02032083990072309, 16.96496053433793705, 18.25338680665010571 ) ) ;
#5201 = VECTOR ( 'NONE', #3061, 1000.000000000000000 ) ;
#5202 = CARTESIAN_POINT ( 'NONE',  ( -18.50000000000001066, 12.99999999999999289, 23.50000000000001776 ) ) ;
#5203 = ADVANCED_BREP_SHAPE_REPRESENTATION ( '', ( #2059, #6307 ), #2716 ) ;
#5204 = ORIENTED_EDGE ( 'NONE', *, *, #4375, .T. ) ;
#5205 = DIRECTION ( 'NONE',  ( -1.278740865116515653E-14, 0.000000000000000000, -1.000000000000000000 ) ) ;
#5206 = ADVANCED_FACE ( 'NONE', ( #345 ), #1732, .F. ) ;
#5207 = ORIENTED_EDGE ( 'NONE', *, *, #4045, .F. ) ;
#5208 = FACE_BOUND ( 'NONE', #6234, .T. ) ;
#5209 = CARTESIAN_POINT ( 'NONE',  ( 18.28538848585763077, 18.96132346621524434, -17.63089808097628719 ) ) ;
#5210 = DIRECTION ( 'NONE',  ( -0.000000000000000000, -0.000000000000000000, 1.000000000000000000 ) ) ;
#5211 = CARTESIAN_POINT ( 'NONE',  ( 3.800000000000003375, 15.75000000000000000, -15.25000000000000000 ) ) ;
#5212 = ORIENTED_EDGE ( 'NONE', *, *, #2306, .F. ) ;
#5213 = VECTOR ( 'NONE', #5530, 1000.000000000000000 ) ;
#5214 = ORIENTED_EDGE ( 'NONE', *, *, #1214, .T. ) ;
#5215 = EDGE_CURVE ( 'NONE', #5907, #5187, #5276, .T. ) ;
#5216 = ORIENTED_EDGE ( 'NONE', *, *, #4193, .F. ) ;
#5217 = DIRECTION ( 'NONE',  ( 3.491481338843133355E-15, 0.000000000000000000, 1.000000000000000000 ) ) ;
#5218 = CARTESIAN_POINT ( 'NONE',  ( 8.706668960218365971E-14, 19.00000000000000355, 15.00000000000005507 ) ) ;
#5219 = CARTESIAN_POINT ( 'NONE',  ( -17.50000000000020250, 19.00000000000000355, -17.49999999999982592 ) ) ;
#5220 = CARTESIAN_POINT ( 'NONE',  ( -27.50000000000000355, 23.39999999999999858, -15.25000000000000000 ) ) ;
#5221 = EDGE_LOOP ( 'NONE', ( #5100, #3080 ) ) ;
#5222 = DIRECTION ( 'NONE',  ( 1.000000000000000000, 0.000000000000000000, -2.081668171172167774E-16 ) ) ;
#5223 = AXIS2_PLACEMENT_3D ( 'NONE', #2344, #2374, #4338 ) ;
#5224 = CARTESIAN_POINT ( 'NONE',  ( -17.50000000000020961, 19.00000000000000355, -18.49999999999982592 ) ) ;
#5225 = LINE ( 'NONE', #4198, #3880 ) ;
#5226 = DIRECTION ( 'NONE',  ( 0.000000000000000000, -0.000000000000000000, 1.000000000000000000 ) ) ;
#5227 = ORIENTED_EDGE ( 'NONE', *, *, #3330, .T. ) ;
#5228 = LINE ( 'NONE', #5197, #3047 ) ;
#5229 = DIRECTION ( 'NONE',  ( -0.000000000000000000, -1.000000000000000000, -0.000000000000000000 ) ) ;
#5230 = VECTOR ( 'NONE', #3852, 1000.000000000000000 ) ;
#5231 = EDGE_CURVE ( 'NONE', #3866, #5956, #3853, .T. ) ;
#5232 = LINE ( 'NONE', #4276, #4953 ) ;
#5233 = CARTESIAN_POINT ( 'NONE',  ( 22.75625254439643186, 16.25818934172517771, 22.75625254439650647 ) ) ;
#5234 = CARTESIAN_POINT ( 'NONE',  ( -18.48716959523686043, 13.97796522353717918, 23.42301757142117324 ) ) ;
#5235 = ORIENTED_EDGE ( 'NONE', *, *, #330, .T. ) ;
#5236 = CARTESIAN_POINT ( 'NONE',  ( -2.687999943171422931E-13, 19.00000000000000355, -25.00000000000000355 ) ) ;
#5237 = ORIENTED_EDGE ( 'NONE', *, *, #3072, .F. ) ;
#5238 = PLANE ( 'NONE',  #6115 ) ;
#5239 = CARTESIAN_POINT ( 'NONE',  ( 18.39883296407390745, 15.65890718546407001, -22.89299778444388522 ) ) ;
#5240 = FACE_OUTER_BOUND ( 'NONE', #6255, .T. ) ;
#5241 = AXIS2_PLACEMENT_3D ( 'NONE', #2481, #4386, #4373 ) ;
#5242 = CARTESIAN_POINT ( 'NONE',  ( -5.850000000000001421, 0.1000000000000000056, -6.150000000000004796 ) ) ;
#5243 = ORIENTED_EDGE ( 'NONE', *, *, #4181, .F. ) ;
#5244 = EDGE_LOOP ( 'NONE', ( #618, #4113, #2405, #797 ) ) ;
#5245 = AXIS2_PLACEMENT_3D ( 'NONE', #2896, #2538, #3442 ) ;
#5246 = EDGE_CURVE ( 'NONE', #6262, #3351, #5819, .T. ) ;
#5247 = ORIENTED_EDGE ( 'NONE', *, *, #786, .T. ) ;
#5248 = FACE_BOUND ( 'NONE', #5106, .T. ) ;
#5249 = DIRECTION ( 'NONE',  ( -0.000000000000000000, 1.000000000000000000, -0.000000000000000000 ) ) ;
#5250 = CARTESIAN_POINT ( 'NONE',  ( -23.49999999815092622, 13.36001597472265878, -23.49999999815042884 ) ) ;
#5251 = VECTOR ( 'NONE', #884, 1000.000000000000000 ) ;
#5252 = VECTOR ( 'NONE', #5170, 1000.000000000000000 ) ;
#5253 = ADVANCED_FACE ( 'NONE', ( #6258 ), #3247, .F. ) ;
#5254 = ORIENTED_EDGE ( 'NONE', *, *, #4236, .F. ) ;
#5255 = AXIS2_PLACEMENT_3D ( 'NONE', #3209, #4141, #4692 ) ;
#5256 = DIRECTION ( 'NONE',  ( -0.000000000000000000, -1.000000000000000000, 0.000000000000000000 ) ) ;
#5257 = VECTOR ( 'NONE', #5258, 1000.000000000000000 ) ;
#5258 = DIRECTION ( 'NONE',  ( -1.000000000000000000, 0.000000000000000000, 3.491481338843133355E-15 ) ) ;
#5259 = CARTESIAN_POINT ( 'NONE',  ( -4.750000000000000888, 0.1000000000000000056, -5.050000000000003375 ) ) ;
#5260 = AXIS2_PLACEMENT_3D ( 'NONE', #3846, #1910, #5222 ) ;
#5261 = LINE ( 'NONE', #2971, #3301 ) ;
#5262 = ORIENTED_EDGE ( 'NONE', *, *, #4272, .F. ) ;
#5263 = VECTOR ( 'NONE', #3389, 1000.000000000000000 ) ;
#5264 = CARTESIAN_POINT ( 'NONE',  ( -11.49999999999999822, -1.000000000000000000, 6.500000000000000000 ) ) ;
#5265 = LINE ( 'NONE', #400, #3629 ) ;
#5266 = EDGE_CURVE ( 'NONE', #5761, #2201, #5728, .T. ) ;
#5267 = CARTESIAN_POINT ( 'NONE',  ( 27.50000000000007816, 21.00000000000000355, 22.49999999999990052 ) ) ;
#5268 = CARTESIAN_POINT ( 'NONE',  ( 23.42301757142123719, 13.97796522353716675, 18.48716959523677872 ) ) ;
#5269 = PLANE ( 'NONE',  #1254 ) ;
#5270 = VECTOR ( 'NONE', #1226, 1000.000000000000000 ) ;
#5271 = EDGE_CURVE ( 'NONE', #713, #5279, #6167, .T. ) ;
#5272 = CARTESIAN_POINT ( 'NONE',  ( 11.50000000000000178, 0.000000000000000000, 6.500000000000000000 ) ) ;
#5273 = EDGE_LOOP ( 'NONE', ( #415, #5988, #3415, #2958 ) ) ;
#5274 = CARTESIAN_POINT ( 'NONE',  ( 17.50000000000000000, 19.00000000000000355, -12.49999999999999822 ) ) ;
#5275 = CARTESIAN_POINT ( 'NONE',  ( 19.16748811887341830, 18.87207477752336260, -19.16748811887311987 ) ) ;
#5276 = LINE ( 'NONE', #795, #5715 ) ;
#5277 = AXIS2_PLACEMENT_3D ( 'NONE', #3656, #6191, #2239 ) ;
#5278 = CARTESIAN_POINT ( 'NONE',  ( 18.50000000000001066, 19.00000000000000355, -17.50000000000001421 ) ) ;
#5279 = VERTEX_POINT ( 'NONE', #3698 ) ;
#5280 = ORIENTED_EDGE ( 'NONE', *, *, #481, .T. ) ;
#5281 = EDGE_LOOP ( 'NONE', ( #4361, #3079, #294, #1621 ) ) ;
#5282 = ORIENTED_EDGE ( 'NONE', *, *, #4469, .F. ) ;
#5283 = DIRECTION ( 'NONE',  ( -0.000000000000000000, 1.000000000000000000, -0.000000000000000000 ) ) ;
#5284 = DIRECTION ( 'NONE',  ( -0.000000000000000000, -0.000000000000000000, -1.000000000000000000 ) ) ;
#5285 = CARTESIAN_POINT ( 'NONE',  ( -18.46801665073624577, 14.55569534921597707, -23.30809990441565205 ) ) ;
#5286 = ORIENTED_EDGE ( 'NONE', *, *, #1280, .T. ) ;
#5287 = ADVANCED_BREP_SHAPE_REPRESENTATION ( '', ( #2030, #6307 ), #71 ) ;
#5288 = FACE_OUTER_BOUND ( 'NONE', #4981, .T. ) ;
#5289 = EDGE_CURVE ( 'NONE', #5998, #3437, #5659, .T. ) ;
#5290 = FACE_OUTER_BOUND ( 'NONE', #4203, .T. ) ;
#5291 = CARTESIAN_POINT ( 'NONE',  ( 19.43329398279608711, 2.306443385974037863, 17.82221566379929811 ) ) ;
#5292 = ADVANCED_FACE ( 'NONE', ( #4697 ), #1770, .F. ) ;
#5293 = CARTESIAN_POINT ( 'NONE',  ( 0.000000000000000000, 8.000000000000000000, -17.50000000000001421 ) ) ;
#5294 = EDGE_LOOP ( 'NONE', ( #4693, #3575, #5512, #4834 ) ) ;
#5295 = CARTESIAN_POINT ( 'NONE',  ( 11.50000000000000178, -1.000000000000000000, 6.500000000000000000 ) ) ;
#5296 = DIRECTION ( 'NONE',  ( 1.000000000000000000, 0.000000000000000000, 0.000000000000000000 ) ) ;
#5297 = CARTESIAN_POINT ( 'NONE',  ( 18.50000000000001066, 8.000000000000000000, -23.50000000000001776 ) ) ;
#5298 = CARTESIAN_POINT ( 'NONE',  ( 20.50690407708135510, 18.20698957264239581, 18.00115067951350412 ) ) ;
#5299 = AXIS2_PLACEMENT_3D ( 'NONE', #6045, #3603, #3147 ) ;
#5300 = CARTESIAN_POINT ( 'NONE',  ( -23.50000000000001066, 13.19634965606317145, 18.49999999999184297 ) ) ;
#5301 = ORIENTED_EDGE ( 'NONE', *, *, #5429, .T. ) ;
#5302 = VERTEX_POINT ( 'NONE', #4255 ) ;
#5303 = EDGE_CURVE ( 'NONE', #2081, #1460, #3970, .T. ) ;
#5304 = CARTESIAN_POINT ( 'NONE',  ( 14.99999999999999822, 19.00000000000000355, -25.00000000000000000 ) ) ;
#5305 = CIRCLE ( 'NONE', #2630, 6.000000000000001776 ) ;
#5306 = EDGE_LOOP ( 'NONE', ( #5010, #4803, #2638, #2957, #4595, #6159, #2702, #905 ) ) ;
#5307 = CARTESIAN_POINT ( 'NONE',  ( 12.69999999999999574, 0.000000000000000000, 0.000000000000000000 ) ) ;
#5308 = CARTESIAN_POINT ( 'NONE',  ( -13.39999999999999680, 15.75000000000000000, -13.24999999999999822 ) ) ;
#5309 = CARTESIAN_POINT ( 'NONE',  ( -11.89999999999999680, 15.75000000000000000, -13.24999999999999822 ) ) ;
#5310 = VECTOR ( 'NONE', #5885, 1000.000000000000000 ) ;
#5311 = CARTESIAN_POINT ( 'NONE',  ( -23.01889895879271108, 5.295899519633789687, 23.01889895879271819 ) ) ;
#5312 = ORIENTED_EDGE ( 'NONE', *, *, #2950, .F. ) ;
#5313 = EDGE_LOOP ( 'NONE', ( #5196, #2434, #5597, #5730 ) ) ;
#5314 = VECTOR ( 'NONE', #3336, 1000.000000000000000 ) ;
#5315 = VERTEX_POINT ( 'NONE', #3279 ) ;
#5316 = FACE_OUTER_BOUND ( 'NONE', #1232, .T. ) ;
#5317 = CARTESIAN_POINT ( 'NONE',  ( 20.00000000000000355, 0.000000000000000000, 19.99999999999998934 ) ) ;
#5318 = CARTESIAN_POINT ( 'NONE',  ( -18.66869921594835091, 18.94353157637684149, -18.66869921594763682 ) ) ;
#5319 = EDGE_CURVE ( 'NONE', #4505, #2194, #946, .T. ) ;
#5320 = ORIENTED_EDGE ( 'NONE', *, *, #1924, .T. ) ;
#5321 = VECTOR ( 'NONE', #2572, 1000.000000000000000 ) ;
#5322 = ORIENTED_EDGE ( 'NONE', *, *, #1966, .T. ) ;
#5323 = DIRECTION ( 'NONE',  ( -3.491481338843133355E-15, 0.000000000000000000, -1.000000000000000000 ) ) ;
#5324 = DIRECTION ( 'NONE',  ( -0.000000000000000000, 1.000000000000000000, -0.000000000000000000 ) ) ;
#5325 = CARTESIAN_POINT ( 'NONE',  ( -12.50000000000018296, 21.00000000000000355, -17.49999999999986855 ) ) ;
#5326 = CARTESIAN_POINT ( 'NONE',  ( 15.60000000000000142, 15.75000000000003553, -15.25000000000000000 ) ) ;
#5327 = ADVANCED_FACE ( 'NONE', ( #2384 ), #4346, .T. ) ;
#5328 = ORIENTED_EDGE ( 'NONE', *, *, #522, .F. ) ;
#5329 = ADVANCED_FACE ( 'NONE', ( #5823 ), #1427, .F. ) ;
#5330 = DIRECTION ( 'NONE',  ( 0.000000000000000000, -0.000000000000000000, 1.000000000000000000 ) ) ;
#5331 = LINE ( 'NONE', #3338, #860 ) ;
#5332 = CARTESIAN_POINT ( 'NONE',  ( 18.49839232955930513, 13.39269881009248842, 23.49035397735511310 ) ) ;
#5333 = EDGE_CURVE ( 'NONE', #5721, #249, #3122, .T. ) ;
#5334 = CARTESIAN_POINT ( 'NONE',  ( -22.75625254439672318, 4.741810658275192658, -22.75625254439611922 ) ) ;
#5335 = ADVANCED_FACE ( 'NONE', ( #4117 ), #1110, .F. ) ;
#5336 = AXIS2_PLACEMENT_3D ( 'NONE', #4790, #4305, #6219 ) ;
#5337 = EDGE_LOOP ( 'NONE', ( #508, #4648, #4098, #1805 ) ) ;
#5338 = DIRECTION ( 'NONE',  ( -3.191891195797324423E-14, 0.000000000000000000, 1.000000000000000000 ) ) ;
#5339 = CARTESIAN_POINT ( 'NONE',  ( 3.887357607529844343E-15, 22.35000000000000142, -15.25000000000000000 ) ) ;
#5340 = DIRECTION ( 'NONE',  ( -0.000000000000000000, 1.000000000000000000, -0.000000000000000000 ) ) ;
#5341 = CARTESIAN_POINT ( 'NONE',  ( -12.69999999999999396, 0.000000000000000000, -8.100000000000012079 ) ) ;
#5342 = DIRECTION ( 'NONE',  ( 0.000000000000000000, 1.000000000000000000, -0.000000000000000000 ) ) ;
#5343 = CIRCLE ( 'NONE', #5336, 0.7999999999999986011 ) ;
#5344 = ORIENTED_EDGE ( 'NONE', *, *, #235, .F. ) ;
#5345 = ORIENTED_EDGE ( 'NONE', *, *, #6267, .T. ) ;
#5346 = EDGE_CURVE ( 'NONE', #3480, #1269, #2127, .T. ) ;
#5347 = EDGE_LOOP ( 'NONE', ( #4056, #487, #4083, #4966 ) ) ;
#5348 = CARTESIAN_POINT ( 'NONE',  ( 12.70000000000000107, 15.75000000000003197, -13.24999999999999822 ) ) ;
#5349 = CARTESIAN_POINT ( 'NONE',  ( 22.50000000000007816, 19.00000000000000355, 22.49999999999991829 ) ) ;
#5350 = DIRECTION ( 'NONE',  ( -1.000000000000000000, 0.000000000000000000, 1.047444401652940007E-14 ) ) ;
#5351 = AXIS2_PLACEMENT_3D ( 'NONE', #453, #1972, #3454 ) ;
#5352 = VERTEX_POINT ( 'NONE', #5599 ) ;
#5353 = EDGE_CURVE ( 'NONE', #589, #1849, #5537, .T. ) ;
#5354 = CARTESIAN_POINT ( 'NONE',  ( 6.100000000000003197, 15.75000000000001421, -15.25000000000000000 ) ) ;
#5355 = AXIS2_PLACEMENT_3D ( 'NONE', #4037, #3039, #5008 ) ;
#5356 = CARTESIAN_POINT ( 'NONE',  ( -17.50000000000000711, 2.000000000000000000, 17.50000000000001421 ) ) ;
#5357 = CARTESIAN_POINT ( 'NONE',  ( 23.50000000000001066, 13.00000000000000355, -18.50000000000001066 ) ) ;
#5358 = CARTESIAN_POINT ( 'NONE',  ( 23.50000000000006750, 13.00000000000000355, 14.99999999999992006 ) ) ;
#5359 = VERTEX_POINT ( 'NONE', #251 ) ;
#5360 = CIRCLE ( 'NONE', #2274, 5.000000000000000888 ) ;
#5361 = PLANE ( 'NONE',  #3386 ) ;
#5362 = CIRCLE ( 'NONE', #2488, 5.999999999999998224 ) ;
#5363 = CARTESIAN_POINT ( 'NONE',  ( 23.45186274271119942, 7.216493126137728531, -18.49197712378520464 ) ) ;
#5364 = LINE ( 'NONE', #2043, #2040 ) ;
#5365 = CARTESIAN_POINT ( 'NONE',  ( -20.15890720558607896, 2.607002223890853898, -17.94315120093063243 ) ) ;
#5366 = CIRCLE ( 'NONE', #4242, 5.000000000000000888 ) ;
#5367 = DIRECTION ( 'NONE',  ( 0.000000000000000000, 0.000000000000000000, 1.000000000000000000 ) ) ;
#5368 = ORIENTED_EDGE ( 'NONE', *, *, #6203, .F. ) ;
#5369 = FACE_BOUND ( 'NONE', #4804, .T. ) ;
#5370 = CARTESIAN_POINT ( 'NONE',  ( -27.50000000000000355, 18.47106781186547408, -8.250000000000000000 ) ) ;
#5371 = AXIS2_PLACEMENT_3D ( 'NONE', #3383, #478, #2424 ) ;
#5372 = FACE_OUTER_BOUND ( 'NONE', #3963, .T. ) ;
#5373 = CARTESIAN_POINT ( 'NONE',  ( 27.50000000000000000, 21.00000000000000355, -17.49999999999999645 ) ) ;
#5374 = EDGE_CURVE ( 'NONE', #2834, #3104, #2640, .T. ) ;
#5375 = VERTEX_POINT ( 'NONE', #1233 ) ;
#5376 = ORIENTED_EDGE ( 'NONE', *, *, #10, .F. ) ;
#5377 = VERTEX_POINT ( 'NONE', #4597 ) ;
#5378 = AXIS2_PLACEMENT_3D ( 'NONE', #1987, #4952, #5822 ) ;
#5379 = CARTESIAN_POINT ( 'NONE',  ( 0.000000000000000000, 0.000000000000000000, 6.500000000000000000 ) ) ;
#5380 = DIRECTION ( 'NONE',  ( 0.000000000000000000, -0.000000000000000000, -1.000000000000000000 ) ) ;
#5381 = CYLINDRICAL_SURFACE ( 'NONE', #624, 5.000000000000000888 ) ;
#5382 = ORIENTED_EDGE ( 'NONE', *, *, #2840, .T. ) ;
#5383 = VERTEX_POINT ( 'NONE', #765 ) ;
#5384 = VECTOR ( 'NONE', #4364, 1000.000000000000000 ) ;
#5385 = DIRECTION ( 'NONE',  ( -1.000000000000000000, -0.000000000000000000, -0.000000000000000000 ) ) ;
#5386 = AXIS2_PLACEMENT_3D ( 'NONE', #4381, #5855, #4740 ) ;
#5387 = LINE ( 'NONE', #931, #2168 ) ;
#5388 = DIRECTION ( 'NONE',  ( 0.000000000000000000, 0.000000000000000000, -1.000000000000000000 ) ) ;
#5389 = EDGE_CURVE ( 'NONE', #5761, #5415, #1117, .T. ) ;
#5390 = CARTESIAN_POINT ( 'NONE',  ( -22.50000000000000000, 19.00000000000000355, 17.49999999999999645 ) ) ;
#5391 = ORIENTED_EDGE ( 'NONE', *, *, #525, .T. ) ;
#5392 = DIRECTION ( 'NONE',  ( -0.000000000000000000, -0.000000000000000000, 1.000000000000000000 ) ) ;
#5393 = PRODUCT_DEFINITION ( 'UNKNOWN', '', #2102, #2706 ) ;
#5394 = CARTESIAN_POINT ( 'NONE',  ( 18.39883296407390745, 5.341092814535593369, -22.89299778444374667 ) ) ;
#5395 = LINE ( 'NONE', #4401, #2650 ) ;
#5396 = CARTESIAN_POINT ( 'NONE',  ( -18.25338680665041835, 4.035039465662372038, -22.02032083990075861 ) ) ;
#5397 = DIRECTION ( 'NONE',  ( -1.000000000000000000, 0.000000000000000000, 0.000000000000000000 ) ) ;
#5398 = ORIENTED_EDGE ( 'NONE', *, *, #3349, .F. ) ;
#5399 = DIRECTION ( 'NONE',  ( -1.000000000000000000, 0.000000000000000000, 0.000000000000000000 ) ) ;
#5400 = DIRECTION ( 'NONE',  ( -1.000000000000000000, 0.000000000000000000, 0.000000000000000000 ) ) ;
#5401 = VERTEX_POINT ( 'NONE', #3059 ) ;
#5402 = CARTESIAN_POINT ( 'NONE',  ( -4.000000000000000000, 0.000000000000000000, 7.750000000000006217 ) ) ;
#5403 = SHAPE_REPRESENTATION_RELATIONSHIP ( 'NONE' , 'NONE' ,  #2817, #5287 ) ;
#5404 = EDGE_CURVE ( 'NONE', #4566, #5927, #4152, .T. ) ;
#5405 = ORIENTED_EDGE ( 'NONE', *, *, #1246, .F. ) ;
#5406 = VERTEX_POINT ( 'NONE', #4631 ) ;
#5407 = CIRCLE ( 'NONE', #287, 5.000000000000000888 ) ;
#5408 = LINE ( 'NONE', #569, #2228 ) ;
#5409 = DIRECTION ( 'NONE',  ( 2.312964634635743450E-15, 0.000000000000000000, 1.000000000000000000 ) ) ;
#5410 = CARTESIAN_POINT ( 'NONE',  ( 0.000000000000000000, 21.00000000000000355, 12.49999999999999822 ) ) ;
#5411 = EDGE_CURVE ( 'NONE', #5502, #5943, #1585, .T. ) ;
#5412 = CIRCLE ( 'NONE', #6222, 1.100000000000000311 ) ;
#5413 = EDGE_CURVE ( 'NONE', #3372, #2118, #3608, .T. ) ;
#5414 = ADVANCED_FACE ( 'NONE', ( #6023 ), #636, .F. ) ;
#5415 = VERTEX_POINT ( 'NONE', #1614 ) ;
#5416 = LINE ( 'NONE', #991, #1159 ) ;
#5417 = CYLINDRICAL_SURFACE ( 'NONE', #4068, 0.6999999999999992895 ) ;
#5418 = DIRECTION ( 'NONE',  ( 0.000000000000000000, 0.000000000000000000, -1.000000000000000000 ) ) ;
#5419 = AXIS2_PLACEMENT_3D ( 'NONE', #4748, #4711, #2302 ) ;
#5420 = DIRECTION ( 'NONE',  ( 0.000000000000000000, 0.000000000000000000, 1.000000000000000000 ) ) ;
#5421 = LINE ( 'NONE', #4365, #4634 ) ;
#5422 = ORIENTED_EDGE ( 'NONE', *, *, #3125, .T. ) ;
#5423 = AXIS2_PLACEMENT_3D ( 'NONE', #6065, #4011, #5103 ) ;
#5424 = ADVANCED_FACE ( 'NONE', ( #5569 ), #2152, .F. ) ;
#5425 = CARTESIAN_POINT ( 'NONE',  ( 5.849999999999999645, 1.399999999999999911, -6.150000000000003020 ) ) ;
#5426 = DIRECTION ( 'NONE',  ( -0.000000000000000000, 1.000000000000000000, -0.000000000000000000 ) ) ;
#5427 = LINE ( 'NONE', #3432, #2242 ) ;
#5428 = CARTESIAN_POINT ( 'NONE',  ( -17.56545058530417691, 1.999999999999999556, -17.89270351182368657 ) ) ;
#5429 = EDGE_CURVE ( 'NONE', #55, #2669, #3827, .T. ) ;
#5430 = DIRECTION ( 'NONE',  ( 1.000000000000000000, 0.000000000000000000, 0.000000000000000000 ) ) ;
#5431 = ORIENTED_EDGE ( 'NONE', *, *, #5888, .F. ) ;
#5432 = CYLINDRICAL_SURFACE ( 'NONE', #6022, 8.100000000000001421 ) ;
#5433 = CARTESIAN_POINT ( 'NONE',  ( 13.40000000000000036, 15.75000000000003197, -15.25000000000000000 ) ) ;
#5434 = CARTESIAN_POINT ( 'NONE',  ( 4.364351673553916694E-14, 21.00000000000000355, 12.50000000000000000 ) ) ;
#5435 = CARTESIAN_POINT ( 'NONE',  ( 7.500000000000001776, 15.75000000000001421, -13.24999999999999822 ) ) ;
#5436 = ORIENTED_EDGE ( 'NONE', *, *, #5319, .T. ) ;
#5437 = ORIENTED_EDGE ( 'NONE', *, *, #2989, .T. ) ;
#5438 = FACE_OUTER_BOUND ( 'NONE', #181, .T. ) ;
#5439 = PLANE ( 'NONE',  #4546 ) ;
#5440 = CARTESIAN_POINT ( 'NONE',  ( 27.50000000000000000, 21.00000000000000355, 0.000000000000000000 ) ) ;
#5441 = VECTOR ( 'NONE', #1217, 1000.000000000000000 ) ;
#5442 = VERTEX_POINT ( 'NONE', #4757 ) ;
#5443 = ORIENTED_EDGE ( 'NONE', *, *, #10, .T. ) ;
#5444 = DIRECTION ( 'NONE',  ( 0.000000000000000000, 0.000000000000000000, 1.000000000000000000 ) ) ;
#5445 = CARTESIAN_POINT ( 'NONE',  ( 0.000000000000000000, 21.00000000000000355, 0.000000000000000000 ) ) ;
#5446 = ADVANCED_FACE ( 'NONE', ( #4720 ), #6221, .T. ) ;
#5447 = VECTOR ( 'NONE', #1564, 1000.000000000000000 ) ;
#5448 = CARTESIAN_POINT ( 'NONE',  ( -6.799999999999997158, 15.75000000000000000, -13.24999999999999822 ) ) ;
#5449 = FACE_BOUND ( 'NONE', #4699, .T. ) ;
#5450 = LINE ( 'NONE', #5236, #239 ) ;
#5451 = VERTEX_POINT ( 'NONE', #372 ) ;
#5452 = AXIS2_PLACEMENT_3D ( 'NONE', #2253, #1366, #4315 ) ;
#5453 = EDGE_CURVE ( 'NONE', #120, #1251, #516, .T. ) ;
#5454 = EDGE_CURVE ( 'NONE', #852, #2291, #2962, .T. ) ;
#5455 = DIRECTION ( 'NONE',  ( -3.491481338843133355E-15, 0.000000000000000000, -1.000000000000000000 ) ) ;
#5456 = DIRECTION ( 'NONE',  ( 0.000000000000000000, -1.000000000000000000, 0.000000000000000000 ) ) ;
#5457 = CIRCLE ( 'NONE', #32, 0.6999999999999992895 ) ;
#5458 = LINE ( 'NONE', #1065, #3505 ) ;
#5459 = PRODUCT_DEFINITION_SHAPE ( 'NONE', 'NONE',  #5393 ) ;
#5460 = PLANE ( 'NONE',  #2684 ) ;
#5461 = VERTEX_POINT ( 'NONE', #1823 ) ;
#5462 = CIRCLE ( 'NONE', #2789, 1.249999999999997335 ) ;
#5463 = DIRECTION ( 'NONE',  ( 0.000000000000000000, -1.000000000000000000, 0.000000000000000000 ) ) ;
#5464 = DIRECTION ( 'NONE',  ( -1.000000000000000000, 0.000000000000000000, 0.000000000000000000 ) ) ;
#5465 = AXIS2_PLACEMENT_3D ( 'NONE', #3263, #1243, #774 ) ;
#5466 = CARTESIAN_POINT ( 'NONE',  ( 21.30000000000001137, 0.000000000000000000, -9.049999999999984723 ) ) ;
#5467 = EDGE_CURVE ( 'NONE', #4903, #5731, #5749, .T. ) ;
#5468 = VECTOR ( 'NONE', #3465, 1000.000000000000000 ) ;
#5469 = ORIENTED_EDGE ( 'NONE', *, *, #893, .T. ) ;
#5470 = ORIENTED_EDGE ( 'NONE', *, *, #5516, .T. ) ;
#5471 = CARTESIAN_POINT ( 'NONE',  ( -17.50000000000000711, 19.00000000000000355, 17.50000000000001421 ) ) ;
#5472 = CARTESIAN_POINT ( 'NONE',  ( 11.90000000000000036, 15.75000000000002487, -13.24999999999999822 ) ) ;
#5473 = LINE ( 'NONE', #4963, #1019 ) ;
#5474 = AXIS2_PLACEMENT_3D ( 'NONE', #420, #389, #3776 ) ;
#5475 = ORIENTED_EDGE ( 'NONE', *, *, #2653, .T. ) ;
#5476 = EDGE_CURVE ( 'NONE', #5797, #2107, #1855, .T. ) ;
#5477 = ORIENTED_EDGE ( 'NONE', *, *, #3636, .T. ) ;
#5478 = CIRCLE ( 'NONE', #2083, 0.7999999999999986011 ) ;
#5479 = CARTESIAN_POINT ( 'NONE',  ( 25.00000000000000355, 2.000000000000000000, 24.99999999999998934 ) ) ;
#5480 = DIRECTION ( 'NONE',  ( 1.000000000000000000, 0.000000000000000000, 0.000000000000000000 ) ) ;
#5481 = CARTESIAN_POINT ( 'NONE',  ( -18.49839232955921631, 7.607301189907559547, 23.49035397735519126 ) ) ;
#5482 = DIRECTION ( 'NONE',  ( -1.000000000000000000, 0.000000000000000000, 0.000000000000000000 ) ) ;
#5483 = ORIENTED_EDGE ( 'NONE', *, *, #2651, .F. ) ;
#5484 = CARTESIAN_POINT ( 'NONE',  ( 17.82221566379920574, 2.306443385973715898, -19.43329398279523446 ) ) ;
#5485 = CARTESIAN_POINT ( 'NONE',  ( 13.40000000000000036, 15.75000000000003197, -23.25000000000000000 ) ) ;
#5486 = CARTESIAN_POINT ( 'NONE',  ( 18.08578643762699656, 19.00000000000000000, 21.01471862576137539 ) ) ;
#5487 = ORIENTED_EDGE ( 'NONE', *, *, #2086, .T. ) ;
#5488 = VECTOR ( 'NONE', #3924, 1000.000000000000000 ) ;
#5489 = DIRECTION ( 'NONE',  ( 0.000000000000000000, 0.000000000000000000, 1.000000000000000000 ) ) ;
#5490 = ORIENTED_EDGE ( 'NONE', *, *, #4674, .T. ) ;
#5491 = LINE ( 'NONE', #3015, #4287 ) ;
#5492 = DIRECTION ( 'NONE',  ( 0.000000000000000000, 0.000000000000000000, -1.000000000000000000 ) ) ;
#5493 = AXIS2_PLACEMENT_3D ( 'NONE', #4138, #206, #3691 ) ;
#5494 = CARTESIAN_POINT ( 'NONE',  ( -21.15993871915386748, 17.77064577498822118, 18.10998978652564162 ) ) ;
#5495 = CARTESIAN_POINT ( 'NONE',  ( -0.6999999999999940714, 9.149999999999998579, -23.25000000000000000 ) ) ;
#5496 = VERTEX_POINT ( 'NONE', #4854 ) ;
#5497 = ORIENTED_EDGE ( 'NONE', *, *, #1136, .T. ) ;
#5498 = CARTESIAN_POINT ( 'NONE',  ( -19.99999999999999645, 0.000000000000000000, 25.00000000000000000 ) ) ;
#5499 = LINE ( 'NONE', #3634, #6087 ) ;
#5500 = DIRECTION ( 'NONE',  ( -0.000000000000000000, 0.000000000000000000, 1.000000000000000000 ) ) ;
#5501 = ADVANCED_FACE ( 'NONE', ( #1510 ), #3492, .F. ) ;
#5502 = VERTEX_POINT ( 'NONE', #5878 ) ;
#5503 = EDGE_LOOP ( 'NONE', ( #2530, #1568, #878, #247 ) ) ;
#5504 = CARTESIAN_POINT ( 'NONE',  ( 17.50000000000008171, 19.00000000000000355, 17.49999999999994316 ) ) ;
#5505 = CARTESIAN_POINT ( 'NONE',  ( -15.00000000000026290, 19.00000000000000355, -24.99999999999984368 ) ) ;
#5506 = EDGE_CURVE ( 'NONE', #4248, #5108, #5364, .T. ) ;
#5507 = VECTOR ( 'NONE', #5578, 1000.000000000000000 ) ;
#5508 = CARTESIAN_POINT ( 'NONE',  ( -11.49999999999999822, -1.000000000000000000, 6.500000000000000000 ) ) ;
#5509 = VECTOR ( 'NONE', #1971, 1000.000000000000000 ) ;
#5510 = DIRECTION ( 'NONE',  ( 0.000000000000000000, 0.000000000000000000, 1.000000000000000000 ) ) ;
#5511 = CARTESIAN_POINT ( 'NONE',  ( 26.00000000000000355, 2.899999999999999911, -11.74999999999999822 ) ) ;
#5512 = ORIENTED_EDGE ( 'NONE', *, *, #2440, .T. ) ;
#5513 = VECTOR ( 'NONE', #3755, 1000.000000000000000 ) ;
#5514 = CARTESIAN_POINT ( 'NONE',  ( 19.50000000000000355, 23.39999999999999858, -13.24999999999999822 ) ) ;
#5515 = CARTESIAN_POINT ( 'NONE',  ( 23.49035397735525876, 7.607301189907565764, 18.49839232955913104 ) ) ;
#5516 = EDGE_CURVE ( 'NONE', #378, #2216, #2867, .T. ) ;
#5517 = CARTESIAN_POINT ( 'NONE',  ( -17.50000000000020250, 2.000000000000000000, -17.49999999999982236 ) ) ;
#5518 = VERTEX_POINT ( 'NONE', #4945 ) ;
#5519 = EDGE_CURVE ( 'NONE', #5794, #5731, #5427, .T. ) ;
#5520 = ORIENTED_EDGE ( 'NONE', *, *, #4278, .F. ) ;
#5521 = CARTESIAN_POINT ( 'NONE',  ( -23.50000000000020961, 16.51471862576143224, -18.49999999999976197 ) ) ;
#5522 = CARTESIAN_POINT ( 'NONE',  ( -14.89999999999999858, 15.75000000000000000, -15.25000000000000000 ) ) ;
#5523 = EDGE_CURVE ( 'NONE', #82, #5193, #1728, .T. ) ;
#5524 = ADVANCED_FACE ( 'NONE', ( #2976 ), #2886, .T. ) ;
#5525 = CARTESIAN_POINT ( 'NONE',  ( -19.43329398279520959, 18.69355661402629565, 17.82221566379921285 ) ) ;
#5526 = DIRECTION ( 'NONE',  ( -1.000000000000000000, -0.000000000000000000, -0.000000000000000000 ) ) ;
#5527 = ORIENTED_EDGE ( 'NONE', *, *, #2322, .F. ) ;
#5528 = CIRCLE ( 'NONE', #2146, 1.100000000000000311 ) ;
#5529 = ORIENTED_EDGE ( 'NONE', *, *, #717, .T. ) ;
#5530 = DIRECTION ( 'NONE',  ( -0.000000000000000000, -1.000000000000000000, -0.000000000000000000 ) ) ;
#5531 = DIRECTION ( 'NONE',  ( 1.000000000000000000, 0.000000000000000000, -3.491481338843133355E-15 ) ) ;
#5532 = CARTESIAN_POINT ( 'NONE',  ( 0.000000000000000000, 19.00000000000000355, 15.00000000000000178 ) ) ;
#5533 = ORIENTED_EDGE ( 'NONE', *, *, #3568, .T. ) ;
#5534 = ADVANCED_FACE ( 'NONE', ( #3463 ), #1029, .F. ) ;
#5535 = ORIENTED_EDGE ( 'NONE', *, *, #6036, .F. ) ;
#5536 = ORIENTED_EDGE ( 'NONE', *, *, #2557, .F. ) ;
#5537 = LINE ( 'NONE', #698, #511 ) ;
#5538 = CARTESIAN_POINT ( 'NONE',  ( -13.39999999999999680, 15.75000000000000000, -15.25000000000000000 ) ) ;
#5539 = VECTOR ( 'NONE', #5733, 1000.000000000000000 ) ;
#5540 = FACE_BOUND ( 'NONE', #5058, .T. ) ;
#5541 = CARTESIAN_POINT ( 'NONE',  ( -12.50000000000000000, 21.00000000000000355, 0.000000000000000000 ) ) ;
#5542 = CARTESIAN_POINT ( 'NONE',  ( 11.20000000000000107, 15.75000000000002487, -15.25000000000000000 ) ) ;
#5543 = AXIS2_PLACEMENT_3D ( 'NONE', #4899, #4872, #2904 ) ;
#5544 = EDGE_CURVE ( 'NONE', #6008, #3480, #3062, .T. ) ;
#5545 = VERTEX_POINT ( 'NONE', #5969 ) ;
#5546 = CARTESIAN_POINT ( 'NONE',  ( 17.50000000000000711, 2.000000000000000000, -17.50000000000001421 ) ) ;
#5547 = CARTESIAN_POINT ( 'NONE',  ( 18.48716959523694925, 7.022034776462813710, 23.42301757142109508 ) ) ;
#5548 = CARTESIAN_POINT ( 'NONE',  ( -21.01471862576163474, 1.999999999999998668, -18.08578643762669458 ) ) ;
#5549 = EDGE_LOOP ( 'NONE', ( #1344, #1160, #2882, #4529 ) ) ;
#5550 = VECTOR ( 'NONE', #2584, 1000.000000000000000 ) ;
#5551 = ADVANCED_FACE ( 'NONE', ( #3011 ), #13, .F. ) ;
#5552 = ORIENTED_EDGE ( 'NONE', *, *, #297, .T. ) ;
#5553 = CARTESIAN_POINT ( 'NONE',  ( -11.49999999999999822, 2.000000000000000000, -6.500000000000000000 ) ) ;
#5554 = CARTESIAN_POINT ( 'NONE',  ( 22.50000000000000000, 19.00000000000000355, -22.50000000000000000 ) ) ;
#5555 = VECTOR ( 'NONE', #3826, 1000.000000000000000 ) ;
#5556 = CARTESIAN_POINT ( 'NONE',  ( -21.83796581139400317, 17.52032802228850272, 21.83796581139400317 ) ) ;
#5557 = ORIENTED_EDGE ( 'NONE', *, *, #1831, .F. ) ;
#5558 = VECTOR ( 'NONE', #2915, 1000.000000000000000 ) ;
#5559 = VECTOR ( 'NONE', #4642, 1000.000000000000000 ) ;
#5560 = VERTEX_POINT ( 'NONE', #2438 ) ;
#5561 = DIRECTION ( 'NONE',  ( -0.000000000000000000, -1.000000000000000000, -0.000000000000000000 ) ) ;
#5562 = LINE ( 'NONE', #1195, #3320 ) ;
#5563 = PLANE ( 'NONE',  #5739 ) ;
#5564 = EDGE_CURVE ( 'NONE', #1146, #3647, #5395, .T. ) ;
#5565 = ORIENTED_EDGE ( 'NONE', *, *, #2616, .T. ) ;
#5566 = ORIENTED_EDGE ( 'NONE', *, *, #5997, .T. ) ;
#5567 = EDGE_CURVE ( 'NONE', #4522, #5194, #2947, .T. ) ;
#5568 = ORIENTED_EDGE ( 'NONE', *, *, #4428, .F. ) ;
#5569 = FACE_OUTER_BOUND ( 'NONE', #4725, .T. ) ;
#5570 = DIRECTION ( 'NONE',  ( -1.000000000000000000, 0.000000000000000000, 1.047444401652940007E-14 ) ) ;
#5571 = DIRECTION ( 'NONE',  ( 2.312964634635743450E-15, 0.000000000000000000, 1.000000000000000000 ) ) ;
#5572 = CARTESIAN_POINT ( 'NONE',  ( -26.00000000000000355, 1.399999999999999911, -11.75000000000000000 ) ) ;
#5573 = DIRECTION ( 'NONE',  ( 0.000000000000000000, 0.000000000000000000, 1.000000000000000000 ) ) ;
#5574 = VECTOR ( 'NONE', #2663, 1000.000000000000000 ) ;
#5575 = ORIENTED_EDGE ( 'NONE', *, *, #3805, .F. ) ;
#5576 = AXIS2_PLACEMENT_3D ( 'NONE', #5339, #470, #4379 ) ;
#5577 = CARTESIAN_POINT ( 'NONE',  ( 4.000000000000000888, 1.399999999999999911, 7.750000000000006217 ) ) ;
#5578 = DIRECTION ( 'NONE',  ( 2.312964634635756861E-15, 0.000000000000000000, 1.000000000000000000 ) ) ;
#5579 = DIRECTION ( 'NONE',  ( 1.040834085586084257E-14, 0.000000000000000000, 1.000000000000000000 ) ) ;
#5580 = ORIENTED_EDGE ( 'NONE', *, *, #39, .T. ) ;
#5581 = VERTEX_POINT ( 'NONE', #519 ) ;
#5582 = CARTESIAN_POINT ( 'NONE',  ( 21.29999999999999005, 0.1000000000000000056, 9.049999999999998934 ) ) ;
#5583 = LINE ( 'NONE', #1097, #1170 ) ;
#5584 = EDGE_CURVE ( 'NONE', #305, #5560, #1565, .T. ) ;
#5585 = CARTESIAN_POINT ( 'NONE',  ( -17.72907422770589037, 19.00000002634293850, 17.72907422770589747 ) ) ;
#5586 = ORIENTED_EDGE ( 'NONE', *, *, #5816, .F. ) ;
#5587 = VECTOR ( 'NONE', #144, 1000.000000000000000 ) ;
#5588 = ORIENTED_EDGE ( 'NONE', *, *, #3597, .F. ) ;
#5589 = ORIENTED_EDGE ( 'NONE', *, *, #6267, .F. ) ;
#5590 = DIRECTION ( 'NONE',  ( 1.000000000000000000, 0.000000000000000000, -1.047444401652940007E-14 ) ) ;
#5591 = CARTESIAN_POINT ( 'NONE',  ( 21.30000000000001137, 0.000000000000000000, -8.249999999999985789 ) ) ;
#5592 = DIRECTION ( 'NONE',  ( 1.000000000000000000, 0.000000000000000000, 0.000000000000000000 ) ) ;
#5593 =( REPRESENTATION_RELATIONSHIP ('NONE','NONE', #2567, #2817 ) REPRESENTATION_RELATIONSHIP_WITH_TRANSFORMATION ( #6069 )SHAPE_REPRESENTATION_RELATIONSHIP( ) );
#5594 = ADVANCED_FACE ( 'NONE', ( #4004 ), #6315, .F. ) ;
#5595 = ORIENTED_EDGE ( 'NONE', *, *, #6013, .T. ) ;
#5596 = ORIENTED_EDGE ( 'NONE', *, *, #4722, .T. ) ;
#5597 = ORIENTED_EDGE ( 'NONE', *, *, #1136, .F. ) ;
#5598 = ORIENTED_EDGE ( 'NONE', *, *, #1186, .F. ) ;
#5599 = CARTESIAN_POINT ( 'NONE',  ( 25.00000000000000355, 0.000000000000000000, 19.99999999999998934 ) ) ;
#5600 = DIRECTION ( 'NONE',  ( -0.000000000000000000, 1.000000000000000000, -0.000000000000000000 ) ) ;
#5601 = CARTESIAN_POINT ( 'NONE',  ( 27.50000000000000355, 18.47106781186547053, -13.24999999999999822 ) ) ;
#5602 = EDGE_CURVE ( 'NONE', #2026, #4856, #4490, .T. ) ;
#5603 = DIRECTION ( 'NONE',  ( 1.000000000000000000, 0.000000000000000000, 0.000000000000000000 ) ) ;
#5604 = EDGE_CURVE ( 'NONE', #1600, #1752, #4053, .T. ) ;
#5605 = ORIENTED_EDGE ( 'NONE', *, *, #2332, .F. ) ;
#5606 = CIRCLE ( 'NONE', #907, 1.249999999999997335 ) ;
#5607 = CARTESIAN_POINT ( 'NONE',  ( -12.69999999999999574, 0.000000000000000000, -8.597458788255783673E-15 ) ) ;
#5608 = DIRECTION ( 'NONE',  ( 0.000000000000000000, 0.000000000000000000, 1.000000000000000000 ) ) ;
#5609 = DIRECTION ( 'NONE',  ( 1.000000000000000000, 0.000000000000000000, 0.000000000000000000 ) ) ;
#5610 = VERTEX_POINT ( 'NONE', #5845 ) ;
#5611 = AXIS2_PLACEMENT_3D ( 'NONE', #253, #2191, #1707 ) ;
#5612 = EDGE_CURVE ( 'NONE', #1729, #1960, #5649, .T. ) ;
#5613 = ORIENTED_EDGE ( 'NONE', *, *, #2636, .T. ) ;
#5614 = CARTESIAN_POINT ( 'NONE',  ( -17.50000000000023448, 21.00000000000000355, -22.49999999999981526 ) ) ;
#5615 = DIRECTION ( 'NONE',  ( 0.000000000000000000, 0.000000000000000000, -1.000000000000000000 ) ) ;
#5616 = EDGE_CURVE ( 'NONE', #4564, #4787, #4643, .T. ) ;
#5617 = CARTESIAN_POINT ( 'NONE',  ( -8.999999999999998224, 15.75000000000000000, -15.25000000000000000 ) ) ;
#5618 = VERTEX_POINT ( 'NONE', #5126 ) ;
#5619 = ORIENTED_EDGE ( 'NONE', *, *, #1490, .F. ) ;
#5620 = EDGE_CURVE ( 'NONE', #5965, #2579, #1656, .T. ) ;
#5621 = ORIENTED_EDGE ( 'NONE', *, *, #4764, .F. ) ;
#5622 = LINE ( 'NONE', #1223, #957 ) ;
#5623 = ORIENTED_EDGE ( 'NONE', *, *, #4331, .F. ) ;
#5624 = CYLINDRICAL_SURFACE ( 'NONE', #3966, 0.7999999999999986011 ) ;
#5625 = DIRECTION ( 'NONE',  ( 0.000000000000000000, 0.000000000000000000, 1.000000000000000000 ) ) ;
#5626 = PLANE ( 'NONE',  #2862 ) ;
#5627 = ORIENTED_EDGE ( 'NONE', *, *, #4624, .T. ) ;
#5628 = VERTEX_POINT ( 'NONE', #1182 ) ;
#5629 = VERTEX_POINT ( 'NONE', #680 ) ;
#5630 = CARTESIAN_POINT ( 'NONE',  ( -27.50000000000000000, 21.00000000000000355, 17.49999999999999645 ) ) ;
#5631 = LINE ( 'NONE', #3609, #1569 ) ;
#5632 = LINE ( 'NONE', #283, #499 ) ;
#5633 = DIRECTION ( 'NONE',  ( 0.000000000000000000, 0.000000000000000000, 1.000000000000000000 ) ) ;
#5634 = ORIENTED_EDGE ( 'NONE', *, *, #4558, .F. ) ;
#5635 = VECTOR ( 'NONE', #1699, 1000.000000000000000 ) ;
#5636 = FILL_AREA_STYLE_COLOUR ( '', #4440 ) ;
#5637 = ORIENTED_EDGE ( 'NONE', *, *, #1183, .F. ) ;
#5638 = VECTOR ( 'NONE', #4851, 1000.000000000000000 ) ;
#5639 = CARTESIAN_POINT ( 'NONE',  ( 15.00000000000006217, 19.00000000000000355, 17.49999999999995737 ) ) ;
#5640 = CARTESIAN_POINT ( 'NONE',  ( 23.30809990441591850, 6.444304650784045130, 18.46801665073591181 ) ) ;
#5641 = FACE_OUTER_BOUND ( 'NONE', #3838, .T. ) ;
#5642 = ORIENTED_EDGE ( 'NONE', *, *, #4002, .F. ) ;
#5643 = EDGE_LOOP ( 'NONE', ( #2048, #652, #3370, #2592 ) ) ;
#5644 = ORIENTED_EDGE ( 'NONE', *, *, #1576, .T. ) ;
#5645 = EDGE_CURVE ( 'NONE', #5401, #1635, #2053, .T. ) ;
#5646 = CARTESIAN_POINT ( 'NONE',  ( -15.00000000000024691, 13.00000000000000355, -23.49999999999985434 ) ) ;
#5647 = DIRECTION ( 'NONE',  ( 1.000000000000000000, 0.000000000000000000, 0.000000000000000000 ) ) ;
#5648 =( BOUNDED_CURVE ( )  B_SPLINE_CURVE ( 3, ( #5357, #2492, #513, #704 ),
 .UNSPECIFIED., .F., .F. ) 
 B_SPLINE_CURVE_WITH_KNOTS ( ( 4, 4 ),
 ( 0.000000000000000000, 1.570796326794896558 ),
 .UNSPECIFIED. ) 
 CURVE ( )  GEOMETRIC_REPRESENTATION_ITEM ( )  RATIONAL_B_SPLINE_CURVE ( ( 1.000000000000000000, 0.8047378541243649375, 0.8047378541243649375, 1.000000000000000000 ) ) 
 REPRESENTATION_ITEM ( '' )  );
#5649 = CIRCLE ( 'NONE', #3395, 0.6999999999999992895 ) ;
#5650 = FACE_OUTER_BOUND ( 'NONE', #2202, .T. ) ;
#5651 = CIRCLE ( 'NONE', #3081, 5.000000000000000888 ) ;
#5652 = CARTESIAN_POINT ( 'NONE',  ( 23.50000000000001066, 13.00000000000000355, -18.50000000000001066 ) ) ;
#5653 = ORIENTED_EDGE ( 'NONE', *, *, #906, .T. ) ;
#5654 = DIRECTION ( 'NONE',  ( -0.000000000000000000, -1.000000000000000000, -0.000000000000000000 ) ) ;
#5655 = VERTEX_POINT ( 'NONE', #3159 ) ;
#5656 = CIRCLE ( 'NONE', #2784, 6.000000000000000000 ) ;
#5657 = CARTESIAN_POINT ( 'NONE',  ( -9.699999999999997513, 15.75000000000000000, -23.25000000000000000 ) ) ;
#5658 = FACE_OUTER_BOUND ( 'NONE', #2618, .T. ) ;
#5659 = LINE ( 'NONE', #5175, #806 ) ;
#5660 = EDGE_CURVE ( 'NONE', #2087, #3350, #227, .T. ) ;
#5661 = EDGE_CURVE ( 'NONE', #1499, #2304, #4550, .T. ) ;
#5662 = AXIS2_PLACEMENT_3D ( 'NONE', #964, #904, #2846 ) ;
#5663 = VERTEX_POINT ( 'NONE', #165 ) ;
#5664 = ORIENTED_EDGE ( 'NONE', *, *, #4428, .T. ) ;
#5665 = ORIENTED_EDGE ( 'NONE', *, *, #3272, .F. ) ;
#5666 = CARTESIAN_POINT ( 'NONE',  ( 3.800000000000003375, 15.75000000000000000, -23.25000000000000000 ) ) ;
#5667 = DIRECTION ( 'NONE',  ( 0.000000000000000000, 1.000000000000000000, 0.000000000000000000 ) ) ;
#5668 = DIRECTION ( 'NONE',  ( -1.000000000000000000, 0.000000000000000000, 0.000000000000000000 ) ) ;
#5669 = VECTOR ( 'NONE', #3731, 1000.000000000000000 ) ;
#5670 = CARTESIAN_POINT ( 'NONE',  ( 22.50000000000007816, 21.00000000000000355, 22.49999999999991829 ) ) ;
#5671 = EDGE_CURVE ( 'NONE', #3624, #6299, #2569, .T. ) ;
#5672 = ORIENTED_EDGE ( 'NONE', *, *, #1576, .F. ) ;
#5673 = AXIS2_PLACEMENT_3D ( 'NONE', #2710, #4640, #4009 ) ;
#5674 = CARTESIAN_POINT ( 'NONE',  ( -24.99999999999999645, 0.000000000000000000, 25.00000000000000000 ) ) ;
#5675 = VECTOR ( 'NONE', #541, 1000.000000000000000 ) ;
#5676 = DIRECTION ( 'NONE',  ( 0.000000000000000000, 0.000000000000000000, -1.000000000000000000 ) ) ;
#5677 = FACE_OUTER_BOUND ( 'NONE', #2998, .T. ) ;
#5678 = LINE ( 'NONE', #1817, #5873 ) ;
#5679 = VERTEX_POINT ( 'NONE', #5097 ) ;
#5680 = ORIENTED_EDGE ( 'NONE', *, *, #5843, .T. ) ;
#5681 = VECTOR ( 'NONE', #5896, 1000.000000000000000 ) ;
#5682 = ORIENTED_EDGE ( 'NONE', *, *, #1847, .F. ) ;
#5683 = CARTESIAN_POINT ( 'NONE',  ( -25.00000000000015632, 19.00000000000000355, -14.99999999999973532 ) ) ;
#5684 = CYLINDRICAL_SURFACE ( 'NONE', #4511, 1.100000000000000311 ) ;
#5685 = FACE_OUTER_BOUND ( 'NONE', #392, .T. ) ;
#5686 = CARTESIAN_POINT ( 'NONE',  ( 21.46496053433799744, 17.52032083990066269, 18.16082675572284444 ) ) ;
#5687 = CARTESIAN_POINT ( 'NONE',  ( -23.50000000000000711, 12.99999999999998401, 23.50000000000001776 ) ) ;
#5688 = ADVANCED_FACE ( 'NONE', ( #6031 ), #2590, .F. ) ;
#5689 = DIRECTION ( 'NONE',  ( 0.000000000000000000, -1.000000000000000000, -0.000000000000000000 ) ) ;
#5690 = CARTESIAN_POINT ( 'NONE',  ( -17.50000000000017053, 13.00000000000000355, -14.99999999999983125 ) ) ;
#5691 = EDGE_LOOP ( 'NONE', ( #1584, #3850, #5312, #2555 ) ) ;
#5692 = CARTESIAN_POINT ( 'NONE',  ( -17.50000000000000000, 19.00000000000000355, 27.50000000000000000 ) ) ;
#5693 = CARTESIAN_POINT ( 'NONE',  ( 23.45186274271120652, 13.78350687386218354, -18.49197712378520464 ) ) ;
#5694 = CYLINDRICAL_SURFACE ( 'NONE', #2528, 0.6999999999999992895 ) ;
#5695 = AXIS2_PLACEMENT_3D ( 'NONE', #3646, #4029, #1207 ) ;
#5696 = CARTESIAN_POINT ( 'NONE',  ( -26.00000000000000355, 18.47106781186547408, -8.249999999999998224 ) ) ;
#5697 = ORIENTED_EDGE ( 'NONE', *, *, #1844, .F. ) ;
#5698 = ORIENTED_EDGE ( 'NONE', *, *, #4772, .T. ) ;
#5699 = ORIENTED_EDGE ( 'NONE', *, *, #3568, .F. ) ;
#5700 = DIRECTION ( 'NONE',  ( 0.000000000000000000, 0.000000000000000000, 1.000000000000000000 ) ) ;
#5701 = PLANE ( 'NONE',  #4964 ) ;
#5702 = FACE_OUTER_BOUND ( 'NONE', #1562, .T. ) ;
#5703 = EDGE_CURVE ( 'NONE', #1849, #5359, #6091, .T. ) ;
#5704 = LINE ( 'NONE', #3676, #1400 ) ;
#5705 = ORIENTED_EDGE ( 'NONE', *, *, #5005, .T. ) ;
#5706 = ADVANCED_FACE ( 'NONE', ( #709 ), #4128, .T. ) ;
#5707 = CARTESIAN_POINT ( 'NONE',  ( -27.50000000000000355, 0.1000000000000000472, -15.25000000000000000 ) ) ;
#5708 = CARTESIAN_POINT ( 'NONE',  ( 17.50000000000000000, 21.00000000000000355, -12.49999999999999822 ) ) ;
#5709 = DIRECTION ( 'NONE',  ( 1.047444401652940007E-14, 0.000000000000000000, 1.000000000000000000 ) ) ;
#5710 = CARTESIAN_POINT ( 'NONE',  ( -12.50000000000000000, 21.00000000000000355, 0.000000000000000000 ) ) ;
#5711 = ORIENTED_EDGE ( 'NONE', *, *, #2769, .T. ) ;
#5712 = CIRCLE ( 'NONE', #2841, 0.6999999999999992895 ) ;
#5713 = FACE_OUTER_BOUND ( 'NONE', #2486, .T. ) ;
#5714 = CARTESIAN_POINT ( 'NONE',  ( 0.000000000000000000, 21.00000000000000355, -27.50000000000000000 ) ) ;
#5715 = VECTOR ( 'NONE', #2320, 1000.000000000000000 ) ;
#5716 = FACE_OUTER_BOUND ( 'NONE', #2355, .T. ) ;
#5717 = CARTESIAN_POINT ( 'NONE',  ( 18.50000000000009948, 12.99999999999999289, 23.49999999999994316 ) ) ;
#5718 = VECTOR ( 'NONE', #158, 1000.000000000000000 ) ;
#5719 = DIRECTION ( 'NONE',  ( -0.000000000000000000, 1.000000000000000000, -0.000000000000000000 ) ) ;
#5720 = EDGE_CURVE ( 'NONE', #2290, #2087, #1091, .T. ) ;
#5721 = VERTEX_POINT ( 'NONE', #2648 ) ;
#5722 = VERTEX_POINT ( 'NONE', #4605 ) ;
#5723 = CARTESIAN_POINT ( 'NONE',  ( 11.50000000000000178, 0.000000000000000000, -6.500000000000000000 ) ) ;
#5724 = ORIENTED_EDGE ( 'NONE', *, *, #2392, .F. ) ;
#5725 = FACE_BOUND ( 'NONE', #1122, .T. ) ;
#5726 = CARTESIAN_POINT ( 'NONE',  ( 18.66869921594784287, 18.94353157637683793, -18.66869921594815551 ) ) ;
#5727 = ADVANCED_FACE ( 'NONE', ( #615 ), #4998, .F. ) ;
#5728 = LINE ( 'NONE', #5791, #3555 ) ;
#5729 = CARTESIAN_POINT ( 'NONE',  ( -18.28538848585766274, 2.038676533784760103, 17.63089808097629074 ) ) ;
#5730 = ORIENTED_EDGE ( 'NONE', *, *, #1072, .F. ) ;
#5731 = VERTEX_POINT ( 'NONE', #1786 ) ;
#5732 = VERTEX_POINT ( 'NONE', #5775 ) ;
#5733 = DIRECTION ( 'NONE',  ( -0.000000000000000000, 1.000000000000000000, -0.000000000000000000 ) ) ;
#5734 = DIRECTION ( 'NONE',  ( -0.000000000000000000, 0.000000000000000000, 1.000000000000000000 ) ) ;
#5735 = CARTESIAN_POINT ( 'NONE',  ( -18.48716959523711267, 13.97796522353718096, -23.42301757142097074 ) ) ;
#5736 = EDGE_CURVE ( 'NONE', #5108, #1798, #5160, .T. ) ;
#5737 = ORIENTED_EDGE ( 'NONE', *, *, #1394, .T. ) ;
#5738 = CARTESIAN_POINT ( 'NONE',  ( -17.50000000000017053, 8.000000000000000000, -14.99999999999983125 ) ) ;
#5739 = AXIS2_PLACEMENT_3D ( 'NONE', #2695, #1196, #2574 ) ;
#5740 = EDGE_CURVE ( 'NONE', #4143, #3316, #290, .T. ) ;
#5741 = FACE_OUTER_BOUND ( 'NONE', #5114, .T. ) ;
#5742 = CARTESIAN_POINT ( 'NONE',  ( 18.10998978652570912, 3.229354225011741075, 21.15993871915373603 ) ) ;
#5743 = DIRECTION ( 'NONE',  ( -0.000000000000000000, 1.000000000000000000, -0.000000000000000000 ) ) ;
#5744 = ORIENTED_EDGE ( 'NONE', *, *, #3535, .F. ) ;
#5745 = CARTESIAN_POINT ( 'NONE',  ( 17.50000000000000000, 21.00000000000000355, -17.49999999999999645 ) ) ;
#5746 = CARTESIAN_POINT ( 'NONE',  ( 22.50000000000000000, 19.00000000000000355, -12.49999999999999822 ) ) ;
#5747 = VECTOR ( 'NONE', #3508, 1000.000000000000000 ) ;
#5748 = CARTESIAN_POINT ( 'NONE',  ( -11.49999999999999822, 2.000000000000000000, 6.500000000000000000 ) ) ;
#5749 = LINE ( 'NONE', #883, #208 ) ;
#5750 = EDGE_CURVE ( 'NONE', #1718, #1005, #5225, .T. ) ;
#5751 = CARTESIAN_POINT ( 'NONE',  ( -18.49197712378519753, 13.78350687386218354, 23.45186274271121363 ) ) ;
#5752 = DIRECTION ( 'NONE',  ( 0.000000000000000000, 0.000000000000000000, -1.000000000000000000 ) ) ;
#5753 = DIRECTION ( 'NONE',  ( -0.000000000000000000, 1.000000000000000000, -0.000000000000000000 ) ) ;
#5754 = ORIENTED_EDGE ( 'NONE', *, *, #3384, .T. ) ;
#5755 = DIRECTION ( 'NONE',  ( -1.000000000000000000, 0.000000000000000000, 0.000000000000000000 ) ) ;
#5756 = CARTESIAN_POINT ( 'NONE',  ( 23.47417623114322538, 13.71875216347712900, -23.47417623114323959 ) ) ;
#5757 = CARTESIAN_POINT ( 'NONE',  ( -4.000000000000000000, 1.399999999999999911, 6.650000000000005684 ) ) ;
#5758 = CARTESIAN_POINT ( 'NONE',  ( -17.75928256305599717, 2.191900101376482279, 19.05569537833594040 ) ) ;
#5759 = ORIENTED_EDGE ( 'NONE', *, *, #1844, .T. ) ;
#5760 = VERTEX_POINT ( 'NONE', #6146 ) ;
#5761 = VERTEX_POINT ( 'NONE', #2781 ) ;
#5762 = ORIENTED_EDGE ( 'NONE', *, *, #5411, .F. ) ;
#5763 = CIRCLE ( 'NONE', #3500, 0.6999999999999992895 ) ;
#5764 = ORIENTED_EDGE ( 'NONE', *, *, #1939, .T. ) ;
#5765 = DIRECTION ( 'NONE',  ( 0.000000000000000000, -1.000000000000000000, -0.000000000000000000 ) ) ;
#5766 = DIRECTION ( 'NONE',  ( 1.000000000000000000, 0.000000000000000000, 0.000000000000000000 ) ) ;
#5767 = CARTESIAN_POINT ( 'NONE',  ( -17.50000000000019895, 19.00000000000000355, -17.49999999999982236 ) ) ;
#5768 = ADVANCED_FACE ( 'NONE', ( #5677 ), #1282, .T. ) ;
#5769 = AXIS2_PLACEMENT_3D ( 'NONE', #783, #2757, #4721 ) ;
#5770 = VERTEX_POINT ( 'NONE', #5259 ) ;
#5771 = PLANE ( 'NONE',  #4638 ) ;
#5772 = AXIS2_PLACEMENT_3D ( 'NONE', #3757, #1854, #4168 ) ;
#5773 = ADVANCED_FACE ( 'NONE', ( #876, #2814, #962, #3906, #68, #1504, #5449, #2456, #4423 ), #3002, .F. ) ;
#5774 = CARTESIAN_POINT ( 'NONE',  ( 15.00000000000000178, 13.00000000000000355, -23.50000000000001421 ) ) ;
#5775 = CARTESIAN_POINT ( 'NONE',  ( 12.50000000000000000, 19.00000000000000355, -17.49999999999999645 ) ) ;
#5776 = VECTOR ( 'NONE', #5883, 1000.000000000000000 ) ;
#5777 = CARTESIAN_POINT ( 'NONE',  ( -19.50000000000000355, 31.39999999999999858, -13.25000000000000000 ) ) ;
#5778 = ORIENTED_EDGE ( 'NONE', *, *, #1529, .F. ) ;
#5779 = VECTOR ( 'NONE', #448, 1000.000000000000000 ) ;
#5780 = CARTESIAN_POINT ( 'NONE',  ( -2.880472104545584703E-13, 19.00000000000000355, -27.50000000000000000 ) ) ;
#5781 = FACE_OUTER_BOUND ( 'NONE', #3118, .T. ) ;
#5782 = CARTESIAN_POINT ( 'NONE',  ( -5.100000000000000533, 1.399999999999999911, 7.750000000000007105 ) ) ;
#5783 = CARTESIAN_POINT ( 'NONE',  ( 19.97696689349368526, 18.67053321296783963, 19.97696689349353960 ) ) ;
#5784 = CARTESIAN_POINT ( 'NONE',  ( 17.50000000000006040, 19.00000000000000355, 17.49999999999993960 ) ) ;
#5785 = VECTOR ( 'NONE', #3959, 1000.000000000000000 ) ;
#5786 = ADVANCED_FACE ( 'NONE', ( #1023 ), #3455, .F. ) ;
#5787 = CARTESIAN_POINT ( 'NONE',  ( -22.50000000000013145, 21.00000000000000355, -12.49999999999976552 ) ) ;
#5788 = VERTEX_POINT ( 'NONE', #2970 ) ;
#5789 = CARTESIAN_POINT ( 'NONE',  ( 23.50000000000000355, 19.00000000000000355, 9.592000396577625957E-15 ) ) ;
#5790 = CARTESIAN_POINT ( 'NONE',  ( 21.83796581139400317, 17.52032802228850272, -21.83796581139400317 ) ) ;
#5791 = CARTESIAN_POINT ( 'NONE',  ( -5.850000000000002309, 1.399999999999999911, -5.150000000000003908 ) ) ;
#5792 = VECTOR ( 'NONE', #3593, 1000.000000000000000 ) ;
#5793 = CARTESIAN_POINT ( 'NONE',  ( -18.10998978652563451, 3.229354225012183832, 21.15993871915446789 ) ) ;
#5794 = VERTEX_POINT ( 'NONE', #5325 ) ;
#5795 = EDGE_LOOP ( 'NONE', ( #162, #5724, #4343, #2802 ) ) ;
#5796 = ORIENTED_EDGE ( 'NONE', *, *, #2123, .T. ) ;
#5797 = VERTEX_POINT ( 'NONE', #4880 ) ;
#5798 = DIRECTION ( 'NONE',  ( 1.000000000000000000, 0.000000000000000000, 0.000000000000000000 ) ) ;
#5799 = CARTESIAN_POINT ( 'NONE',  ( -20.00000000000001066, 2.000000000000000000, -19.99999999999998224 ) ) ;
#5800 = CARTESIAN_POINT ( 'NONE',  ( -19.43329398279535525, 18.69355661402631696, -17.82221566379899613 ) ) ;
#5801 = ADVANCED_FACE ( 'NONE', ( #2941 ), #4396, .F. ) ;
#5802 = VECTOR ( 'NONE', #735, 1000.000000000000000 ) ;
#5803 = EDGE_CURVE ( 'NONE', #900, #5451, #3486, .T. ) ;
#5804 = ORIENTED_EDGE ( 'NONE', *, *, #5176, .T. ) ;
#5805 = CARTESIAN_POINT ( 'NONE',  ( 17.50000000000007816, 2.000000000000000000, 17.49999999999995026 ) ) ;
#5806 = ADVANCED_FACE ( 'NONE', ( #4935 ), #546, .F. ) ;
#5807 = ADVANCED_FACE ( 'NONE', ( #1943 ), #3968, .T. ) ;
#5808 = LINE ( 'NONE', #4327, #4620 ) ;
#5809 = CARTESIAN_POINT ( 'NONE',  ( -1.309305502066175071E-13, 21.00000000000000355, -12.50000000000000000 ) ) ;
#5810 = CARTESIAN_POINT ( 'NONE',  ( 5.850000000000001421, 0.000000000000000000, -9.249999999999998224 ) ) ;
#5811 = ORIENTED_EDGE ( 'NONE', *, *, #2460, .T. ) ;
#5812 = CARTESIAN_POINT ( 'NONE',  ( -27.50000000000000000, 21.00000000000000355, 17.49999999999999645 ) ) ;
#5813 = CARTESIAN_POINT ( 'NONE',  ( 13.40000000000000036, 15.75000000000003197, -23.25000000000000000 ) ) ;
#5814 = CARTESIAN_POINT ( 'NONE',  ( 18.46801665073608234, 14.55569534921594510, 23.30809990441578705 ) ) ;
#5815 = CARTESIAN_POINT ( 'NONE',  ( -20.26721574755794109, 2.432907249023310570, -20.26721574755763555 ) ) ;
#5816 = EDGE_CURVE ( 'NONE', #4311, #4566, #6, .T. ) ;
#5817 = ORIENTED_EDGE ( 'NONE', *, *, #998, .T. ) ;
#5818 = DIRECTION ( 'NONE',  ( 0.000000000000000000, -1.000000000000000000, 0.000000000000000000 ) ) ;
#5819 = CIRCLE ( 'NONE', #1415, 5.000000000000000888 ) ;
#5820 = ORIENTED_EDGE ( 'NONE', *, *, #5319, .F. ) ;
#5821 = CARTESIAN_POINT ( 'NONE',  ( 11.20000000000000107, 15.75000000000002487, -13.24999999999999822 ) ) ;
#5822 = DIRECTION ( 'NONE',  ( 0.000000000000000000, 0.000000000000000000, 1.000000000000000000 ) ) ;
#5823 = FACE_OUTER_BOUND ( 'NONE', #4425, .T. ) ;
#5824 = CARTESIAN_POINT ( 'NONE',  ( -21.15993871915390301, 3.229354225011806800, 18.10998978652578728 ) ) ;
#5825 = CARTESIAN_POINT ( 'NONE',  ( 26.00000000000000355, 1.399999999999999911, -11.74999999999999822 ) ) ;
#5826 = EDGE_CURVE ( 'NONE', #2171, #5461, #3940, .T. ) ;
#5827 = ORIENTED_EDGE ( 'NONE', *, *, #4394, .F. ) ;
#5828 = ORIENTED_EDGE ( 'NONE', *, *, #2815, .T. ) ;
#5829 = VERTEX_POINT ( 'NONE', #579 ) ;
#5830 = AXIS2_PLACEMENT_3D ( 'NONE', #5295, #4304, #6247 ) ;
#5831 = EDGE_LOOP ( 'NONE', ( #1171, #3317, #1082, #2744, #1373, #4039, #3206, #3837 ) ) ;
#5832 = DIRECTION ( 'NONE',  ( 0.000000000000000000, 1.000000000000000000, -0.000000000000000000 ) ) ;
#5833 = CARTESIAN_POINT ( 'NONE',  ( 20.00000000000000000, 0.000000000000000000, 24.99999999999998934 ) ) ;
#5834 = DIRECTION ( 'NONE',  ( 0.000000000000000000, 0.000000000000000000, -1.000000000000000000 ) ) ;
#5835 = ORIENTED_EDGE ( 'NONE', *, *, #4920, .T. ) ;
#5836 = DIRECTION ( 'NONE',  ( -1.000000000000000000, 0.000000000000000000, 0.000000000000000000 ) ) ;
#5837 = VECTOR ( 'NONE', #1677, 1000.000000000000000 ) ;
#5838 = DIRECTION ( 'NONE',  ( -1.047444401652940007E-14, 0.000000000000000000, -1.000000000000000000 ) ) ;
#5839 = DIRECTION ( 'NONE',  ( -1.000000000000000000, 0.000000000000000000, -0.000000000000000000 ) ) ;
#5840 = CYLINDRICAL_SURFACE ( 'NONE', #4232, 6.000000000000000000 ) ;
#5841 = ORIENTED_EDGE ( 'NONE', *, *, #4371, .F. ) ;
#5842 = CARTESIAN_POINT ( 'NONE',  ( 12.49999999999999822, 21.00000000000000355, -4.364351673553916063E-14 ) ) ;
#5843 = EDGE_CURVE ( 'NONE', #5302, #2675, #5528, .T. ) ;
#5844 = CARTESIAN_POINT ( 'NONE',  ( 0.000000000000000000, 8.000000000000000000, 17.50000000000001421 ) ) ;
#5845 = CARTESIAN_POINT ( 'NONE',  ( 11.50000000000000178, 2.000000000000000000, 6.500000000000000000 ) ) ;
#5846 = CARTESIAN_POINT ( 'NONE',  ( -18.29510763021271558, 4.340061290254925375, -22.27064578127478001 ) ) ;
#5847 = ORIENTED_EDGE ( 'NONE', *, *, #2001, .F. ) ;
#5848 = ORIENTED_EDGE ( 'NONE', *, *, #5128, .T. ) ;
#5849 = AXIS2_PLACEMENT_3D ( 'NONE', #2851, #4943, #935 ) ;
#5850 = CARTESIAN_POINT ( 'NONE',  ( 5.100000000000000533, 0.1000000000000000056, 7.750000000000007105 ) ) ;
#5851 = ORIENTED_EDGE ( 'NONE', *, *, #1355, .T. ) ;
#5852 = DIRECTION ( 'NONE',  ( -1.000000000000000000, 0.000000000000000000, -0.000000000000000000 ) ) ;
#5853 = FACE_OUTER_BOUND ( 'NONE', #5281, .T. ) ;
#5854 = CARTESIAN_POINT ( 'NONE',  ( 21.30000000000001137, 1.399999999999999911, -9.049999999999984723 ) ) ;
#5855 = DIRECTION ( 'NONE',  ( -0.000000000000000000, 1.000000000000000000, -0.000000000000000000 ) ) ;
#5856 = ORIENTED_EDGE ( 'NONE', *, *, #4788, .F. ) ;
#5857 = ORIENTED_EDGE ( 'NONE', *, *, #1242, .F. ) ;
#5858 = ORIENTED_EDGE ( 'NONE', *, *, #4574, .F. ) ;
#5859 = DIRECTION ( 'NONE',  ( -0.000000000000000000, -0.000000000000000000, 1.000000000000000000 ) ) ;
#5860 = LINE ( 'NONE', #1465, #5681 ) ;
#5861 = EDGE_CURVE ( 'NONE', #5415, #2126, #2522, .T. ) ;
#5862 = CARTESIAN_POINT ( 'NONE',  ( 11.20000000000000107, 15.75000000000002487, -13.24999999999999822 ) ) ;
#5863 = VECTOR ( 'NONE', #2940, 1000.000000000000000 ) ;
#5864 = EDGE_CURVE ( 'NONE', #5461, #207, #3116, .T. ) ;
#5865 = ORIENTED_EDGE ( 'NONE', *, *, #3057, .F. ) ;
#5866 = CARTESIAN_POINT ( 'NONE',  ( -27.50000000000000355, 31.39999999999999858, -15.25000000000000000 ) ) ;
#5867 = AXIS2_PLACEMENT_3D ( 'NONE', #5784, #6126, #3690 ) ;
#5868 = CIRCLE ( 'NONE', #344, 0.6999999999999975131 ) ;
#5869 = DIRECTION ( 'NONE',  ( 0.000000000000000000, 0.000000000000000000, 1.000000000000000000 ) ) ;
#5870 = DIRECTION ( 'NONE',  ( -1.000000000000000000, -0.000000000000000000, 1.006627378688779886E-14 ) ) ;
#5871 = DIRECTION ( 'NONE',  ( 0.000000000000000000, 0.000000000000000000, -1.000000000000000000 ) ) ;
#5872 = ORIENTED_EDGE ( 'NONE', *, *, #4663, .T. ) ;
#5873 = VECTOR ( 'NONE', #3230, 1000.000000000000000 ) ;
#5874 = AXIS2_PLACEMENT_3D ( 'NONE', #6001, #6030, #1594 ) ;
#5875 = FACE_OUTER_BOUND ( 'NONE', #895, .T. ) ;
#5876 = COLOUR_RGB ( '',0.7921568627450980005, 0.8196078431372548767, 0.9333333333333333481 ) ;
#5877 = DIRECTION ( 'NONE',  ( 1.000000000000000000, 0.000000000000000000, 0.000000000000000000 ) ) ;
#5878 = CARTESIAN_POINT ( 'NONE',  ( 27.50000000000000355, 1.399999999999999911, 8.250000000000003553 ) ) ;
#5879 = EDGE_CURVE ( 'NONE', #2026, #3210, #4051, .T. ) ;
#5880 = CARTESIAN_POINT ( 'NONE',  ( -21.83796581139401383, 3.479671977711239261, -21.83796581139355197 ) ) ;
#5881 = ORIENTED_EDGE ( 'NONE', *, *, #6011, .F. ) ;
#5882 = AXIS2_PLACEMENT_3D ( 'NONE', #4153, #4568, #5089 ) ;
#5883 = DIRECTION ( 'NONE',  ( 1.068261083364661692E-14, 0.000000000000000000, 1.000000000000000000 ) ) ;
#5884 = ORIENTED_EDGE ( 'NONE', *, *, #5231, .F. ) ;
#5885 = DIRECTION ( 'NONE',  ( -0.000000000000000000, -0.000000000000000000, 1.000000000000000000 ) ) ;
#5886 = CARTESIAN_POINT ( 'NONE',  ( 23.50000000000001066, 8.000000000000000000, -15.00000000000000178 ) ) ;
#5887 = EDGE_CURVE ( 'NONE', #1681, #2369, #3392, .T. ) ;
#5888 = EDGE_CURVE ( 'NONE', #1137, #5956, #5648, .T. ) ;
#5889 = VECTOR ( 'NONE', #4049, 1000.000000000000000 ) ;
#5890 = DIRECTION ( 'NONE',  ( 1.000000000000000000, 0.000000000000000000, 0.000000000000000000 ) ) ;
#5891 = CARTESIAN_POINT ( 'NONE',  ( 27.50000000000000000, 21.00000000000000355, -22.50000000000000000 ) ) ;
#5892 = ORIENTED_EDGE ( 'NONE', *, *, #3482, .F. ) ;
#5893 = ORIENTED_EDGE ( 'NONE', *, *, #3308, .F. ) ;
#5894 = AXIS2_PLACEMENT_3D ( 'NONE', #4165, #370, #2787 ) ;
#5895 = CARTESIAN_POINT ( 'NONE',  ( -18.50000000000001066, 13.00000000000000355, 23.50000000000001421 ) ) ;
#5896 = DIRECTION ( 'NONE',  ( -1.000000000000000000, 0.000000000000000000, 0.000000000000000000 ) ) ;
#5897 = FACE_OUTER_BOUND ( 'NONE', #2546, .T. ) ;
#5898 = ORIENTED_EDGE ( 'NONE', *, *, #5864, .T. ) ;
#5899 = DIRECTION ( 'NONE',  ( -3.083311109201532150E-15, 0.000000000000000000, -1.000000000000000000 ) ) ;
#5900 = DIRECTION ( 'NONE',  ( -0.000000000000000000, -0.000000000000000000, 1.000000000000000000 ) ) ;
#5901 = VECTOR ( 'NONE', #1519, 1000.000000000000000 ) ;
#5902 = PLANE ( 'NONE',  #5351 ) ;
#5903 = CARTESIAN_POINT ( 'NONE',  ( -4.749999999999993783, 0.000000000000000000, -10.34999999999999787 ) ) ;
#5904 = LINE ( 'NONE', #1054, #858 ) ;
#5905 = EDGE_CURVE ( 'NONE', #257, #1626, #4907, .T. ) ;
#5906 = ORIENTED_EDGE ( 'NONE', *, *, #130, .T. ) ;
#5907 = VERTEX_POINT ( 'NONE', #188 ) ;
#5908 = DIRECTION ( 'NONE',  ( 1.000000000000000000, 0.000000000000000000, 0.000000000000000000 ) ) ;
#5909 = FACE_OUTER_BOUND ( 'NONE', #3561, .T. ) ;
#5910 = DIRECTION ( 'NONE',  ( 2.312964634635756861E-15, 0.000000000000000000, 1.000000000000000000 ) ) ;
#5911 = CARTESIAN_POINT ( 'NONE',  ( -19.43329398279544407, 2.306443385973719451, -17.82221566379915600 ) ) ;
#5912 = CARTESIAN_POINT ( 'NONE',  ( 21.29999999999999005, 1.399999999999999911, 9.049999999999998934 ) ) ;
#5913 = VERTEX_POINT ( 'NONE', #3096 ) ;
#5914 = FACE_OUTER_BOUND ( 'NONE', #4162, .T. ) ;
#5915 = DIRECTION ( 'NONE',  ( -0.000000000000000000, -0.000000000000000000, 1.000000000000000000 ) ) ;
#5916 = EDGE_CURVE ( 'NONE', #559, #2279, #3120, .T. ) ;
#5917 = DIRECTION ( 'NONE',  ( -0.000000000000000000, 1.000000000000000000, -0.000000000000000000 ) ) ;
#5918 = CARTESIAN_POINT ( 'NONE',  ( 9.601573681818617358E-14, 21.00000000000000355, 27.50000000000000000 ) ) ;
#5919 = ORIENTED_EDGE ( 'NONE', *, *, #2898, .T. ) ;
#5920 = EDGE_CURVE ( 'NONE', #5610, #5073, #3064, .T. ) ;
#5921 = VERTEX_POINT ( 'NONE', #3518 ) ;
#5922 = VECTOR ( 'NONE', #3311, 1000.000000000000000 ) ;
#5923 = LINE ( 'NONE', #6300, #3570 ) ;
#5924 = CARTESIAN_POINT ( 'NONE',  ( -21.30000000000000426, 0.000000000000000000, -9.849999999999997868 ) ) ;
#5925 = DIRECTION ( 'NONE',  ( 1.000000000000000000, 0.000000000000000000, 0.000000000000000000 ) ) ;
#5926 = AXIS2_PLACEMENT_3D ( 'NONE', #88, #3510, #2483 ) ;
#5927 = VERTEX_POINT ( 'NONE', #5030 ) ;
#5928 = ORIENTED_EDGE ( 'NONE', *, *, #5920, .T. ) ;
#5929 = EDGE_CURVE ( 'NONE', #2834, #178, #2417, .T. ) ;
#5930 = DIRECTION ( 'NONE',  ( 1.000000000000000000, -0.000000000000000000, -0.000000000000000000 ) ) ;
#5931 = DIRECTION ( 'NONE',  ( 0.000000000000000000, 0.000000000000000000, -1.000000000000000000 ) ) ;
#5932 = FACE_OUTER_BOUND ( 'NONE', #1270, .T. ) ;
#5933 = CARTESIAN_POINT ( 'NONE',  ( 22.50000000000009592, 21.00000000000000355, 27.49999999999992184 ) ) ;
#5934 = DIRECTION ( 'NONE',  ( 0.000000000000000000, -1.000000000000000000, -0.000000000000000000 ) ) ;
#5935 = EDGE_CURVE ( 'NONE', #5965, #6138, #4557, .T. ) ;
#5936 = ORIENTED_EDGE ( 'NONE', *, *, #3795, .T. ) ;
#5937 = DIRECTION ( 'NONE',  ( 1.000000000000000000, 0.000000000000000000, 0.000000000000000000 ) ) ;
#5938 = EDGE_CURVE ( 'NONE', #1329, #2077, #1680, .T. ) ;
#5939 = CARTESIAN_POINT ( 'NONE',  ( 20.26721574755784516, 2.432907249023241292, -20.26721574755785582 ) ) ;
#5940 = DIRECTION ( 'NONE',  ( 0.000000000000000000, -1.000000000000000000, 0.000000000000000000 ) ) ;
#5941 = CARTESIAN_POINT ( 'NONE',  ( -18.49839232955946855, 7.607301189907559547, -23.49035397735499231 ) ) ;
#5942 = VECTOR ( 'NONE', #4973, 1000.000000000000000 ) ;
#5943 = VERTEX_POINT ( 'NONE', #4600 ) ;
#5944 = DIRECTION ( 'NONE',  ( 3.491481338843132961E-15, 0.000000000000000000, 1.000000000000000000 ) ) ;
#5945 = DIRECTION ( 'NONE',  ( -1.000000000000000000, 0.000000000000000000, 0.000000000000000000 ) ) ;
#5946 = VECTOR ( 'NONE', #848, 1000.000000000000000 ) ;
#5947 = CARTESIAN_POINT ( 'NONE',  ( -22.50000000000023448, 21.00000000000000355, -22.49999999999976197 ) ) ;
#5948 = DIRECTION ( 'NONE',  ( 1.047444401652940007E-14, 0.000000000000000000, 1.000000000000000000 ) ) ;
#5949 = ORIENTED_EDGE ( 'NONE', *, *, #3911, .F. ) ;
#5950 = EDGE_LOOP ( 'NONE', ( #4610, #5051, #1735, #4766 ) ) ;
#5951 = DIRECTION ( 'NONE',  ( 0.000000000000000000, 0.000000000000000000, 1.000000000000000000 ) ) ;
#5952 = CARTESIAN_POINT ( 'NONE',  ( -27.50000000000000355, 14.93553390593273633, -11.78553390593273775 ) ) ;
#5953 = DIRECTION ( 'NONE',  ( -0.000000000000000000, 1.000000000000000000, -0.000000000000000000 ) ) ;
#5954 = CIRCLE ( 'NONE', #3171, 5.000000000000000888 ) ;
#5955 = ADVANCED_FACE ( 'NONE', ( #1115 ), #2099, .F. ) ;
#5956 = VERTEX_POINT ( 'NONE', #4089 ) ;
#5957 = VERTEX_POINT ( 'NONE', #4571 ) ;
#5958 = ADVANCED_FACE ( 'NONE', ( #1176 ), #4636, .F. ) ;
#5959 = DIRECTION ( 'NONE',  ( 0.000000000000000000, -1.000000000000000000, 0.000000000000000000 ) ) ;
#5960 = FACE_OUTER_BOUND ( 'NONE', #2088, .T. ) ;
#5961 = VECTOR ( 'NONE', #2073, 1000.000000000000000 ) ;
#5962 = CARTESIAN_POINT ( 'NONE',  ( -18.49999999999183586, 7.803650343936832101, 23.50000000000001776 ) ) ;
#5963 = FACE_OUTER_BOUND ( 'NONE', #6021, .T. ) ;
#5964 = DIRECTION ( 'NONE',  ( 0.000000000000000000, 0.000000000000000000, -1.000000000000000000 ) ) ;
#5965 = VERTEX_POINT ( 'NONE', #4122 ) ;
#5966 = AXIS2_PLACEMENT_3D ( 'NONE', #5448, #2098, #3967 ) ;
#5967 = ORIENTED_EDGE ( 'NONE', *, *, #3714, .F. ) ;
#5968 = CARTESIAN_POINT ( 'NONE',  ( 18.28538848585766274, 2.038676533784760103, -17.63089808097629074 ) ) ;
#5969 = CARTESIAN_POINT ( 'NONE',  ( 13.90000000000001279, 2.000000000000000000, 1.249999999999994005 ) ) ;
#5970 = AXIS2_PLACEMENT_3D ( 'NONE', #2792, #3728, #2278 ) ;
#5971 = DIRECTION ( 'NONE',  ( -1.000000000000000000, 0.000000000000000000, 0.000000000000000000 ) ) ;
#5972 = ORIENTED_EDGE ( 'NONE', *, *, #6089, .T. ) ;
#5973 = EDGE_LOOP ( 'NONE', ( #215, #118, #5039, #1116, #804, #3985, #4866, #2125 ) ) ;
#5974 = FILL_AREA_STYLE_COLOUR ( '', #5876 ) ;
#5975 = ORIENTED_EDGE ( 'NONE', *, *, #2651, .T. ) ;
#5976 = CIRCLE ( 'NONE', #3824, 5.000000000000000888 ) ;
#5977 = CARTESIAN_POINT ( 'NONE',  ( 17.50000000000007816, 21.00000000000000355, 22.49999999999993605 ) ) ;
#5978 = CARTESIAN_POINT ( 'NONE',  ( 21.30000000000001137, 0.1000000000000000056, -9.049999999999984723 ) ) ;
#5979 = CARTESIAN_POINT ( 'NONE',  ( -15.59999999999999787, 15.75000000000000000, -13.24999999999999822 ) ) ;
#5980 = VECTOR ( 'NONE', #915, 1000.000000000000000 ) ;
#5981 = EDGE_CURVE ( 'NONE', #3538, #3056, #6099, .T. ) ;
#5982 = EDGE_LOOP ( 'NONE', ( #1684, #179 ) ) ;
#5983 = ORIENTED_EDGE ( 'NONE', *, *, #510, .T. ) ;
#5984 = FACE_OUTER_BOUND ( 'NONE', #4619, .T. ) ;
#5985 = CARTESIAN_POINT ( 'NONE',  ( -21.30000000000000426, 0.1000000000000000056, -9.049999999999998934 ) ) ;
#5986 = CARTESIAN_POINT ( 'NONE',  ( -11.19999999999999751, 15.75000000000000000, -15.25000000000000000 ) ) ;
#5987 = ORIENTED_EDGE ( 'NONE', *, *, #5353, .F. ) ;
#5988 = ORIENTED_EDGE ( 'NONE', *, *, #3260, .F. ) ;
#5989 = CIRCLE ( 'NONE', #769, 6.000000000000000000 ) ;
#5990 = CARTESIAN_POINT ( 'NONE',  ( 17.95962937831030004, 18.99378655249272896, 17.95962937830938344 ) ) ;
#5991 = CARTESIAN_POINT ( 'NONE',  ( 22.50000000000000000, 21.00000000000000355, -12.49999999999999822 ) ) ;
#5992 = CARTESIAN_POINT ( 'NONE',  ( 21.01471862576151040, 2.000000000000001332, 18.08578643762683669 ) ) ;
#5993 = PRODUCT_DEFINITION_CONTEXT ( 'detailed design', #2965, 'design' ) ;
#5994 = AXIS2_PLACEMENT_3D ( 'NONE', #3016, #6010, #4135 ) ;
#5995 = CARTESIAN_POINT ( 'NONE',  ( -18.49197712378519753, 7.216493126137728531, 23.45186274271120652 ) ) ;
#5996 = DIRECTION ( 'NONE',  ( 0.000000000000000000, 0.000000000000000000, 1.000000000000000000 ) ) ;
#5997 = EDGE_CURVE ( 'NONE', #778, #4139, #6304, .T. ) ;
#5998 = VERTEX_POINT ( 'NONE', #3614 ) ;
#5999 = EDGE_CURVE ( 'NONE', #178, #2834, #271, .T. ) ;
#6000 = EDGE_CURVE ( 'NONE', #3647, #6239, #2161, .T. ) ;
#6001 = CARTESIAN_POINT ( 'NONE',  ( 21.29999999999999005, 0.000000000000000000, 9.049999999999998934 ) ) ;
#6002 = CARTESIAN_POINT ( 'NONE',  ( 23.49999999815099017, 7.639984025277327007, 23.49999999815081608 ) ) ;
#6003 = CARTESIAN_POINT ( 'NONE',  ( -17.50000000000019895, 2.000000000000000000, -17.49999999999982236 ) ) ;
#6004 = VERTEX_POINT ( 'NONE', #6085 ) ;
#6005 = ORIENTED_EDGE ( 'NONE', *, *, #5564, .T. ) ;
#6006 = VECTOR ( 'NONE', #2419, 1000.000000000000000 ) ;
#6007 = SURFACE_STYLE_FILL_AREA ( #258 ) ;
#6008 = VERTEX_POINT ( 'NONE', #5002 ) ;
#6009 = DIRECTION ( 'NONE',  ( -1.000000000000000000, 0.000000000000000000, 0.000000000000000000 ) ) ;
#6010 = DIRECTION ( 'NONE',  ( -0.000000000000000000, -0.000000000000000000, 1.000000000000000000 ) ) ;
#6011 = EDGE_CURVE ( 'NONE', #3437, #443, #1285, .T. ) ;
#6012 = DIRECTION ( 'NONE',  ( -1.000000000000000000, 0.000000000000000000, 0.000000000000000000 ) ) ;
#6013 = EDGE_CURVE ( 'NONE', #3637, #3121, #3227, .T. ) ;
#6014 = ORIENTED_EDGE ( 'NONE', *, *, #538, .T. ) ;
#6015 = EDGE_LOOP ( 'NONE', ( #5529, #951, #322, #6128, #1724, #2298, #3334 ) ) ;
#6016 = CARTESIAN_POINT ( 'NONE',  ( 13.90000000000001279, -1.000000000000000000, -1.250000000000000888 ) ) ;
#6017 = CARTESIAN_POINT ( 'NONE',  ( 21.30000000000001137, 0.1000000000000000056, -9.049999999999984723 ) ) ;
#6018 = CARTESIAN_POINT ( 'NONE',  ( 0.7000000000000050626, 9.149999999999998579, -23.25000000000000000 ) ) ;
#6019 = ADVANCED_FACE ( 'NONE', ( #5963 ), #4543, .F. ) ;
#6020 = ORIENTED_EDGE ( 'NONE', *, *, #5938, .T. ) ;
#6021 = EDGE_LOOP ( 'NONE', ( #1737, #2606, #2870, #4741, #1169, #763, #337, #5235, #5762, #4349 ) ) ;
#6022 = AXIS2_PLACEMENT_3D ( 'NONE', #5307, #49, #1006 ) ;
#6023 = FACE_OUTER_BOUND ( 'NONE', #4535, .T. ) ;
#6024 = CARTESIAN_POINT ( 'NONE',  ( 22.50000000000000000, 21.00000000000000355, -17.49999999999999645 ) ) ;
#6025 = CARTESIAN_POINT ( 'NONE',  ( -5.100000000000000533, 1.399999999999999911, 9.250000000000005329 ) ) ;
#6026 = VECTOR ( 'NONE', #3000, 1000.000000000000000 ) ;
#6027 = CARTESIAN_POINT ( 'NONE',  ( -23.29960934660788752, 6.246085611631633228, 23.29960934660789817 ) ) ;
#6028 = CARTESIAN_POINT ( 'NONE',  ( 19.50000000000000355, 31.39999999999999858, -15.25000000000000000 ) ) ;
#6029 = VERTEX_POINT ( 'NONE', #675 ) ;
#6030 = DIRECTION ( 'NONE',  ( -0.000000000000000000, 1.000000000000000000, -0.000000000000000000 ) ) ;
#6031 = FACE_OUTER_BOUND ( 'NONE', #5019, .T. ) ;
#6032 = DIRECTION ( 'NONE',  ( 0.000000000000000000, 0.000000000000000000, 1.000000000000000000 ) ) ;
#6033 = VECTOR ( 'NONE', #5082, 1000.000000000000000 ) ;
#6034 = ORIENTED_EDGE ( 'NONE', *, *, #3639, .T. ) ;
#6035 = ORIENTED_EDGE ( 'NONE', *, *, #6013, .F. ) ;
#6036 = EDGE_CURVE ( 'NONE', #4505, #1220, #610, .T. ) ;
#6037 = DIRECTION ( 'NONE',  ( -3.491481338843132961E-15, 0.000000000000000000, -1.000000000000000000 ) ) ;
#6038 = CYLINDRICAL_SURFACE ( 'NONE', #3217, 0.7999999999999986011 ) ;
#6039 = CARTESIAN_POINT ( 'NONE',  ( -14.99999999999999822, 19.00000000000000355, 25.00000000000000000 ) ) ;
#6040 = EDGE_CURVE ( 'NONE', #1591, #6106, #3947, .T. ) ;
#6041 = ORIENTED_EDGE ( 'NONE', *, *, #1372, .F. ) ;
#6042 = ORIENTED_EDGE ( 'NONE', *, *, #5816, .T. ) ;
#6043 = CARTESIAN_POINT ( 'NONE',  ( 18.50000000000001066, 19.00000000000000355, -23.50000000000001421 ) ) ;
#6044 = CARTESIAN_POINT ( 'NONE',  ( 5.849999999999998757, 0.1000000000000000056, -5.150000000000003908 ) ) ;
#6045 = CARTESIAN_POINT ( 'NONE',  ( -19.99999999999999645, 19.00000000000000355, 20.00000000000000000 ) ) ;
#6046 = VERTEX_POINT ( 'NONE', #836 ) ;
#6047 = ORIENTED_EDGE ( 'NONE', *, *, #5750, .F. ) ;
#6048 = EDGE_CURVE ( 'NONE', #2126, #1371, #1496, .T. ) ;
#6049 = EDGE_LOOP ( 'NONE', ( #1238, #272 ) ) ;
#6050 = DIRECTION ( 'NONE',  ( 0.000000000000000000, 0.000000000000000000, -1.000000000000000000 ) ) ;
#6051 = PLANE ( 'NONE',  #558 ) ;
#6052 = VECTOR ( 'NONE', #388, 1000.000000000000000 ) ;
#6053 = DIRECTION ( 'NONE',  ( -2.775557561562892337E-16, 0.000000000000000000, -1.000000000000000000 ) ) ;
#6054 = CARTESIAN_POINT ( 'NONE',  ( 3.887357607529844343E-15, 22.35000000000000142, -15.25000000000000000 ) ) ;
#6055 = CARTESIAN_POINT ( 'NONE',  ( -21.29999999999999716, 0.1000000000000000056, 9.049999999999984723 ) ) ;
#6056 = ORIENTED_EDGE ( 'NONE', *, *, #612, .T. ) ;
#6057 = CIRCLE ( 'NONE', #1352, 4.999999999999999112 ) ;
#6058 = VECTOR ( 'NONE', #5832, 1000.000000000000000 ) ;
#6059 = DIRECTION ( 'NONE',  ( 0.000000000000000000, 0.000000000000000000, 1.000000000000000000 ) ) ;
#6060 = CARTESIAN_POINT ( 'NONE',  ( 15.00000000000005507, 19.00000000000000355, -3.469446951953648268E-14 ) ) ;
#6061 = CARTESIAN_POINT ( 'NONE',  ( -15.00000000000018474, 13.00000000000000355, -17.49999999999985079 ) ) ;
#6062 = EDGE_LOOP ( 'NONE', ( #4954, #5216, #2387, #4366 ) ) ;
#6063 = AXIS2_PLACEMENT_3D ( 'NONE', #484, #2430, #1471 ) ;
#6064 = ORIENTED_EDGE ( 'NONE', *, *, #867, .T. ) ;
#6065 = CARTESIAN_POINT ( 'NONE',  ( 15.00000000000000178, 19.00000000000000355, -5.237222008264700664E-14 ) ) ;
#6066 = LINE ( 'NONE', #3534, #669 ) ;
#6067 = VECTOR ( 'NONE', #3132, 1000.000000000000000 ) ;
#6068 = CARTESIAN_POINT ( 'NONE',  ( -18.66869921594784287, 18.94353157637683793, 18.66869921594815551 ) ) ;
#6069 = ITEM_DEFINED_TRANSFORMATION ( 'NONE', 'NONE', #3952,  #6307 ) ;
#6070 = ORIENTED_EDGE ( 'NONE', *, *, #3805, .T. ) ;
#6071 = ADVANCED_FACE ( 'NONE', ( #1900 ), #2927, .T. ) ;
#6072 = ORIENTED_EDGE ( 'NONE', *, *, #5567, .T. ) ;
#6073 = CARTESIAN_POINT ( 'NONE',  ( -15.00000000000000178, 2.000000000000000000, 17.50000000000001421 ) ) ;
#6074 = LINE ( 'NONE', #5053, #5270 ) ;
#6075 = EDGE_CURVE ( 'NONE', #4787, #3504, #4667, .T. ) ;
#6076 = FACE_OUTER_BOUND ( 'NONE', #502, .T. ) ;
#6077 = VECTOR ( 'NONE', #3812, 1000.000000000000000 ) ;
#6078 = VERTEX_POINT ( 'NONE', #1237 ) ;
#6079 = ORIENTED_EDGE ( 'NONE', *, *, #1988, .T. ) ;
#6080 = ORIENTED_EDGE ( 'NONE', *, *, #871, .F. ) ;
#6081 = AXIS2_PLACEMENT_3D ( 'NONE', #3091, #5570, #4058 ) ;
#6082 = CARTESIAN_POINT ( 'NONE',  ( 17.50000000000000000, 21.00000000000000355, -27.50000000000000000 ) ) ;
#6083 = LINE ( 'NONE', #1706, #4537 ) ;
#6084 = FACE_BOUND ( 'NONE', #2448, .T. ) ;
#6085 = CARTESIAN_POINT ( 'NONE',  ( -12.69999999999999751, 15.75000000000000000, -13.24999999999999822 ) ) ;
#6086 = EDGE_CURVE ( 'NONE', #5315, #2828, #2774, .T. ) ;
#6087 = VECTOR ( 'NONE', #3146, 1000.000000000000000 ) ;
#6088 = ORIENTED_EDGE ( 'NONE', *, *, #3260, .T. ) ;
#6089 = EDGE_CURVE ( 'NONE', #5352, #76, #802, .T. ) ;
#6090 = CARTESIAN_POINT ( 'NONE',  ( 9.601573681818617358E-14, 21.00000000000000355, 27.50000000000000000 ) ) ;
#6091 = LINE ( 'NONE', #6060, #5507 ) ;
#6092 = DIRECTION ( 'NONE',  ( 0.000000000000000000, 1.000000000000000000, 0.000000000000000000 ) ) ;
#6093 = ORIENTED_EDGE ( 'NONE', *, *, #2769, .F. ) ;
#6094 = ORIENTED_EDGE ( 'NONE', *, *, #726, .F. ) ;
#6095 = CARTESIAN_POINT ( 'NONE',  ( 0.000000000000000000, 1.399999999999999911, 3.821067811865476838 ) ) ;
#6096 = LINE ( 'NONE', #5104, #4256 ) ;
#6097 = CARTESIAN_POINT ( 'NONE',  ( -23.30809990441584389, 14.55569534921597707, 18.46801665073600063 ) ) ;
#6098 = VERTEX_POINT ( 'NONE', #3412 ) ;
#6099 = CIRCLE ( 'NONE', #382, 0.7999999999999986011 ) ;
#6100 = ORIENTED_EDGE ( 'NONE', *, *, #297, .F. ) ;
#6101 = PLANE ( 'NONE',  #2388 ) ;
#6102 = ORIENTED_EDGE ( 'NONE', *, *, #119, .F. ) ;
#6103 = CYLINDRICAL_SURFACE ( 'NONE', #2541, 8.100000000000001421 ) ;
#6104 = DIRECTION ( 'NONE',  ( -0.000000000000000000, -0.000000000000000000, 1.000000000000000000 ) ) ;
#6105 = DIRECTION ( 'NONE',  ( 0.000000000000000000, 1.000000000000000000, 0.000000000000000000 ) ) ;
#6106 = VERTEX_POINT ( 'NONE', #4230 ) ;
#6107 = VERTEX_POINT ( 'NONE', #5373 ) ;
#6108 = VERTEX_POINT ( 'NONE', #1710 ) ;
#6109 = DIRECTION ( 'NONE',  ( 0.000000000000000000, 0.000000000000000000, -1.000000000000000000 ) ) ;
#6110 = FACE_OUTER_BOUND ( 'NONE', #784, .T. ) ;
#6111 = DIRECTION ( 'NONE',  ( 2.775557561562892337E-16, -0.000000000000000000, 1.000000000000000000 ) ) ;
#6112 = CARTESIAN_POINT ( 'NONE',  ( 21.29999999999999005, 0.000000000000000000, 9.049999999999998934 ) ) ;
#6113 = EDGE_LOOP ( 'NONE', ( #3702, #311, #3632, #6261 ) ) ;
#6114 = CYLINDRICAL_SURFACE ( 'NONE', #5673, 5.000000000000000888 ) ;
#6115 = AXIS2_PLACEMENT_3D ( 'NONE', #6165, #4767, #5755 ) ;
#6116 = LINE ( 'NONE', #1210, #4744 ) ;
#6117 = DIRECTION ( 'NONE',  ( -0.000000000000000000, 1.000000000000000000, -0.000000000000000000 ) ) ;
#6118 = DIRECTION ( 'NONE',  ( 0.000000000000000000, 0.000000000000000000, -1.000000000000000000 ) ) ;
#6119 = EDGE_LOOP ( 'NONE', ( #4095, #5177, #5936, #2420 ) ) ;
#6120 = VECTOR ( 'NONE', #5900, 1000.000000000000000 ) ;
#6121 = EDGE_CURVE ( 'NONE', #4082, #3700, #5704, .T. ) ;
#6122 = ORIENTED_EDGE ( 'NONE', *, *, #3046, .F. ) ;
#6123 = DIRECTION ( 'NONE',  ( 0.000000000000000000, 0.000000000000000000, 1.000000000000000000 ) ) ;
#6124 = CARTESIAN_POINT ( 'NONE',  ( 2.946806295815515460E-15, 15.75000000000000000, -13.24999999999999822 ) ) ;
#6125 = CARTESIAN_POINT ( 'NONE',  ( -11.49999999999999822, -1.000000000000000000, -6.500000000000000000 ) ) ;
#6126 = DIRECTION ( 'NONE',  ( -0.000000000000000000, -1.000000000000000000, -0.000000000000000000 ) ) ;
#6127 = DIRECTION ( 'NONE',  ( 1.000000000000000000, -5.551115123125780237E-17, -4.126509184694188659E-33 ) ) ;
#6128 = ORIENTED_EDGE ( 'NONE', *, *, #1831, .T. ) ;
#6129 = VERTEX_POINT ( 'NONE', #6142 ) ;
#6130 = CARTESIAN_POINT ( 'NONE',  ( -27.50000000000018474, 19.00000000000000355, -17.49999999999971223 ) ) ;
#6131 = EDGE_LOOP ( 'NONE', ( #189, #3174 ) ) ;
#6132 = CARTESIAN_POINT ( 'NONE',  ( -17.50000000000019895, 19.00000000000000355, -17.49999999999982592 ) ) ;
#6133 = CARTESIAN_POINT ( 'NONE',  ( 23.42301757142116259, 13.97796522353718096, -18.48716959523686754 ) ) ;
#6134 = DIRECTION ( 'NONE',  ( 5.804445973478889821E-15, -0.000000000000000000, 1.000000000000000000 ) ) ;
#6135 = ORIENTED_EDGE ( 'NONE', *, *, #6263, .T. ) ;
#6136 = AXIS2_PLACEMENT_3D ( 'NONE', #334, #433, #1760 ) ;
#6137 = EDGE_LOOP ( 'NONE', ( #4751, #2568 ) ) ;
#6138 = VERTEX_POINT ( 'NONE', #5825 ) ;
#6139 = LINE ( 'NONE', #281, #6052 ) ;
#6140 = DIRECTION ( 'NONE',  ( 0.000000000000000000, 1.000000000000000000, -0.000000000000000000 ) ) ;
#6141 = FACE_BOUND ( 'NONE', #1767, .T. ) ;
#6142 = CARTESIAN_POINT ( 'NONE',  ( -26.00000000000000355, 14.93553390593273456, -11.78553390593273420 ) ) ;
#6143 = EDGE_LOOP ( 'NONE', ( #1506, #605 ) ) ;
#6144 = AXIS2_PLACEMENT_3D ( 'NONE', #1873, #3285, #4734 ) ;
#6145 = CARTESIAN_POINT ( 'NONE',  ( 4.749999999999999112, 1.399999999999999911, -5.050000000000003375 ) ) ;
#6146 = CARTESIAN_POINT ( 'NONE',  ( 18.50000000000009237, 13.00000000000000355, 23.49999999999994671 ) ) ;
#6147 = LINE ( 'NONE', #4302, #543 ) ;
#6148 = ORIENTED_EDGE ( 'NONE', *, *, #5645, .F. ) ;
#6149 = ORIENTED_EDGE ( 'NONE', *, *, #2175, .T. ) ;
#6150 = DIRECTION ( 'NONE',  ( 0.000000000000000000, 0.000000000000000000, -1.000000000000000000 ) ) ;
#6151 = DIRECTION ( 'NONE',  ( -0.000000000000000000, -0.000000000000000000, 1.000000000000000000 ) ) ;
#6152 = VECTOR ( 'NONE', #5940, 1000.000000000000000 ) ;
#6153 = CARTESIAN_POINT ( 'NONE',  ( -17.50000000000019895, 2.000000000000000000, -17.49999999999982592 ) ) ;
#6154 = CARTESIAN_POINT ( 'NONE',  ( 12.49999999999999822, 21.00000000000000355, -4.364351673553916063E-14 ) ) ;
#6155 = AXIS2_PLACEMENT_3D ( 'NONE', #2926, #4892, #2508 ) ;
#6156 = CARTESIAN_POINT ( 'NONE',  ( -18.49999999999183586, 13.19634965606317145, 23.50000000000001776 ) ) ;
#6157 = APPLICATION_PROTOCOL_DEFINITION ( 'draft international standard', 'automotive_design', 1998, #565 ) ;
#6158 = ORIENTED_EDGE ( 'NONE', *, *, #5616, .F. ) ;
#6159 = ORIENTED_EDGE ( 'NONE', *, *, #172, .T. ) ;
#6160 = APPLICATION_CONTEXT ( 'automotive_design' ) ;
#6161 = EDGE_CURVE ( 'NONE', #6129, #378, #6326, .T. ) ;
#6162 = LINE ( 'NONE', #4765, #5669 ) ;
#6163 = ORIENTED_EDGE ( 'NONE', *, *, #4329, .T. ) ;
#6164 = VECTOR ( 'NONE', #5719, 1000.000000000000000 ) ;
#6165 = CARTESIAN_POINT ( 'NONE',  ( 0.000000000000000000, 0.000000000000000000, -15.25000000000000000 ) ) ;
#6166 = CARTESIAN_POINT ( 'NONE',  ( 23.19355660569167910, 14.93329400291677622, -18.44892610094856877 ) ) ;
#6167 = LINE ( 'NONE', #919, #401 ) ;
#6168 = DIRECTION ( 'NONE',  ( -1.000000000000000000, 0.000000000000000000, 0.000000000000000000 ) ) ;
#6169 = EDGE_CURVE ( 'NONE', #3705, #5794, #1898, .T. ) ;
#6170 = VECTOR ( 'NONE', #4397, 1000.000000000000000 ) ;
#6171 = ORIENTED_EDGE ( 'NONE', *, *, #2474, .F. ) ;
#6172 = ORIENTED_EDGE ( 'NONE', *, *, #4867, .T. ) ;
#6173 = ORIENTED_EDGE ( 'NONE', *, *, #3178, .T. ) ;
#6174 = CARTESIAN_POINT ( 'NONE',  ( 18.50000000000001066, 19.00000000000000355, -18.50000000000001421 ) ) ;
#6175 = DIRECTION ( 'NONE',  ( 0.000000000000000000, 1.000000000000000000, -0.000000000000000000 ) ) ;
#6176 = CARTESIAN_POINT ( 'NONE',  ( -22.75625254439658107, 16.25818934172505692, -22.75625254439622225 ) ) ;
#6177 = VECTOR ( 'NONE', #1927, 1000.000000000000000 ) ;
#6178 = CARTESIAN_POINT ( 'NONE',  ( -26.00000000000000355, 1.399999999999999911, 1.750000000000001554 ) ) ;
#6179 = ORIENTED_EDGE ( 'NONE', *, *, #3041, .T. ) ;
#6180 = EDGE_CURVE ( 'NONE', #1499, #6008, #1429, .T. ) ;
#6181 = DIRECTION ( 'NONE',  ( -0.000000000000000000, -0.000000000000000000, 1.000000000000000000 ) ) ;
#6182 = ADVANCED_FACE ( 'NONE', ( #2192, #1742 ), #1781, .F. ) ;
#6183 = AXIS2_PLACEMENT_3D ( 'NONE', #721, #2573, #5625 ) ;
#6184 = DIRECTION ( 'NONE',  ( 1.000000000000000000, 0.000000000000000000, 0.000000000000000000 ) ) ;
#6185 = CARTESIAN_POINT ( 'NONE',  ( 17.63089808097635469, 2.038676533784755662, 18.28538848585757037 ) ) ;
#6186 = DIRECTION ( 'NONE',  ( -0.000000000000000000, 1.000000000000000000, -0.000000000000000000 ) ) ;
#6187 = ORIENTED_EDGE ( 'NONE', *, *, #4002, .T. ) ;
#6188 = VERTEX_POINT ( 'NONE', #4156 ) ;
#6189 = ADVANCED_FACE ( 'NONE', ( #2897 ), #2742, .F. ) ;
#6190 = PLANE ( 'NONE',  #4805 ) ;
#6191 = DIRECTION ( 'NONE',  ( 0.000000000000000000, 1.000000000000000000, -0.000000000000000000 ) ) ;
#6192 = DIRECTION ( 'NONE',  ( 0.000000000000000000, 0.000000000000000000, 1.000000000000000000 ) ) ;
#6193 = CARTESIAN_POINT ( 'NONE',  ( 19.42876307165490957, 18.82177372592212805, 19.42876307165476035 ) ) ;
#6194 = CARTESIAN_POINT ( 'NONE',  ( -23.45186274271120652, 13.78350687386218354, 18.49197712378520464 ) ) ;
#6195 = ORIENTED_EDGE ( 'NONE', *, *, #63, .T. ) ;
#6196 = FACE_OUTER_BOUND ( 'NONE', #2156, .T. ) ;
#6197 = ORIENTED_EDGE ( 'NONE', *, *, #5353, .T. ) ;
#6198 = CARTESIAN_POINT ( 'NONE',  ( 20.00000000000000000, 2.000000000000000000, -24.99999999999998934 ) ) ;
#6199 = CARTESIAN_POINT ( 'NONE',  ( 23.50000000000000711, 12.99999999999998401, -23.50000000000001776 ) ) ;
#6200 = DIRECTION ( 'NONE',  ( 1.000000000000000000, 0.000000000000000000, 6.802837160693364596E-16 ) ) ;
#6201 = VECTOR ( 'NONE', #3378, 1000.000000000000000 ) ;
#6202 = CARTESIAN_POINT ( 'NONE',  ( -18.44892610094868601, 6.066705997083349011, 23.19355660569173239 ) ) ;
#6203 = EDGE_CURVE ( 'NONE', #1520, #6046, #3190, .T. ) ;
#6204 = ORIENTED_EDGE ( 'NONE', *, *, #1847, .T. ) ;
#6205 = ORIENTED_EDGE ( 'NONE', *, *, #5905, .F. ) ;
#6206 = ORIENTED_EDGE ( 'NONE', *, *, #771, .F. ) ;
#6207 = DIRECTION ( 'NONE',  ( -0.000000000000000000, -0.000000000000000000, 1.000000000000000000 ) ) ;
#6208 = DIRECTION ( 'NONE',  ( 1.000000000000000000, 0.000000000000000000, -5.804445973478889821E-15 ) ) ;
#6209 = CARTESIAN_POINT ( 'NONE',  ( -18.10998978652586899, 17.77064577498819631, -21.15993871915370406 ) ) ;
#6210 = ORIENTED_EDGE ( 'NONE', *, *, #5997, .F. ) ;
#6211 = CARTESIAN_POINT ( 'NONE',  ( 4.750000000000007994, 0.1000000000000000056, -10.34999999999999787 ) ) ;
#6212 = EDGE_CURVE ( 'NONE', #2907, #2245, #2224, .T. ) ;
#6213 = DIRECTION ( 'NONE',  ( -0.000000000000000000, -1.000000000000000000, -0.000000000000000000 ) ) ;
#6214 = CARTESIAN_POINT ( 'NONE',  ( 18.16082675572301497, 3.479679160099430124, 21.46496053433794771 ) ) ;
#6215 = LINE ( 'NONE', #5777, #3093 ) ;
#6216 = ORIENTED_EDGE ( 'NONE', *, *, #1059, .T. ) ;
#6217 = VECTOR ( 'NONE', #3797, 1000.000000000000000 ) ;
#6218 = DIRECTION ( 'NONE',  ( 0.000000000000000000, 1.000000000000000000, 0.000000000000000000 ) ) ;
#6219 = DIRECTION ( 'NONE',  ( 0.000000000000000000, 0.000000000000000000, -1.000000000000000000 ) ) ;
#6220 = CARTESIAN_POINT ( 'NONE',  ( 13.40000000000000036, 15.75000000000003197, -13.24999999999999822 ) ) ;
#6221 = PLANE ( 'NONE',  #6136 ) ;
#6222 = AXIS2_PLACEMENT_3D ( 'NONE', #4671, #4087, #3610 ) ;
#6223 = DIRECTION ( 'NONE',  ( 0.000000000000000000, -1.000000000000000000, 0.000000000000000000 ) ) ;
#6224 = EDGE_LOOP ( 'NONE', ( #5644, #153, #3942, #6158 ) ) ;
#6225 = CARTESIAN_POINT ( 'NONE',  ( 17.50000000000001421, 13.00000000000000355, -6.110092342975487789E-14 ) ) ;
#6226 = EDGE_CURVE ( 'NONE', #5442, #4917, #4707, .T. ) ;
#6227 = CARTESIAN_POINT ( 'NONE',  ( 17.50000000000000000, 8.000000000000000000, 7.142979018728020303E-15 ) ) ;
#6228 = ORIENTED_EDGE ( 'NONE', *, *, #734, .T. ) ;
#6229 = FACE_BOUND ( 'NONE', #1571, .T. ) ;
#6230 = CARTESIAN_POINT ( 'NONE',  ( 18.49197712378519753, 13.78350687386218354, -23.45186274271121363 ) ) ;
#6231 = CARTESIAN_POINT ( 'NONE',  ( 18.50000000000001066, 16.51471862576143224, -23.50000000000001776 ) ) ;
#6232 = CARTESIAN_POINT ( 'NONE',  ( -19.05569537833592619, 2.191900101376480947, 17.75928256305600073 ) ) ;
#6233 = ORIENTED_EDGE ( 'NONE', *, *, #707, .F. ) ;
#6234 = EDGE_LOOP ( 'NONE', ( #1337, #5243 ) ) ;
#6235 = EDGE_LOOP ( 'NONE', ( #4038, #4843, #1187, #3050 ) ) ;
#6236 = CARTESIAN_POINT ( 'NONE',  ( 15.00000000000008704, 2.000000000000000000, 24.99999999999999289 ) ) ;
#6237 = CARTESIAN_POINT ( 'NONE',  ( 3.887357607529844343E-15, 22.35000000000000142, -13.24999999999999822 ) ) ;
#6238 = CARTESIAN_POINT ( 'NONE',  ( -17.72907422770580155, 19.00000002634293850, -17.72907422770590102 ) ) ;
#6239 = VERTEX_POINT ( 'NONE', #3257 ) ;
#6240 = CARTESIAN_POINT ( 'NONE',  ( 23.50000000000001066, 2.000000000000001776, -18.50000000000001066 ) ) ;
#6241 = AXIS2_PLACEMENT_3D ( 'NONE', #490, #1921, #4460 ) ;
#6242 = CARTESIAN_POINT ( 'NONE',  ( 14.09999999999999964, 15.75000000000003197, -15.25000000000000000 ) ) ;
#6243 = CARTESIAN_POINT ( 'NONE',  ( 20.87428726325994077, 2.731298660876364970, 20.87428726325950379 ) ) ;
#6244 = LINE ( 'NONE', #1848, #4950 ) ;
#6245 = ADVANCED_FACE ( 'NONE', ( #3472 ), #1993, .T. ) ;
#6246 = VERTEX_POINT ( 'NONE', #5435 ) ;
#6247 = DIRECTION ( 'NONE',  ( 0.000000000000000000, 0.000000000000000000, -1.000000000000000000 ) ) ;
#6248 = DIRECTION ( 'NONE',  ( 2.775557561562892337E-16, 0.000000000000000000, 1.000000000000000000 ) ) ;
#6249 = LINE ( 'NONE', #882, #2271 ) ;
#6250 = DIRECTION ( 'NONE',  ( 1.047444401652940007E-14, 0.000000000000000000, 1.000000000000000000 ) ) ;
#6251 = CARTESIAN_POINT ( 'NONE',  ( -18.49839232955921631, 13.39269881009251506, 23.49035397735518416 ) ) ;
#6252 = ORIENTED_EDGE ( 'NONE', *, *, #6254, .T. ) ;
#6253 = LINE ( 'NONE', #6320, #1062 ) ;
#6254 = EDGE_CURVE ( 'NONE', #23, #4713, #2956, .T. ) ;
#6255 = EDGE_LOOP ( 'NONE', ( #3772, #4519, #2255, #1736, #5535, #5436 ) ) ;
#6256 = FACE_OUTER_BOUND ( 'NONE', #6224, .T. ) ;
#6257 = CARTESIAN_POINT ( 'NONE',  ( 20.50690407708137641, 18.20698957264233542, -18.00115067951359293 ) ) ;
#6258 = FACE_OUTER_BOUND ( 'NONE', #1424, .T. ) ;
#6259 = VECTOR ( 'NONE', #5455, 1000.000000000000000 ) ;
#6260 = CARTESIAN_POINT ( 'NONE',  ( -17.50000000000000711, 2.000000000000000000, 15.00000000000000178 ) ) ;
#6261 = ORIENTED_EDGE ( 'NONE', *, *, #4050, .F. ) ;
#6262 = VERTEX_POINT ( 'NONE', #2539 ) ;
#6263 = EDGE_CURVE ( 'NONE', #559, #1069, #4922, .T. ) ;
#6264 = ORIENTED_EDGE ( 'NONE', *, *, #2454, .T. ) ;
#6265 = VECTOR ( 'NONE', #578, 1000.000000000000000 ) ;
#6266 = EDGE_CURVE ( 'NONE', #1268, #2426, #1129, .T. ) ;
#6267 = EDGE_CURVE ( 'NONE', #923, #5377, #2565, .T. ) ;
#6268 = VERTEX_POINT ( 'NONE', #4526 ) ;
#6269 = CARTESIAN_POINT ( 'NONE',  ( 23.50000000000006750, 8.000000000000000000, 14.99999999999992006 ) ) ;
#6270 = DIRECTION ( 'NONE',  ( 0.000000000000000000, 0.000000000000000000, 1.000000000000000000 ) ) ;
#6271 = CARTESIAN_POINT ( 'NONE',  ( -23.45186274271140547, 13.78350687386218354, -18.49197712378495240 ) ) ;
#6272 = VECTOR ( 'NONE', #166, 1000.000000000000000 ) ;
#6273 = EDGE_LOOP ( 'NONE', ( #4384, #2517 ) ) ;
#6274 = AXIS2_PLACEMENT_3D ( 'NONE', #5390, #2942, #3941 ) ;
#6275 = LINE ( 'NONE', #5188, #6077 ) ;
#6276 = EDGE_CURVE ( 'NONE', #3932, #76, #2819, .T. ) ;
#6277 = CARTESIAN_POINT ( 'NONE',  ( 20.50690407708144036, 2.793010427357666359, 18.00115067951350412 ) ) ;
#6278 =( GEOMETRIC_REPRESENTATION_CONTEXT ( 3 ) GLOBAL_UNCERTAINTY_ASSIGNED_CONTEXT ( ( #2646 ) ) GLOBAL_UNIT_ASSIGNED_CONTEXT ( ( #138, #1123, #2017 ) ) REPRESENTATION_CONTEXT ( 'NONE', 'WORKASPACE' ) );
#6279 = CARTESIAN_POINT ( 'NONE',  ( -22.50000000000000000, 19.00000000000000355, 12.49999999999999822 ) ) ;
#6280 = ORIENTED_EDGE ( 'NONE', *, *, #6169, .F. ) ;
#6281 = AXIS2_PLACEMENT_3D ( 'NONE', #183, #672, #2611 ) ;
#6282 = CARTESIAN_POINT ( 'NONE',  ( -14.89999999999999858, 15.75000000000000000, -23.25000000000000000 ) ) ;
#6283 = CARTESIAN_POINT ( 'NONE',  ( 12.69999999999999574, 0.1000000000000000056, 0.000000000000000000 ) ) ;
#6284 = EDGE_CURVE ( 'NONE', #5108, #1891, #66, .T. ) ;
#6285 = DIRECTION ( 'NONE',  ( 4.081702296416010573E-16, 0.000000000000000000, -1.000000000000000000 ) ) ;
#6286 = DIRECTION ( 'NONE',  ( -0.000000000000000000, 1.000000000000000000, -0.000000000000000000 ) ) ;
#6287 = CARTESIAN_POINT ( 'NONE',  ( -18.49999999999208811, 7.803650343936832101, -23.49999999999981526 ) ) ;
#6288 = VECTOR ( 'NONE', #1638, 1000.000000000000000 ) ;
#6289 = LINE ( 'NONE', #2980, #760 ) ;
#6290 = ORIENTED_EDGE ( 'NONE', *, *, #5604, .F. ) ;
#6291 = FACE_BOUND ( 'NONE', #6273, .T. ) ;
#6292 = DIRECTION ( 'NONE',  ( 4.081702296416010573E-16, 0.000000000000000000, -1.000000000000000000 ) ) ;
#6293 = CARTESIAN_POINT ( 'NONE',  ( -22.50000000000000000, 21.00000000000000355, 17.49999999999999645 ) ) ;
#6294 = CIRCLE ( 'NONE', #3528, 5.000000000000000888 ) ;
#6295 = CARTESIAN_POINT ( 'NONE',  ( -18.48716959523685688, 7.022034776462815486, 23.42301757142116614 ) ) ;
#6296 = DIRECTION ( 'NONE',  ( -0.000000000000000000, -0.000000000000000000, -1.000000000000000000 ) ) ;
#6297 = ORIENTED_EDGE ( 'NONE', *, *, #3235, .T. ) ;
#6298 = VERTEX_POINT ( 'NONE', #2085 ) ;
#6299 = VERTEX_POINT ( 'NONE', #3018 ) ;
#6300 = CARTESIAN_POINT ( 'NONE',  ( -21.30000000000000426, 0.000000000000000000, -8.250000000000000000 ) ) ;
#6301 = DIRECTION ( 'NONE',  ( -1.000000000000000000, 0.000000000000000000, 0.000000000000000000 ) ) ;
#6302 = CARTESIAN_POINT ( 'NONE',  ( -22.02032083990118849, 16.96496053433759243, -18.25338680664996005 ) ) ;
#6303 =( BOUNDED_CURVE ( )  B_SPLINE_CURVE ( 3, ( #4578, #195, #5548, #710 ),
 .UNSPECIFIED., .F., .T. ) 
 B_SPLINE_CURVE_WITH_KNOTS ( ( 4, 4 ),
 ( 3.141592653589793116, 4.712388980384689674 ),
 .UNSPECIFIED. ) 
 CURVE ( )  GEOMETRIC_REPRESENTATION_ITEM ( )  RATIONAL_B_SPLINE_CURVE ( ( 1.000000000000000000, 0.8047378541243649375, 0.8047378541243649375, 1.000000000000000000 ) ) 
 REPRESENTATION_ITEM ( '' )  );
#6304 = CIRCLE ( 'NONE', #4265, 1.499999999999999556 ) ;
#6305 = ORIENTED_EDGE ( 'NONE', *, *, #1008, .T. ) ;
#6306 = CARTESIAN_POINT ( 'NONE',  ( 26.00000000000000355, 6.400000000000000355, 3.821067811865476838 ) ) ;
#6307 = AXIS2_PLACEMENT_3D ( 'NONE', #1489, #4410, #4471 ) ;
#6308 = CARTESIAN_POINT ( 'NONE',  ( -27.50000000000000000, 21.00000000000000355, 2.880472104545584703E-13 ) ) ;
#6309 = CARTESIAN_POINT ( 'NONE',  ( 0.000000000000000000, 1.399999999999999911, 13.25000000000000533 ) ) ;
#6310 = CARTESIAN_POINT ( 'NONE',  ( -21.29999999999999716, 0.000000000000000000, 9.049999999999984723 ) ) ;
#6311 = EDGE_CURVE ( 'NONE', #2902, #5146, #891, .T. ) ;
#6312 = EDGE_LOOP ( 'NONE', ( #5972, #3352, #1042, #5613, #2337, #859, #1652, #3761 ) ) ;
#6313 = DIRECTION ( 'NONE',  ( 1.000000000000000000, 0.000000000000000000, -2.312964634635756861E-15 ) ) ;
#6314 = CARTESIAN_POINT ( 'NONE',  ( 18.49839232955921631, 7.607301189907559547, -23.49035397735519126 ) ) ;
#6315 = PLANE ( 'NONE',  #4841 ) ;
#6316 = CARTESIAN_POINT ( 'NONE',  ( -17.75928256305620323, 2.191900101376477838, -19.05569537833572724 ) ) ;
#6317 = ORIENTED_EDGE ( 'NONE', *, *, #2898, .F. ) ;
#6318 = PRODUCT_RELATED_PRODUCT_CATEGORY ( 'part', '', ( #1559 ) ) ;
#6319 = ADVANCED_FACE ( 'NONE', ( #4893 ), #564, .F. ) ;
#6320 = CARTESIAN_POINT ( 'NONE',  ( -17.50000000000000000, 19.00000000000000355, 12.49999999999999822 ) ) ;
#6321 = EDGE_LOOP ( 'NONE', ( #1527, #1215, #3318, #1108 ) ) ;
#6322 = PLANE ( 'NONE',  #4064 ) ;
#6323 = CARTESIAN_POINT ( 'NONE',  ( 9.000000000000001776, 15.75000000000002132, -13.24999999999999822 ) ) ;
#6324 = VECTOR ( 'NONE', #1021, 1000.000000000000000 ) ;
#6325 = DIRECTION ( 'NONE',  ( -1.000000000000000000, 0.000000000000000000, 0.000000000000000000 ) ) ;
#6326 = LINE ( 'NONE', #6178, #6201 ) ;
#6327 = ORIENTED_EDGE ( 'NONE', *, *, #666, .F. ) ;
#6328 = ORIENTED_EDGE ( 'NONE', *, *, #2815, .F. ) ;
#6329 = VERTEX_POINT ( 'NONE', #4957 ) ;
#6330 = PLANE ( 'NONE',  #912 ) ;
#6331 = NEXT_ASSEMBLY_USAGE_OCCURRENCE ( 'NAUO1', ' ', ' ', #5393, #2246, $ ) ;
#6332 = NEXT_ASSEMBLY_USAGE_OCCURRENCE ( 'NAUO2', ' ', ' ', #5393, #4054, $ ) ;
ENDSEC;
END-ISO-10303-21;
