ISO-10303-21;
HEADER;
FILE_DESCRIPTION (( 'STEP AP214' ),
    '1' );
FILE_NAME ('ultrasonic A.STEP',
    '2026-09-28T12:07:21',
    ( '' ),
    ( '' ),
    'SwSTEP 2.0',
    'SolidWorks 2024',
    '' );
FILE_SCHEMA (( 'AUTOMOTIVE_DESIGN' ));
ENDSEC;

DATA;
#1 = CIRCLE ( 'NONE', #1056, 0.6999999999999975131 ) ;
#2 = EDGE_CURVE ( 'NONE', #192, #327, #1399, .T. ) ;
#3 = VERTEX_POINT ( 'NONE', #1861 ) ;
#4 = AXIS2_PLACEMENT_3D ( 'NONE', #2449, #2638, #571 ) ;
#5 = CARTESIAN_POINT ( 'NONE',  ( 15.60000000000000142, 15.75000000000003553, -15.25000000000000000 ) ) ;
#6 = FACE_BOUND ( 'NONE', #583, .T. ) ;
#7 = EDGE_CURVE ( 'NONE', #3, #1764, #1694, .T. ) ;
#8 = AXIS2_PLACEMENT_3D ( 'NONE', #2006, #1992, #1326 ) ;
#9 = DIRECTION ( 'NONE',  ( -0.000000000000000000, 1.000000000000000000, -0.000000000000000000 ) ) ;
#10 = DIRECTION ( 'NONE',  ( 0.000000000000000000, 0.000000000000000000, 1.000000000000000000 ) ) ;
#11 = DIRECTION ( 'NONE',  ( 1.000000000000000000, 0.000000000000000000, 0.000000000000000000 ) ) ;
#12 = ORIENTED_EDGE ( 'NONE', *, *, #2278, .T. ) ;
#13 = DIRECTION ( 'NONE',  ( -0.000000000000000000, -0.000000000000000000, 1.000000000000000000 ) ) ;
#14 = DIRECTION ( 'NONE',  ( -0.000000000000000000, -0.000000000000000000, -1.000000000000000000 ) ) ;
#15 = AXIS2_PLACEMENT_3D ( 'NONE', #1483, #852, #1673 ) ;
#16 = EDGE_CURVE ( 'NONE', #2601, #2586, #792, .T. ) ;
#17 = ADVANCED_FACE ( 'NONE', ( #2271 ), #793, .F. ) ;
#18 = EDGE_LOOP ( 'NONE', ( #2624, #2355, #2164, #1844 ) ) ;
#19 = CARTESIAN_POINT ( 'NONE',  ( 4.749999999999999112, 1.399999999999999911, -6.150000000000003908 ) ) ;
#20 = FACE_BOUND ( 'NONE', #407, .T. ) ;
#21 = ORIENTED_EDGE ( 'NONE', *, *, #1303, .F. ) ;
#22 = DIRECTION ( 'NONE',  ( -0.000000000000000000, -1.000000000000000000, -0.000000000000000000 ) ) ;
#23 = DIRECTION ( 'NONE',  ( -0.000000000000000000, -0.000000000000000000, 1.000000000000000000 ) ) ;
#24 = ORIENTED_EDGE ( 'NONE', *, *, #1036, .T. ) ;
#25 = DIRECTION ( 'NONE',  ( 0.000000000000000000, 0.000000000000000000, -1.000000000000000000 ) ) ;
#26 = CYLINDRICAL_SURFACE ( 'NONE', #1446, 1.100000000000000311 ) ;
#27 = EDGE_CURVE ( 'NONE', #2412, #2592, #2692, .T. ) ;
#28 = ORIENTED_EDGE ( 'NONE', *, *, #2224, .T. ) ;
#29 = DIRECTION ( 'NONE',  ( 0.000000000000000000, -0.7071067811865475727, -0.7071067811865474617 ) ) ;
#30 = ORIENTED_EDGE ( 'NONE', *, *, #626, .T. ) ;
#31 = DIRECTION ( 'NONE',  ( 0.000000000000000000, 0.000000000000000000, -1.000000000000000000 ) ) ;
#32 = CYLINDRICAL_SURFACE ( 'NONE', #2447, 0.6999999999999992895 ) ;
#33 = VECTOR ( 'NONE', #1508, 1000.000000000000000 ) ;
#34 = PRODUCT_DEFINITION_SHAPE ( 'NONE', 'NONE',  #2582 ) ;
#35 = EDGE_CURVE ( 'NONE', #1211, #996, #195, .T. ) ;
#36 = PRODUCT_DEFINITION_FORMATION_WITH_SPECIFIED_SOURCE ( 'ANY', '', #1888, .NOT_KNOWN. ) ;
#37 = CARTESIAN_POINT ( 'NONE',  ( -11.19999999999999751, 15.75000000000000000, -15.25000000000000000 ) ) ;
#38 = VECTOR ( 'NONE', #1662, 1000.000000000000000 ) ;
#39 = EDGE_CURVE ( 'NONE', #1998, #1111, #835, .T. ) ;
#40 = ORIENTED_EDGE ( 'NONE', *, *, #1783, .T. ) ;
#41 = AXIS2_PLACEMENT_3D ( 'NONE', #487, #693, #2235 ) ;
#42 = EDGE_CURVE ( 'NONE', #327, #602, #1656, .T. ) ;
#43 = AXIS2_PLACEMENT_3D ( 'NONE', #1215, #1876, #1203 ) ;
#44 = VERTEX_POINT ( 'NONE', #850 ) ;
#45 = LINE ( 'NONE', #2559, #1712 ) ;
#46 = FACE_BOUND ( 'NONE', #773, .T. ) ;
#47 = CIRCLE ( 'NONE', #315, 0.6999999999999995115 ) ;
#48 = VECTOR ( 'NONE', #472, 1000.000000000000000 ) ;
#49 = ADVANCED_FACE ( 'NONE', ( #1456 ), #2283, .F. ) ;
#50 = ORIENTED_EDGE ( 'NONE', *, *, #1299, .F. ) ;
#51 = CARTESIAN_POINT ( 'NONE',  ( 27.50000000000000355, 2.864466094067262159, 0.2855339059327393625 ) ) ;
#52 = DIRECTION ( 'NONE',  ( 0.000000000000000000, -1.000000000000000000, 0.000000000000000000 ) ) ;
#53 = CIRCLE ( 'NONE', #1880, 0.6999999999999975131 ) ;
#54 = EDGE_CURVE ( 'NONE', #1024, #1857, #1012, .T. ) ;
#55 = DIRECTION ( 'NONE',  ( -0.000000000000000000, -0.000000000000000000, 1.000000000000000000 ) ) ;
#56 = DIRECTION ( 'NONE',  ( -0.000000000000000000, 1.000000000000000000, 0.000000000000000000 ) ) ;
#57 = VERTEX_POINT ( 'NONE', #2082 ) ;
#58 = EDGE_CURVE ( 'NONE', #136, #2490, #376, .T. ) ;
#59 = ORIENTED_EDGE ( 'NONE', *, *, #104, .T. ) ;
#60 = APPLICATION_CONTEXT ( 'automotive_design' ) ;
#61 = CARTESIAN_POINT ( 'NONE',  ( 21.29999999999999005, 0.1000000000000000056, 8.250000000000000000 ) ) ;
#62 = CARTESIAN_POINT ( 'NONE',  ( -4.000000000000007105, 0.000000000000000000, 10.35000000000000497 ) ) ;
#63 = EDGE_CURVE ( 'NONE', #1175, #1866, #1790, .T. ) ;
#64 = ORIENTED_EDGE ( 'NONE', *, *, #2432, .F. ) ;
#65 = CARTESIAN_POINT ( 'NONE',  ( 12.69999999999999574, 0.000000000000000000, 8.100000000000001421 ) ) ;
#66 = CARTESIAN_POINT ( 'NONE',  ( -13.39999999999999680, 15.75000000000000000, -13.24999999999999822 ) ) ;
#67 = FACE_OUTER_BOUND ( 'NONE', #824, .T. ) ;
#68 = DIRECTION ( 'NONE',  ( -1.000000000000000000, 0.000000000000000000, 0.000000000000000000 ) ) ;
#69 = AXIS2_PLACEMENT_3D ( 'NONE', #666, #1493, #2319 ) ;
#70 = ORIENTED_EDGE ( 'NONE', *, *, #778, .T. ) ;
#71 = ORIENTED_EDGE ( 'NONE', *, *, #2135, .T. ) ;
#72 = CARTESIAN_POINT ( 'NONE',  ( 6.100000000000003197, 15.75000000000001421, -15.25000000000000000 ) ) ;
#73 = CARTESIAN_POINT ( 'NONE',  ( 19.50000000000000355, 23.39999999999999858, 0.000000000000000000 ) ) ;
#74 = VERTEX_POINT ( 'NONE', #1013 ) ;
#75 = ORIENTED_EDGE ( 'NONE', *, *, #220, .T. ) ;
#76 = LINE ( 'NONE', #1119, #2099 ) ;
#77 = DIRECTION ( 'NONE',  ( 0.000000000000000000, -1.000000000000000000, 0.000000000000000000 ) ) ;
#78 = DIRECTION ( 'NONE',  ( 6.802837160693364596E-16, 0.000000000000000000, -1.000000000000000000 ) ) ;
#79 = CARTESIAN_POINT ( 'NONE',  ( 2.946806295815515460E-15, 15.75000000000000000, -13.24999999999999822 ) ) ;
#80 = AXIS2_PLACEMENT_3D ( 'NONE', #806, #2291, #2081 ) ;
#81 = AXIS2_PLACEMENT_3D ( 'NONE', #871, #667, #716 ) ;
#82 = ORIENTED_EDGE ( 'NONE', *, *, #2428, .T. ) ;
#83 = CARTESIAN_POINT ( 'NONE',  ( -21.30000000000000426, 0.1000000000000000056, -9.049999999999998934 ) ) ;
#84 = AXIS2_PLACEMENT_3D ( 'NONE', #2572, #1138, #1758 ) ;
#85 = AXIS2_PLACEMENT_3D ( 'NONE', #441, #1883, #1080 ) ;
#86 = VERTEX_POINT ( 'NONE', #2030 ) ;
#87 = CARTESIAN_POINT ( 'NONE',  ( -21.29999999999999716, 1.399999999999999911, 9.049999999999984723 ) ) ;
#88 =( NAMED_UNIT ( * ) SI_UNIT ( $, .STERADIAN. ) SOLID_ANGLE_UNIT ( ) );
#89 = EDGE_CURVE ( 'NONE', #1211, #1424, #1139, .T. ) ;
#90 = ORIENTED_EDGE ( 'NONE', *, *, #293, .F. ) ;
#91 = AXIS2_PLACEMENT_3D ( 'NONE', #964, #369, #2421 ) ;
#92 = EDGE_CURVE ( 'NONE', #996, #1319, #618, .T. ) ;
#93 = CYLINDRICAL_SURFACE ( 'NONE', #2218, 5.000000000000000000 ) ;
#94 = DIRECTION ( 'NONE',  ( 1.000000000000000000, 0.000000000000000000, 0.000000000000000000 ) ) ;
#95 = ADVANCED_FACE ( 'NONE', ( #2252 ), #325, .T. ) ;
#96 = AXIS2_PLACEMENT_3D ( 'NONE', #2517, #279, #2119 ) ;
#97 = ORIENTED_EDGE ( 'NONE', *, *, #2535, .F. ) ;
#98 = DIRECTION ( 'NONE',  ( -0.000000000000000000, 0.000000000000000000, 1.000000000000000000 ) ) ;
#99 = CIRCLE ( 'NONE', #4, 8.100000000000001421 ) ;
#100 = DIRECTION ( 'NONE',  ( -0.000000000000000000, 0.000000000000000000, 1.000000000000000000 ) ) ;
#101 = ORIENTED_EDGE ( 'NONE', *, *, #1281, .T. ) ;
#102 = CARTESIAN_POINT ( 'NONE',  ( 0.000000000000000000, 1.399999999999999911, 13.25000000000000533 ) ) ;
#103 = FACE_OUTER_BOUND ( 'NONE', #1528, .T. ) ;
#104 = EDGE_CURVE ( 'NONE', #1953, #1751, #1229, .T. ) ;
#105 = VERTEX_POINT ( 'NONE', #147 ) ;
#106 = CARTESIAN_POINT ( 'NONE',  ( 5.849999999999999645, 1.399999999999999911, -6.150000000000003020 ) ) ;
#107 = ORIENTED_EDGE ( 'NONE', *, *, #1541, .F. ) ;
#108 = FACE_OUTER_BOUND ( 'NONE', #2433, .T. ) ;
#109 = DIRECTION ( 'NONE',  ( -0.000000000000000000, -1.000000000000000000, 0.000000000000000000 ) ) ;
#110 = ORIENTED_EDGE ( 'NONE', *, *, #743, .F. ) ;
#111 = CYLINDRICAL_SURFACE ( 'NONE', #1183, 8.100000000000003197 ) ;
#112 = ORIENTED_EDGE ( 'NONE', *, *, #1400, .F. ) ;
#113 = CYLINDRICAL_SURFACE ( 'NONE', #2518, 0.6999999999999992895 ) ;
#114 = CARTESIAN_POINT ( 'NONE',  ( -4.000000000000000000, 0.1000000000000000056, 7.750000000000006217 ) ) ;
#115 = EDGE_CURVE ( 'NONE', #968, #86, #552, .T. ) ;
#116 = AXIS2_PLACEMENT_3D ( 'NONE', #2201, #772, #2643 ) ;
#117 = EDGE_LOOP ( 'NONE', ( #682, #1340, #64, #1387 ) ) ;
#118 = LINE ( 'NONE', #953, #2064 ) ;
#119 = VERTEX_POINT ( 'NONE', #1177 ) ;
#120 = EDGE_LOOP ( 'NONE', ( #1939, #1163, #1623, #1141 ) ) ;
#121 = CARTESIAN_POINT ( 'NONE',  ( 21.30000000000001137, 1.399999999999999911, -9.049999999999984723 ) ) ;
#122 = DIRECTION ( 'NONE',  ( 0.000000000000000000, 0.000000000000000000, -1.000000000000000000 ) ) ;
#123 = ORIENTED_EDGE ( 'NONE', *, *, #39, .F. ) ;
#124 = CARTESIAN_POINT ( 'NONE',  ( 27.50000000000000355, 0.1000000000000000472, -15.25000000000000000 ) ) ;
#125 = EDGE_CURVE ( 'NONE', #1123, #1182, #1524, .T. ) ;
#126 = ORIENTED_EDGE ( 'NONE', *, *, #212, .T. ) ;
#127 = DIRECTION ( 'NONE',  ( -0.000000000000000000, -0.000000000000000000, 1.000000000000000000 ) ) ;
#128 = DIRECTION ( 'NONE',  ( -0.000000000000000000, -0.000000000000000000, 1.000000000000000000 ) ) ;
#129 = ADVANCED_FACE ( 'NONE', ( #1397 ), #2410, .F. ) ;
#130 = AXIS2_PLACEMENT_3D ( 'NONE', #1106, #1931, #1521 ) ;
#131 = AXIS2_PLACEMENT_3D ( 'NONE', #83, #923, #1743 ) ;
#132 = AXIS2_PLACEMENT_3D ( 'NONE', #460, #243, #1705 ) ;
#133 = CARTESIAN_POINT ( 'NONE',  ( -26.00000000000000355, 1.399999999999999911, -11.75000000000000000 ) ) ;
#134 = VECTOR ( 'NONE', #934, 1000.000000000000000 ) ;
#135 = ORIENTED_EDGE ( 'NONE', *, *, #1697, .F. ) ;
#136 = VERTEX_POINT ( 'NONE', #2191 ) ;
#137 = DIRECTION ( 'NONE',  ( 0.000000000000000000, 0.000000000000000000, -1.000000000000000000 ) ) ;
#138 = DIRECTION ( 'NONE',  ( 0.000000000000000000, 0.000000000000000000, -1.000000000000000000 ) ) ;
#139 = EDGE_CURVE ( 'NONE', #291, #1098, #1962, .T. ) ;
#140 = VECTOR ( 'NONE', #2036, 1000.000000000000000 ) ;
#141 = ORIENTED_EDGE ( 'NONE', *, *, #1223, .T. ) ;
#142 = CARTESIAN_POINT ( 'NONE',  ( -12.69999999999999574, 0.000000000000000000, -8.597458788255783673E-15 ) ) ;
#143 = ADVANCED_FACE ( 'NONE', ( #2611 ), #1993, .F. ) ;
#144 = CIRCLE ( 'NONE', #2266, 0.6999999999999992895 ) ;
#145 = ORIENTED_EDGE ( 'NONE', *, *, #156, .F. ) ;
#146 = LINE ( 'NONE', #518, #2313 ) ;
#147 = CARTESIAN_POINT ( 'NONE',  ( -27.50000000000000355, 23.39999999999999858, -15.25000000000000000 ) ) ;
#148 = CIRCLE ( 'NONE', #2612, 0.6999999999999975131 ) ;
#149 = CARTESIAN_POINT ( 'NONE',  ( -15.59999999999999787, 15.75000000000000000, -23.25000000000000000 ) ) ;
#150 = ORIENTED_EDGE ( 'NONE', *, *, #525, .F. ) ;
#151 = ORIENTED_EDGE ( 'NONE', *, *, #421, .T. ) ;
#152 = VECTOR ( 'NONE', #11, 1000.000000000000000 ) ;
#153 = CARTESIAN_POINT ( 'NONE',  ( -8.299999999999998934, 15.75000000000000000, -13.24999999999999822 ) ) ;
#154 = CYLINDRICAL_SURFACE ( 'NONE', #800, 5.000000000000000888 ) ;
#155 = CARTESIAN_POINT ( 'NONE',  ( 5.100000000000000533, 0.1000000000000000056, 10.25000000000000533 ) ) ;
#156 = EDGE_CURVE ( 'NONE', #395, #995, #161, .T. ) ;
#157 = EDGE_CURVE ( 'NONE', #1245, #2556, #1966, .T. ) ;
#158 = DIRECTION ( 'NONE',  ( -0.000000000000000000, 1.000000000000000000, -0.000000000000000000 ) ) ;
#159 = VERTEX_POINT ( 'NONE', #2436 ) ;
#160 = CARTESIAN_POINT ( 'NONE',  ( 5.850000000000001421, 1.399999999999999911, -9.249999999999998224 ) ) ;
#161 = LINE ( 'NONE', #309, #2654 ) ;
#162 = AXIS2_PLACEMENT_3D ( 'NONE', #870, #684, #896 ) ;
#163 = FACE_OUTER_BOUND ( 'NONE', #2026, .T. ) ;
#164 = CIRCLE ( 'NONE', #2027, 1.100000000000000311 ) ;
#165 = ORIENTED_EDGE ( 'NONE', *, *, #1014, .T. ) ;
#166 = ORIENTED_EDGE ( 'NONE', *, *, #2156, .F. ) ;
#167 = CARTESIAN_POINT ( 'NONE',  ( -3.799999999999997602, 15.75000000000000000, -15.25000000000000000 ) ) ;
#168 = CARTESIAN_POINT ( 'NONE',  ( -4.750000000000000888, 0.1000000000000000056, -5.050000000000003375 ) ) ;
#169 = ORIENTED_EDGE ( 'NONE', *, *, #416, .F. ) ;
#170 = DIRECTION ( 'NONE',  ( -0.000000000000000000, -0.000000000000000000, 1.000000000000000000 ) ) ;
#171 = EDGE_CURVE ( 'NONE', #445, #594, #939, .T. ) ;
#172 = EDGE_LOOP ( 'NONE', ( #1934, #1392, #928, #1833 ) ) ;
#173 = ORIENTED_EDGE ( 'NONE', *, *, #156, .T. ) ;
#174 = PLANE ( 'NONE',  #607 ) ;
#175 = CARTESIAN_POINT ( 'NONE',  ( 11.90000000000000036, 15.75000000000002487, -23.25000000000000000 ) ) ;
#176 = CARTESIAN_POINT ( 'NONE',  ( 4.000000000000000000, 0.000000000000000000, 9.250000000000005329 ) ) ;
#177 = AXIS2_PLACEMENT_3D ( 'NONE', #1563, #1365, #1594 ) ;
#178 = VERTEX_POINT ( 'NONE', #1791 ) ;
#179 = ORIENTED_EDGE ( 'NONE', *, *, #909, .F. ) ;
#180 = FACE_OUTER_BOUND ( 'NONE', #2280, .T. ) ;
#181 = CARTESIAN_POINT ( 'NONE',  ( -27.50000000000000355, 2.864466094067262159, 0.2855339059327391404 ) ) ;
#182 = CIRCLE ( 'NONE', #1518, 1.100000000000000311 ) ;
#183 = DIRECTION ( 'NONE',  ( 0.000000000000000000, 0.000000000000000000, -1.000000000000000000 ) ) ;
#184 = VECTOR ( 'NONE', #2087, 1000.000000000000000 ) ;
#185 = CARTESIAN_POINT ( 'NONE',  ( 5.503891382404351928E-15, 9.149999999999998579, -23.25000000000000000 ) ) ;
#186 = ORIENTED_EDGE ( 'NONE', *, *, #1188, .F. ) ;
#187 = CARTESIAN_POINT ( 'NONE',  ( -19.50000000000000355, 23.39999999999999858, -15.25000000000000000 ) ) ;
#188 = VECTOR ( 'NONE', #2400, 1000.000000000000000 ) ;
#189 = DIRECTION ( 'NONE',  ( 0.000000000000000000, 0.000000000000000000, 1.000000000000000000 ) ) ;
#190 = VECTOR ( 'NONE', #348, 1000.000000000000000 ) ;
#191 = ORIENTED_EDGE ( 'NONE', *, *, #1548, .F. ) ;
#192 = VERTEX_POINT ( 'NONE', #1140 ) ;
#193 = CARTESIAN_POINT ( 'NONE',  ( -21.30000000000000426, 0.1000000000000000056, -9.049999999999998934 ) ) ;
#194 = FACE_BOUND ( 'NONE', #865, .T. ) ;
#195 = LINE ( 'NONE', #645, #570 ) ;
#196 = FACE_OUTER_BOUND ( 'NONE', #1682, .T. ) ;
#197 = FACE_OUTER_BOUND ( 'NONE', #2342, .T. ) ;
#198 = EDGE_LOOP ( 'NONE', ( #2478, #208, #2403, #366 ) ) ;
#199 = CARTESIAN_POINT ( 'NONE',  ( 3.999999999999993339, 0.1000000000000000056, 10.35000000000000497 ) ) ;
#200 = DIRECTION ( 'NONE',  ( 0.000000000000000000, -0.000000000000000000, 1.000000000000000000 ) ) ;
#201 = ORIENTED_EDGE ( 'NONE', *, *, #2423, .T. ) ;
#202 = ORIENTED_EDGE ( 'NONE', *, *, #1281, .F. ) ;
#203 = DIRECTION ( 'NONE',  ( -0.000000000000000000, 1.000000000000000000, -0.000000000000000000 ) ) ;
#204 = LINE ( 'NONE', #1653, #2644 ) ;
#205 = CARTESIAN_POINT ( 'NONE',  ( 21.30000000000001137, 0.000000000000000000, -9.049999999999984723 ) ) ;
#206 = DIRECTION ( 'NONE',  ( -0.000000000000000000, -0.000000000000000000, -1.000000000000000000 ) ) ;
#207 = DIRECTION ( 'NONE',  ( 1.000000000000000000, 0.000000000000000000, -0.000000000000000000 ) ) ;
#208 = ORIENTED_EDGE ( 'NONE', *, *, #743, .T. ) ;
#209 = FACE_OUTER_BOUND ( 'NONE', #198, .T. ) ;
#210 = LINE ( 'NONE', #1258, #1613 ) ;
#211 = ADVANCED_FACE ( 'NONE', ( #103 ), #1817, .F. ) ;
#212 = EDGE_CURVE ( 'NONE', #445, #385, #528, .T. ) ;
#213 = VERTEX_POINT ( 'NONE', #1600 ) ;
#214 = VECTOR ( 'NONE', #557, 1000.000000000000000 ) ;
#215 = DIRECTION ( 'NONE',  ( -0.000000000000000000, 1.000000000000000000, -0.000000000000000000 ) ) ;
#216 = DIRECTION ( 'NONE',  ( -1.000000000000000000, 0.000000000000000000, 0.000000000000000000 ) ) ;
#217 = CARTESIAN_POINT ( 'NONE',  ( -27.50000000000000355, 1.399999999999999911, 1.750000000000001554 ) ) ;
#218 = FACE_OUTER_BOUND ( 'NONE', #2232, .T. ) ;
#219 = CYLINDRICAL_SURFACE ( 'NONE', #1451, 1.499999999999999556 ) ;
#220 = EDGE_CURVE ( 'NONE', #1882, #213, #951, .T. ) ;
#221 = AXIS2_PLACEMENT_3D ( 'NONE', #859, #1846, #1680 ) ;
#222 = ORIENTED_EDGE ( 'NONE', *, *, #981, .T. ) ;
#223 = CARTESIAN_POINT ( 'NONE',  ( 21.30000000000001137, 0.1000000000000000056, -9.049999999999984723 ) ) ;
#224 = CARTESIAN_POINT ( 'NONE',  ( -9.699999999999997513, 15.75000000000000000, -13.24999999999999822 ) ) ;
#225 = ADVANCED_FACE ( 'NONE', ( #2596 ), #741, .F. ) ;
#226 = AXIS2_PLACEMENT_3D ( 'NONE', #1587, #128, #770 ) ;
#227 = VECTOR ( 'NONE', #464, 1000.000000000000000 ) ;
#228 = ORIENTED_EDGE ( 'NONE', *, *, #1910, .T. ) ;
#229 = AXIS2_PLACEMENT_3D ( 'NONE', #733, #945, #316 ) ;
#230 = CARTESIAN_POINT ( 'NONE',  ( -5.100000000000000533, 0.1000000000000000056, 9.250000000000005329 ) ) ;
#231 = PLANE ( 'NONE',  #869 ) ;
#232 = ORIENTED_EDGE ( 'NONE', *, *, #489, .T. ) ;
#233 = EDGE_CURVE ( 'NONE', #1998, #2212, #783, .T. ) ;
#234 = CARTESIAN_POINT ( 'NONE',  ( 0.000000000000000000, 0.1000000000000000056, 0.000000000000000000 ) ) ;
#235 = DIRECTION ( 'NONE',  ( 0.000000000000000000, -0.000000000000000000, -1.000000000000000000 ) ) ;
#236 = EDGE_CURVE ( 'NONE', #213, #453, #757, .T. ) ;
#237 = VERTEX_POINT ( 'NONE', #2288 ) ;
#238 = DIRECTION ( 'NONE',  ( -0.000000000000000000, 0.7071067811865475727, 0.7071067811865474617 ) ) ;
#239 = CARTESIAN_POINT ( 'NONE',  ( 5.849999999999999645, 0.000000000000000000, -6.150000000000003020 ) ) ;
#240 = VECTOR ( 'NONE', #541, 1000.000000000000000 ) ;
#241 = ORIENTED_EDGE ( 'NONE', *, *, #1471, .T. ) ;
#242 = LINE ( 'NONE', #2536, #498 ) ;
#243 = DIRECTION ( 'NONE',  ( -0.000000000000000000, 0.000000000000000000, 1.000000000000000000 ) ) ;
#244 = EDGE_CURVE ( 'NONE', #815, #1503, #47, .T. ) ;
#245 = ORIENTED_EDGE ( 'NONE', *, *, #544, .T. ) ;
#246 = DIRECTION ( 'NONE',  ( 0.000000000000000000, 0.000000000000000000, 1.000000000000000000 ) ) ;
#247 = DIRECTION ( 'NONE',  ( 1.000000000000000000, 0.000000000000000000, 0.000000000000000000 ) ) ;
#248 = VECTOR ( 'NONE', #832, 1000.000000000000000 ) ;
#249 = ORIENTED_EDGE ( 'NONE', *, *, #7, .T. ) ;
#250 = CYLINDRICAL_SURFACE ( 'NONE', #1136, 0.6999999999999992895 ) ;
#251 = CARTESIAN_POINT ( 'NONE',  ( -6.099999999999997868, 15.75000000000000000, -23.25000000000000000 ) ) ;
#252 = EDGE_CURVE ( 'NONE', #74, #1852, #2465, .T. ) ;
#253 = ORIENTED_EDGE ( 'NONE', *, *, #823, .T. ) ;
#254 = VERTEX_POINT ( 'NONE', #2244 ) ;
#255 = CARTESIAN_POINT ( 'NONE',  ( 5.849999999999998757, 1.399999999999999911, -5.150000000000003908 ) ) ;
#256 = FACE_OUTER_BOUND ( 'NONE', #1579, .T. ) ;
#257 = EDGE_CURVE ( 'NONE', #2490, #619, #210, .T. ) ;
#258 = ORIENTED_EDGE ( 'NONE', *, *, #1678, .T. ) ;
#259 = CARTESIAN_POINT ( 'NONE',  ( 27.50000000000000355, 31.39999999999999858, -13.24999999999999822 ) ) ;
#260 = DIRECTION ( 'NONE',  ( -0.000000000000000000, 0.000000000000000000, 1.000000000000000000 ) ) ;
#261 = CIRCLE ( 'NONE', #516, 0.7999999999999986011 ) ;
#262 = ADVANCED_FACE ( 'NONE', ( #2480 ), #430, .F. ) ;
#263 = CARTESIAN_POINT ( 'NONE',  ( -21.29999999999999716, 0.1000000000000000056, 9.049999999999984723 ) ) ;
#264 = LINE ( 'NONE', #251, #48 ) ;
#265 = CIRCLE ( 'NONE', #131, 0.7999999999999986011 ) ;
#266 = ORIENTED_EDGE ( 'NONE', *, *, #2216, .T. ) ;
#267 = AXIS2_PLACEMENT_3D ( 'NONE', #1821, #1419, #374 ) ;
#268 = AXIS2_PLACEMENT_3D ( 'NONE', #2497, #588, #1422 ) ;
#269 = ORIENTED_EDGE ( 'NONE', *, *, #1573, .T. ) ;
#270 = CARTESIAN_POINT ( 'NONE',  ( -21.29999999999999716, 0.1000000000000000056, 9.849999999999983658 ) ) ;
#271 = DIRECTION ( 'NONE',  ( -0.000000000000000000, -0.000000000000000000, 1.000000000000000000 ) ) ;
#272 = VECTOR ( 'NONE', #1450, 1000.000000000000000 ) ;
#273 = VECTOR ( 'NONE', #290, 1000.000000000000000 ) ;
#274 = ORIENTED_EDGE ( 'NONE', *, *, #1400, .T. ) ;
#275 = LINE ( 'NONE', #259, #1527 ) ;
#276 = CYLINDRICAL_SURFACE ( 'NONE', #130, 0.6999999999999992895 ) ;
#277 = AXIS2_PLACEMENT_3D ( 'NONE', #1411, #170, #1827 ) ;
#278 = PRESENTATION_STYLE_ASSIGNMENT (( #1498 ) ) ;
#279 = DIRECTION ( 'NONE',  ( -0.000000000000000000, 1.000000000000000000, -0.000000000000000000 ) ) ;
#280 = VERTEX_POINT ( 'NONE', #224 ) ;
#281 = CIRCLE ( 'NONE', #2279, 0.6999999999999992895 ) ;
#282 = ORIENTED_EDGE ( 'NONE', *, *, #1489, .F. ) ;
#283 = DIRECTION ( 'NONE',  ( -1.000000000000000000, 0.000000000000000000, 0.000000000000000000 ) ) ;
#284 = CARTESIAN_POINT ( 'NONE',  ( 11.20000000000000107, 15.75000000000002487, -13.24999999999999822 ) ) ;
#285 = ORIENTED_EDGE ( 'NONE', *, *, #1851, .F. ) ;
#286 = ORIENTED_EDGE ( 'NONE', *, *, #2664, .T. ) ;
#287 = CARTESIAN_POINT ( 'NONE',  ( 5.100000000000000533, 1.399999999999999911, 7.750000000000007105 ) ) ;
#288 = LINE ( 'NONE', #678, #960 ) ;
#289 = LINE ( 'NONE', #1213, #1093 ) ;
#290 = DIRECTION ( 'NONE',  ( -0.000000000000000000, -1.000000000000000000, 0.000000000000000000 ) ) ;
#291 = VERTEX_POINT ( 'NONE', #1854 ) ;
#292 = CARTESIAN_POINT ( 'NONE',  ( 0.7000000000000050626, 9.149999999999998579, -13.24999999999999822 ) ) ;
#293 = EDGE_CURVE ( 'NONE', #2385, #1731, #1221, .T. ) ;
#294 = EDGE_LOOP ( 'NONE', ( #1465, #2377, #150, #1526 ) ) ;
#295 = EDGE_CURVE ( 'NONE', #655, #2531, #621, .T. ) ;
#296 = CARTESIAN_POINT ( 'NONE',  ( -7.499999999999996447, 15.75000000000000000, -23.25000000000000000 ) ) ;
#297 = FACE_OUTER_BOUND ( 'NONE', #1490, .T. ) ;
#298 = EDGE_LOOP ( 'NONE', ( #721, #924 ) ) ;
#299 = VERTEX_POINT ( 'NONE', #1209 ) ;
#300 = CARTESIAN_POINT ( 'NONE',  ( 21.29999999999999005, 0.1000000000000000056, 9.849999999999997868 ) ) ;
#301 = CARTESIAN_POINT ( 'NONE',  ( 22.50000000000000355, 0.1000000000000000056, 8.250000000000003553 ) ) ;
#302 = ORIENTED_EDGE ( 'NONE', *, *, #42, .T. ) ;
#303 = CARTESIAN_POINT ( 'NONE',  ( 9.000000000000001776, 15.75000000000002132, -15.25000000000000000 ) ) ;
#304 = CARTESIAN_POINT ( 'NONE',  ( -0.6999999999999956257, 22.35000000000000142, -15.25000000000000000 ) ) ;
#305 = EDGE_CURVE ( 'NONE', #1763, #299, #2007, .T. ) ;
#306 = VECTOR ( 'NONE', #375, 1000.000000000000000 ) ;
#307 = ORIENTED_EDGE ( 'NONE', *, *, #344, .T. ) ;
#308 = DIRECTION ( 'NONE',  ( 1.000000000000000000, -3.154042683594194381E-17, 3.154042683594194997E-17 ) ) ;
#309 = CARTESIAN_POINT ( 'NONE',  ( 5.100000000000000533, 0.000000000000000000, 9.250000000000005329 ) ) ;
#310 = AXIS2_PLACEMENT_3D ( 'NONE', #854, #866, #1686 ) ;
#311 = ORIENTED_EDGE ( 'NONE', *, *, #2328, .T. ) ;
#312 = DIRECTION ( 'NONE',  ( -1.000000000000000000, 0.000000000000000000, 0.000000000000000000 ) ) ;
#313 = VERTEX_POINT ( 'NONE', #2679 ) ;
#314 = ORIENTED_EDGE ( 'NONE', *, *, #990, .T. ) ;
#315 = AXIS2_PLACEMENT_3D ( 'NONE', #1438, #1646, #592 ) ;
#316 = DIRECTION ( 'NONE',  ( 0.000000000000000000, 0.000000000000000000, 1.000000000000000000 ) ) ;
#317 = CYLINDRICAL_SURFACE ( 'NONE', #2424, 0.6999999999999992895 ) ;
#318 = VECTOR ( 'NONE', #694, 1000.000000000000000 ) ;
#319 = VERTEX_POINT ( 'NONE', #2276 ) ;
#320 = ADVANCED_FACE ( 'NONE', ( #404 ), #1237, .F. ) ;
#321 = AXIS2_PLACEMENT_3D ( 'NONE', #1423, #2240, #389 ) ;
#322 = CARTESIAN_POINT ( 'NONE',  ( 13.40000000000000036, 15.75000000000003197, -23.25000000000000000 ) ) ;
#323 = ORIENTED_EDGE ( 'NONE', *, *, #1895, .T. ) ;
#324 = DIRECTION ( 'NONE',  ( 0.000000000000000000, -0.000000000000000000, -1.000000000000000000 ) ) ;
#325 = CYLINDRICAL_SURFACE ( 'NONE', #2306, 5.000000000000000888 ) ;
#326 = AXIS2_PLACEMENT_3D ( 'NONE', #1863, #2059, #822 ) ;
#327 = VERTEX_POINT ( 'NONE', #2076 ) ;
#328 = CARTESIAN_POINT ( 'NONE',  ( 0.000000000000000000, 0.000000000000000000, 10.35000000000000497 ) ) ;
#329 = ORIENTED_EDGE ( 'NONE', *, *, #531, .F. ) ;
#330 = ORIENTED_EDGE ( 'NONE', *, *, #2312, .F. ) ;
#331 = FACE_OUTER_BOUND ( 'NONE', #1829, .T. ) ;
#332 = DIRECTION ( 'NONE',  ( -0.000000000000000000, 1.000000000000000000, -0.000000000000000000 ) ) ;
#333 = ADVANCED_FACE ( 'NONE', ( #1415 ), #1057, .T. ) ;
#334 = ORIENTED_EDGE ( 'NONE', *, *, #2542, .F. ) ;
#335 = EDGE_CURVE ( 'NONE', #641, #594, #698, .T. ) ;
#336 = DIRECTION ( 'NONE',  ( -0.000000000000000000, -0.000000000000000000, 1.000000000000000000 ) ) ;
#337 = VERTEX_POINT ( 'NONE', #2063 ) ;
#338 = CARTESIAN_POINT ( 'NONE',  ( -13.39999999999999680, 15.75000000000000000, -13.24999999999999822 ) ) ;
#339 = DIRECTION ( 'NONE',  ( -0.000000000000000000, 1.000000000000000000, 0.000000000000000000 ) ) ;
#340 = CIRCLE ( 'NONE', #644, 5.000000000000000000 ) ;
#341 = DIRECTION ( 'NONE',  ( -0.000000000000000000, 1.000000000000000000, -0.000000000000000000 ) ) ;
#342 = EDGE_CURVE ( 'NONE', #1925, #192, #1035, .T. ) ;
#343 = EDGE_LOOP ( 'NONE', ( #1300, #2651, #166, #1168 ) ) ;
#344 = EDGE_CURVE ( 'NONE', #1542, #2450, #1403, .T. ) ;
#345 = PLANE ( 'NONE',  #365 ) ;
#346 = CARTESIAN_POINT ( 'NONE',  ( -26.00000000000000355, 18.47106781186547408, -13.25000000000000000 ) ) ;
#347 = ORIENTED_EDGE ( 'NONE', *, *, #920, .F. ) ;
#348 = DIRECTION ( 'NONE',  ( -0.000000000000000000, -1.000000000000000000, -0.000000000000000000 ) ) ;
#349 = VERTEX_POINT ( 'NONE', #855 ) ;
#350 = AXIS2_PLACEMENT_3D ( 'NONE', #2195, #1581, #2591 ) ;
#351 = DIRECTION ( 'NONE',  ( -0.000000000000000000, 1.000000000000000000, -0.000000000000000000 ) ) ;
#352 = CARTESIAN_POINT ( 'NONE',  ( -21.30000000000000426, 0.000000000000000000, -9.849999999999997868 ) ) ;
#353 = EDGE_CURVE ( 'NONE', #1304, #1771, #1676, .T. ) ;
#354 = CARTESIAN_POINT ( 'NONE',  ( 16.30000000000000071, 15.75000000000003553, -23.25000000000000000 ) ) ;
#355 = AXIS2_PLACEMENT_3D ( 'NONE', #19, #1859, #2683 ) ;
#356 = EDGE_LOOP ( 'NONE', ( #1428, #1157 ) ) ;
#357 = ORIENTED_EDGE ( 'NONE', *, *, #2532, .T. ) ;
#358 = CARTESIAN_POINT ( 'NONE',  ( -6.799999999999997158, 15.75000000000000000, -13.24999999999999822 ) ) ;
#359 = CARTESIAN_POINT ( 'NONE',  ( 22.50000000000000355, 0.000000000000000000, 8.250000000000003553 ) ) ;
#360 = FACE_OUTER_BOUND ( 'NONE', #1885, .T. ) ;
#361 = AXIS2_PLACEMENT_3D ( 'NONE', #1021, #1868, #200 ) ;
#362 = ORIENTED_EDGE ( 'NONE', *, *, #1072, .F. ) ;
#363 = CYLINDRICAL_SURFACE ( 'NONE', #1616, 0.6999999999999975131 ) ;
#364 = VECTOR ( 'NONE', #1921, 1000.000000000000000 ) ;
#365 = AXIS2_PLACEMENT_3D ( 'NONE', #529, #1169, #1972 ) ;
#366 = ORIENTED_EDGE ( 'NONE', *, *, #1291, .T. ) ;
#367 = AXIS2_PLACEMENT_3D ( 'NONE', #1244, #2073, #838 ) ;
#368 = FACE_BOUND ( 'NONE', #2670, .T. ) ;
#369 = DIRECTION ( 'NONE',  ( -0.000000000000000000, -0.000000000000000000, 1.000000000000000000 ) ) ;
#370 = CIRCLE ( 'NONE', #2570, 0.6999999999999992895 ) ;
#371 = CYLINDRICAL_SURFACE ( 'NONE', #2533, 0.6999999999999992895 ) ;
#372 = ORIENTED_EDGE ( 'NONE', *, *, #895, .T. ) ;
#373 = ORIENTED_EDGE ( 'NONE', *, *, #42, .F. ) ;
#374 = DIRECTION ( 'NONE',  ( 1.000000000000000000, 0.000000000000000000, 0.000000000000000000 ) ) ;
#375 = DIRECTION ( 'NONE',  ( 1.000000000000000000, -3.154042683594194381E-17, 3.154042683594194997E-17 ) ) ;
#376 = LINE ( 'NONE', #217, #2519 ) ;
#377 = CYLINDRICAL_SURFACE ( 'NONE', #1922, 1.100000000000000311 ) ;
#378 = ORIENTED_EDGE ( 'NONE', *, *, #1541, .T. ) ;
#379 = ORIENTED_EDGE ( 'NONE', *, *, #1094, .T. ) ;
#380 = DIRECTION ( 'NONE',  ( -0.000000000000000000, -0.000000000000000000, 1.000000000000000000 ) ) ;
#381 = LINE ( 'NONE', #2655, #622 ) ;
#382 = CYLINDRICAL_SURFACE ( 'NONE', #2277, 1.100000000000000311 ) ;
#383 = EDGE_CURVE ( 'NONE', #1175, #1737, #381, .T. ) ;
#384 = ORIENTED_EDGE ( 'NONE', *, *, #2057, .F. ) ;
#385 = VERTEX_POINT ( 'NONE', #1626 ) ;
#386 = FACE_OUTER_BOUND ( 'NONE', #1439, .T. ) ;
#387 = DIRECTION ( 'NONE',  ( 0.000000000000000000, 0.000000000000000000, -1.000000000000000000 ) ) ;
#388 = DIRECTION ( 'NONE',  ( -0.000000000000000000, 1.000000000000000000, -0.000000000000000000 ) ) ;
#389 = DIRECTION ( 'NONE',  ( 0.000000000000000000, 0.000000000000000000, -1.000000000000000000 ) ) ;
#390 = ORIENTED_EDGE ( 'NONE', *, *, #1460, .F. ) ;
#391 = FACE_BOUND ( 'NONE', #2051, .T. ) ;
#392 = CARTESIAN_POINT ( 'NONE',  ( -6.799999999999997158, 15.75000000000000000, -23.25000000000000000 ) ) ;
#393 = CIRCLE ( 'NONE', #177, 8.100000000000003197 ) ;
#394 = ORIENTED_EDGE ( 'NONE', *, *, #903, .F. ) ;
#395 = VERTEX_POINT ( 'NONE', #2453 ) ;
#396 = DIRECTION ( 'NONE',  ( 0.000000000000000000, -1.000000000000000000, 0.000000000000000000 ) ) ;
#397 = FACE_BOUND ( 'NONE', #2524, .T. ) ;
#398 = EDGE_LOOP ( 'NONE', ( #1889, #735, #2158, #2443, #1801, #2357, #999, #2689, #373, #1207 ) ) ;
#399 = VECTOR ( 'NONE', #55, 1000.000000000000000 ) ;
#400 = CARTESIAN_POINT ( 'NONE',  ( -4.749999999999999112, 1.399999999999999911, -9.249999999999998224 ) ) ;
#401 = DIRECTION ( 'NONE',  ( -0.000000000000000000, -0.000000000000000000, 1.000000000000000000 ) ) ;
#402 = ORIENTED_EDGE ( 'NONE', *, *, #115, .F. ) ;
#403 = DIRECTION ( 'NONE',  ( 1.000000000000000000, 0.000000000000000000, 0.000000000000000000 ) ) ;
#404 = FACE_OUTER_BOUND ( 'NONE', #120, .T. ) ;
#405 = VECTOR ( 'NONE', #1523, 1000.000000000000000 ) ;
#406 = AXIS2_PLACEMENT_3D ( 'NONE', #2043, #689, #31 ) ;
#407 = EDGE_LOOP ( 'NONE', ( #1871, #1615 ) ) ;
#408 = ORIENTED_EDGE ( 'NONE', *, *, #549, .F. ) ;
#409 = CARTESIAN_POINT ( 'NONE',  ( 4.749999999999999112, 0.1000000000000000056, -5.050000000000003375 ) ) ;
#410 = CARTESIAN_POINT ( 'NONE',  ( -5.849999999999999645, 1.399999999999999911, -9.249999999999998224 ) ) ;
#411 = CYLINDRICAL_SURFACE ( 'NONE', #1747, 0.7999999999999986011 ) ;
#412 = EDGE_CURVE ( 'NONE', #2308, #337, #1843, .T. ) ;
#413 = CARTESIAN_POINT ( 'NONE',  ( -13.39999999999999680, 15.75000000000000000, -15.25000000000000000 ) ) ;
#414 = LINE ( 'NONE', #2254, #1109 ) ;
#415 = CIRCLE ( 'NONE', #759, 4.999999999999999112 ) ;
#416 = EDGE_CURVE ( 'NONE', #2609, #1330, #752, .T. ) ;
#417 = EDGE_LOOP ( 'NONE', ( #922, #456, #2286, #1145, #2389, #560, #1226, #1292, #745, #1089 ) ) ;
#418 = CARTESIAN_POINT ( 'NONE',  ( -21.29999999999999716, 0.1000000000000000056, 9.049999999999984723 ) ) ;
#419 = DIRECTION ( 'NONE',  ( -0.000000000000000000, 1.000000000000000000, -0.000000000000000000 ) ) ;
#420 = ORIENTED_EDGE ( 'NONE', *, *, #1770, .T. ) ;
#421 = EDGE_CURVE ( 'NONE', #192, #1971, #1286, .T. ) ;
#422 = CARTESIAN_POINT ( 'NONE',  ( 4.750000000000007994, 0.1000000000000000056, -10.34999999999999787 ) ) ;
#423 = CARTESIAN_POINT ( 'NONE',  ( -11.89999999999999680, 15.75000000000000000, -23.25000000000000000 ) ) ;
#424 = EDGE_LOOP ( 'NONE', ( #2416, #1633, #347, #1474 ) ) ;
#425 = EDGE_CURVE ( 'NONE', #1378, #395, #971, .T. ) ;
#426 = FACE_OUTER_BOUND ( 'NONE', #718, .T. ) ;
#427 = DIRECTION ( 'NONE',  ( 0.000000000000000000, -0.000000000000000000, -1.000000000000000000 ) ) ;
#428 = ORIENTED_EDGE ( 'NONE', *, *, #993, .T. ) ;
#429 = LINE ( 'NONE', #1257, #184 ) ;
#430 = CYLINDRICAL_SURFACE ( 'NONE', #1792, 0.6999999999999992895 ) ;
#431 = ADVANCED_FACE ( 'NONE', ( #2149 ), #26, .F. ) ;
#432 = EDGE_CURVE ( 'NONE', #1572, #1650, #867, .T. ) ;
#433 = EDGE_LOOP ( 'NONE', ( #1062, #2652 ) ) ;
#434 = VECTOR ( 'NONE', #2140, 1000.000000000000000 ) ;
#435 = CARTESIAN_POINT ( 'NONE',  ( -26.00000000000000355, 2.900000000000003464, -13.24999999999999822 ) ) ;
#436 = FACE_BOUND ( 'NONE', #703, .T. ) ;
#437 = ORIENTED_EDGE ( 'NONE', *, *, #1864, .T. ) ;
#438 = CARTESIAN_POINT ( 'NONE',  ( 4.000000000000000888, 1.399999999999999911, 6.650000000000005684 ) ) ;
#439 = DIRECTION ( 'NONE',  ( -0.000000000000000000, 0.000000000000000000, 1.000000000000000000 ) ) ;
#440 = ORIENTED_EDGE ( 'NONE', *, *, #1217, .F. ) ;
#441 = CARTESIAN_POINT ( 'NONE',  ( -4.749999999999999112, 0.1000000000000000056, -9.249999999999998224 ) ) ;
#442 = DIRECTION ( 'NONE',  ( 0.000000000000000000, -1.000000000000000000, 0.000000000000000000 ) ) ;
#443 = VECTOR ( 'NONE', #2056, 1000.000000000000000 ) ;
#444 = VECTOR ( 'NONE', #2593, 1000.000000000000000 ) ;
#445 = VERTEX_POINT ( 'NONE', #919 ) ;
#446 = AXIS2_PLACEMENT_3D ( 'NONE', #956, #2590, #1364 ) ;
#447 = DIRECTION ( 'NONE',  ( -1.000000000000000000, 0.000000000000000000, 0.000000000000000000 ) ) ;
#448 = DIRECTION ( 'NONE',  ( 3.154042683594194997E-17, 0.000000000000000000, -1.000000000000000000 ) ) ;
#449 = VERTEX_POINT ( 'NONE', #877 ) ;
#450 = DIRECTION ( 'NONE',  ( -0.000000000000000000, 1.000000000000000000, -0.000000000000000000 ) ) ;
#451 = FACE_OUTER_BOUND ( 'NONE', #699, .T. ) ;
#452 = CIRCLE ( 'NONE', #326, 1.100000000000000311 ) ;
#453 = VERTEX_POINT ( 'NONE', #1894 ) ;
#454 = CARTESIAN_POINT ( 'NONE',  ( -26.00000000000000355, 0.000000000000000000, 0.000000000000000000 ) ) ;
#455 = DIRECTION ( 'NONE',  ( -0.000000000000000000, -0.000000000000000000, -1.000000000000000000 ) ) ;
#456 = ORIENTED_EDGE ( 'NONE', *, *, #606, .T. ) ;
#457 = EDGE_CURVE ( 'NONE', #2303, #119, #264, .T. ) ;
#458 = ORIENTED_EDGE ( 'NONE', *, *, #2044, .T. ) ;
#459 = CARTESIAN_POINT ( 'NONE',  ( 4.749999999999999112, 0.1000000000000000056, -6.150000000000003908 ) ) ;
#460 = CARTESIAN_POINT ( 'NONE',  ( -6.799999999999997158, 15.75000000000000000, -13.24999999999999822 ) ) ;
#461 = ORIENTED_EDGE ( 'NONE', *, *, #104, .F. ) ;
#462 = DIRECTION ( 'NONE',  ( -1.000000000000000000, 0.000000000000000000, 0.000000000000000000 ) ) ;
#463 = CARTESIAN_POINT ( 'NONE',  ( 27.50000000000000355, 14.93553390593273456, -11.78553390593273420 ) ) ;
#464 = DIRECTION ( 'NONE',  ( -1.000000000000000000, 0.000000000000000000, 0.000000000000000000 ) ) ;
#465 = EDGE_LOOP ( 'NONE', ( #1636, #2537 ) ) ;
#466 = ORIENTED_EDGE ( 'NONE', *, *, #1097, .F. ) ;
#467 = FACE_OUTER_BOUND ( 'NONE', #343, .T. ) ;
#468 = EDGE_LOOP ( 'NONE', ( #2227, #543 ) ) ;
#469 = CYLINDRICAL_SURFACE ( 'NONE', #533, 0.6999999999999992895 ) ;
#470 = CARTESIAN_POINT ( 'NONE',  ( -12.69999999999999396, 0.1000000000000000056, -8.100000000000012079 ) ) ;
#471 = CARTESIAN_POINT ( 'NONE',  ( -27.50000000000000355, 14.93553390593273633, -11.78553390593273775 ) ) ;
#472 = DIRECTION ( 'NONE',  ( -0.000000000000000000, -0.000000000000000000, 1.000000000000000000 ) ) ;
#473 = VECTOR ( 'NONE', #215, 1000.000000000000000 ) ;
#474 = ORIENTED_EDGE ( 'NONE', *, *, #786, .F. ) ;
#475 = VECTOR ( 'NONE', #826, 1000.000000000000000 ) ;
#476 = ORIENTED_EDGE ( 'NONE', *, *, #1188, .T. ) ;
#477 = FACE_OUTER_BOUND ( 'NONE', #1373, .T. ) ;
#478 =( LENGTH_UNIT ( ) NAMED_UNIT ( * ) SI_UNIT ( .MILLI., .METRE. ) );
#479 = VECTOR ( 'NONE', #559, 1000.000000000000000 ) ;
#480 = VECTOR ( 'NONE', #548, 1000.000000000000000 ) ;
#481 = ADVANCED_FACE ( 'NONE', ( #681 ), #1511, .F. ) ;
#482 = ORIENTED_EDGE ( 'NONE', *, *, #2438, .T. ) ;
#483 = DIRECTION ( 'NONE',  ( 0.000000000000000000, -0.000000000000000000, -1.000000000000000000 ) ) ;
#484 = CARTESIAN_POINT ( 'NONE',  ( 26.00000000000000355, 2.864466094067262159, 0.2855339059327393625 ) ) ;
#485 = AXIS2_PLACEMENT_3D ( 'NONE', #2324, #10, #462 ) ;
#486 = EDGE_CURVE ( 'NONE', #280, #1609, #880, .T. ) ;
#487 = CARTESIAN_POINT ( 'NONE',  ( -12.69999999999999574, 1.399999999999999911, -8.597458788255783673E-15 ) ) ;
#488 = CARTESIAN_POINT ( 'NONE',  ( 15.60000000000000142, 15.75000000000003553, -13.24999999999999822 ) ) ;
#489 = EDGE_CURVE ( 'NONE', #1100, #1737, #1834, .T. ) ;
#490 = ORIENTED_EDGE ( 'NONE', *, *, #2022, .F. ) ;
#491 = ORIENTED_EDGE ( 'NONE', *, *, #1851, .T. ) ;
#492 = CARTESIAN_POINT ( 'NONE',  ( -26.00000000000000355, 1.399999999999999911, 1.750000000000001554 ) ) ;
#493 = ORIENTED_EDGE ( 'NONE', *, *, #691, .F. ) ;
#494 = EDGE_CURVE ( 'NONE', #2161, #655, #2397, .T. ) ;
#495 = ORIENTED_EDGE ( 'NONE', *, *, #335, .F. ) ;
#496 = CARTESIAN_POINT ( 'NONE',  ( -8.999999999999998224, 15.75000000000000000, -23.25000000000000000 ) ) ;
#497 = DIRECTION ( 'NONE',  ( 0.000000000000000000, 0.000000000000000000, -1.000000000000000000 ) ) ;
#498 = VECTOR ( 'NONE', #1074, 1000.000000000000000 ) ;
#499 = EDGE_CURVE ( 'NONE', #319, #1778, #1122, .T. ) ;
#500 = ORIENTED_EDGE ( 'NONE', *, *, #623, .T. ) ;
#501 = DIRECTION ( 'NONE',  ( -0.000000000000000000, -0.000000000000000000, 1.000000000000000000 ) ) ;
#502 = CYLINDRICAL_SURFACE ( 'NONE', #1920, 0.6999999999999992895 ) ;
#503 = EDGE_LOOP ( 'NONE', ( #949, #952, #942, #90 ) ) ;
#504 = CARTESIAN_POINT ( 'NONE',  ( 22.50000000000000355, 1.399999999999999911, 8.250000000000003553 ) ) ;
#505 = ORIENTED_EDGE ( 'NONE', *, *, #2216, .F. ) ;
#506 = CARTESIAN_POINT ( 'NONE',  ( -5.100000000000000533, 0.000000000000000000, 7.750000000000007105 ) ) ;
#507 = CARTESIAN_POINT ( 'NONE',  ( -3.799999999999997602, 15.75000000000000000, -13.24999999999999822 ) ) ;
#508 = EDGE_CURVE ( 'NONE', #2317, #1977, #1081, .T. ) ;
#509 = EDGE_LOOP ( 'NONE', ( #975, #1369, #2481, #1584, #2025, #2144 ) ) ;
#510 = EDGE_CURVE ( 'NONE', #2586, #2601, #144, .T. ) ;
#511 = DIRECTION ( 'NONE',  ( 0.000000000000000000, 0.000000000000000000, -1.000000000000000000 ) ) ;
#512 = CARTESIAN_POINT ( 'NONE',  ( -15.59999999999999787, 15.75000000000000000, -23.25000000000000000 ) ) ;
#513 = ORIENTED_EDGE ( 'NONE', *, *, #623, .F. ) ;
#514 = FACE_OUTER_BOUND ( 'NONE', #830, .T. ) ;
#515 = CARTESIAN_POINT ( 'NONE',  ( 12.69999999999999751, 0.1000000000000000056, -8.100000000000001421 ) ) ;
#516 = AXIS2_PLACEMENT_3D ( 'NONE', #2186, #332, #122 ) ;
#517 = ORIENTED_EDGE ( 'NONE', *, *, #597, .F. ) ;
#518 = CARTESIAN_POINT ( 'NONE',  ( -12.69999999999999574, 0.000000000000000000, 8.099999999999994316 ) ) ;
#519 = CARTESIAN_POINT ( 'NONE',  ( 26.00000000000000355, 6.400000000000000355, 3.821067811865476838 ) ) ;
#520 = VECTOR ( 'NONE', #2653, 1000.000000000000000 ) ;
#521 = CIRCLE ( 'NONE', #2048, 1.100000000000000311 ) ;
#522 = ORIENTED_EDGE ( 'NONE', *, *, #1291, .F. ) ;
#523 = EDGE_CURVE ( 'NONE', #159, #1304, #1108, .T. ) ;
#524 = DIRECTION ( 'NONE',  ( 0.000000000000000000, 1.000000000000000000, -0.000000000000000000 ) ) ;
#525 = EDGE_CURVE ( 'NONE', #2369, #2609, #1487, .T. ) ;
#526 = EDGE_LOOP ( 'NONE', ( #1804, #1905, #24, #12, #1916, #1137 ) ) ;
#527 = ORIENTED_EDGE ( 'NONE', *, *, #613, .F. ) ;
#528 = CIRCLE ( 'NONE', #2693, 5.000000000000000000 ) ;
#529 = CARTESIAN_POINT ( 'NONE',  ( 0.000000000000000000, 0.000000000000000000, 13.25000000000000533 ) ) ;
#530 = DIRECTION ( 'NONE',  ( -1.000000000000000000, 0.000000000000000000, 0.000000000000000000 ) ) ;
#531 = EDGE_CURVE ( 'NONE', #1650, #1029, #2523, .T. ) ;
#532 = ORIENTED_EDGE ( 'NONE', *, *, #1900, .T. ) ;
#533 = AXIS2_PLACEMENT_3D ( 'NONE', #862, #1708, #1902 ) ;
#534 = CARTESIAN_POINT ( 'NONE',  ( -21.29999999999999716, 0.000000000000000000, 9.849999999999983658 ) ) ;
#535 = EDGE_CURVE ( 'NONE', #2385, #1073, #2656, .T. ) ;
#536 = ORIENTED_EDGE ( 'NONE', *, *, #2135, .F. ) ;
#537 = EDGE_CURVE ( 'NONE', #2617, #349, #2608, .T. ) ;
#538 = CARTESIAN_POINT ( 'NONE',  ( -27.50000000000000355, 1.399999999999999911, 3.821067811865475061 ) ) ;
#539 = DIRECTION ( 'NONE',  ( 0.000000000000000000, -0.000000000000000000, -1.000000000000000000 ) ) ;
#540 = EDGE_CURVE ( 'NONE', #1690, #804, #1499, .T. ) ;
#541 = DIRECTION ( 'NONE',  ( -0.000000000000000000, -1.000000000000000000, 0.000000000000000000 ) ) ;
#542 = VECTOR ( 'NONE', #582, 1000.000000000000000 ) ;
#543 = ORIENTED_EDGE ( 'NONE', *, *, #2474, .F. ) ;
#544 = EDGE_CURVE ( 'NONE', #1609, #280, #2009, .T. ) ;
#545 = DIRECTION ( 'NONE',  ( -0.000000000000000000, 1.000000000000000000, -0.000000000000000000 ) ) ;
#546 = LINE ( 'NONE', #2207, #2384 ) ;
#547 = VERTEX_POINT ( 'NONE', #304 ) ;
#548 = DIRECTION ( 'NONE',  ( -0.000000000000000000, -0.000000000000000000, 1.000000000000000000 ) ) ;
#549 = EDGE_CURVE ( 'NONE', #904, #319, #935, .T. ) ;
#550 = ORIENTED_EDGE ( 'NONE', *, *, #1500, .F. ) ;
#551 = DIRECTION ( 'NONE',  ( -1.000000000000000000, 0.000000000000000000, 0.000000000000000000 ) ) ;
#552 = LINE ( 'NONE', #352, #749 ) ;
#553 = DIRECTION ( 'NONE',  ( 0.000000000000000000, 0.000000000000000000, -1.000000000000000000 ) ) ;
#554 = VERTEX_POINT ( 'NONE', #974 ) ;
#555 = ORIENTED_EDGE ( 'NONE', *, *, #35, .F. ) ;
#556 = CYLINDRICAL_SURFACE ( 'NONE', #575, 1.100000000000000311 ) ;
#557 = DIRECTION ( 'NONE',  ( -1.000000000000000000, 0.000000000000000000, 0.000000000000000000 ) ) ;
#558 = ORIENTED_EDGE ( 'NONE', *, *, #344, .F. ) ;
#559 = DIRECTION ( 'NONE',  ( -0.000000000000000000, -0.000000000000000000, 1.000000000000000000 ) ) ;
#560 = ORIENTED_EDGE ( 'NONE', *, *, #1974, .T. ) ;
#561 = AXIS2_PLACEMENT_3D ( 'NONE', #833, #2496, #2093 ) ;
#562 = CARTESIAN_POINT ( 'NONE',  ( 9.000000000000001776, 15.75000000000002132, -15.25000000000000000 ) ) ;
#563 = CARTESIAN_POINT ( 'NONE',  ( -27.50000000000000355, 0.1000000000000000472, -15.25000000000000000 ) ) ;
#564 = DIRECTION ( 'NONE',  ( -0.000000000000000000, 1.000000000000000000, -0.000000000000000000 ) ) ;
#565 = AXIS2_PLACEMENT_3D ( 'NONE', #1479, #1638, #1454 ) ;
#566 = VERTEX_POINT ( 'NONE', #1566 ) ;
#567 = ORIENTED_EDGE ( 'NONE', *, *, #1649, .F. ) ;
#568 = CARTESIAN_POINT ( 'NONE',  ( 13.40000000000000036, 15.75000000000003197, -23.25000000000000000 ) ) ;
#569 = DIRECTION ( 'NONE',  ( 0.000000000000000000, 0.000000000000000000, 1.000000000000000000 ) ) ;
#570 = VECTOR ( 'NONE', #9, 1000.000000000000000 ) ;
#571 = DIRECTION ( 'NONE',  ( 0.000000000000000000, 0.000000000000000000, -1.000000000000000000 ) ) ;
#572 = VECTOR ( 'NONE', #811, 1000.000000000000000 ) ;
#573 = ADVANCED_FACE ( 'NONE', ( #1173 ), #2366, .F. ) ;
#574 = EDGE_LOOP ( 'NONE', ( #1533, #112, #500, #915 ) ) ;
#575 = AXIS2_PLACEMENT_3D ( 'NONE', #1987, #2000, #137 ) ;
#576 = ORIENTED_EDGE ( 'NONE', *, *, #2335, .F. ) ;
#577 = DIRECTION ( 'NONE',  ( 0.000000000000000000, 0.000000000000000000, 1.000000000000000000 ) ) ;
#578 = DIRECTION ( 'NONE',  ( 0.000000000000000000, 0.000000000000000000, 1.000000000000000000 ) ) ;
#579 = EDGE_CURVE ( 'NONE', #1150, #584, #1233, .T. ) ;
#580 = EDGE_CURVE ( 'NONE', #57, #2364, #1313, .T. ) ;
#581 = AXIS2_PLACEMENT_3D ( 'NONE', #1954, #545, #2619 ) ;
#582 = DIRECTION ( 'NONE',  ( -0.000000000000000000, -0.000000000000000000, 1.000000000000000000 ) ) ;
#583 = EDGE_LOOP ( 'NONE', ( #1602, #1679 ) ) ;
#584 = VERTEX_POINT ( 'NONE', #515 ) ;
#585 = FACE_OUTER_BOUND ( 'NONE', #2434, .T. ) ;
#586 = DIRECTION ( 'NONE',  ( 0.000000000000000000, 0.000000000000000000, -1.000000000000000000 ) ) ;
#587 = ADVANCED_FACE ( 'NONE', ( #754 ), #502, .F. ) ;
#588 = DIRECTION ( 'NONE',  ( 0.000000000000000000, -1.000000000000000000, 0.000000000000000000 ) ) ;
#589 = DIRECTION ( 'NONE',  ( 0.000000000000000000, -1.000000000000000000, 0.000000000000000000 ) ) ;
#590 = EDGE_LOOP ( 'NONE', ( #379, #2196, #151, #768 ) ) ;
#591 = LINE ( 'NONE', #1449, #38 ) ;
#592 = DIRECTION ( 'NONE',  ( -1.000000000000000000, 0.000000000000000000, 0.000000000000000000 ) ) ;
#593 = ORIENTED_EDGE ( 'NONE', *, *, #1877, .F. ) ;
#594 = VERTEX_POINT ( 'NONE', #1336 ) ;
#595 = DIRECTION ( 'NONE',  ( -1.000000000000000000, 0.000000000000000000, 0.000000000000000000 ) ) ;
#596 = PLANE ( 'NONE',  #2251 ) ;
#597 = EDGE_CURVE ( 'NONE', #1280, #2408, #710, .T. ) ;
#598 = EDGE_CURVE ( 'NONE', #1353, #1172, #2395, .T. ) ;
#599 = DIRECTION ( 'NONE',  ( -0.000000000000000000, 1.000000000000000000, -0.000000000000000000 ) ) ;
#600 = CARTESIAN_POINT ( 'NONE',  ( -4.749999999999999112, 0.000000000000000000, -9.249999999999998224 ) ) ;
#601 = CARTESIAN_POINT ( 'NONE',  ( 11.20000000000000107, 15.75000000000002487, -23.25000000000000000 ) ) ;
#602 = VERTEX_POINT ( 'NONE', #2581 ) ;
#603 = DIRECTION ( 'NONE',  ( 0.000000000000000000, 0.000000000000000000, -1.000000000000000000 ) ) ;
#604 = DIRECTION ( 'NONE',  ( 1.000000000000000000, -0.000000000000000000, -0.000000000000000000 ) ) ;
#605 = AXIS2_PLACEMENT_3D ( 'NONE', #73, #685, #897 ) ;
#606 = EDGE_CURVE ( 'NONE', #594, #1953, #2418, .T. ) ;
#607 = AXIS2_PLACEMENT_3D ( 'NONE', #1005, #798, #1698 ) ;
#608 = ORIENTED_EDGE ( 'NONE', *, *, #1904, .T. ) ;
#609 = EDGE_LOOP ( 'NONE', ( #1008, #1189, #1325, #2455 ) ) ;
#610 = CARTESIAN_POINT ( 'NONE',  ( 10.50000000000000178, 15.75000000000002487, -23.25000000000000000 ) ) ;
#611 = FACE_OUTER_BOUND ( 'NONE', #294, .T. ) ;
#612 = AXIS2_PLACEMENT_3D ( 'NONE', #418, #2229, #2690 ) ;
#613 = EDGE_CURVE ( 'NONE', #815, #1271, #1554, .T. ) ;
#614 = ORIENTED_EDGE ( 'NONE', *, *, #2635, .F. ) ;
#615 = AXIS2_PLACEMENT_3D ( 'NONE', #568, #1604, #984 ) ;
#616 = DIRECTION ( 'NONE',  ( -0.000000000000000000, -0.000000000000000000, -1.000000000000000000 ) ) ;
#617 = CARTESIAN_POINT ( 'NONE',  ( 6.800000000000002487, 15.75000000000001421, -13.24999999999999822 ) ) ;
#618 = CIRCLE ( 'NONE', #1310, 0.7999999999999986011 ) ;
#619 = VERTEX_POINT ( 'NONE', #1380 ) ;
#620 = FACE_BOUND ( 'NONE', #1152, .T. ) ;
#621 = LINE ( 'NONE', #175, #475 ) ;
#622 = VECTOR ( 'NONE', #799, 1000.000000000000000 ) ;
#623 = EDGE_CURVE ( 'NONE', #1912, #906, #1351, .T. ) ;
#624 = CIRCLE ( 'NONE', #2528, 1.100000000000000311 ) ;
#625 = APPLICATION_CONTEXT ( 'automotive_design' ) ;
#626 = EDGE_CURVE ( 'NONE', #1503, #449, #2175, .T. ) ;
#627 = EDGE_LOOP ( 'NONE', ( #933, #2189, #755, #659, #2038, #458, #2257, #1578, #302, #201 ) ) ;
#628 = DIRECTION ( 'NONE',  ( -0.000000000000000000, -0.000000000000000000, 1.000000000000000000 ) ) ;
#629 = FACE_BOUND ( 'NONE', #1448, .T. ) ;
#630 = EDGE_CURVE ( 'NONE', #1245, #1128, #736, .T. ) ;
#631 = ORIENTED_EDGE ( 'NONE', *, *, #2415, .T. ) ;
#632 = CARTESIAN_POINT ( 'NONE',  ( 0.7000000000000050626, 9.149999999999998579, -15.25000000000000000 ) ) ;
#633 = DIRECTION ( 'NONE',  ( 1.000000000000000000, 0.000000000000000000, 0.000000000000000000 ) ) ;
#634 = AXIS2_PLACEMENT_3D ( 'NONE', #1068, #633, #647 ) ;
#635 = ORIENTED_EDGE ( 'NONE', *, *, #1174, .T. ) ;
#636 = VECTOR ( 'NONE', #1589, 1000.000000000000000 ) ;
#637 = CARTESIAN_POINT ( 'NONE',  ( -14.89999999999999858, 15.75000000000000000, -15.25000000000000000 ) ) ;
#638 = DIRECTION ( 'NONE',  ( -1.000000000000000000, -0.000000000000000000, 0.000000000000000000 ) ) ;
#639 = ADVANCED_FACE ( 'NONE', ( #2210 ), #363, .F. ) ;
#640 = VECTOR ( 'NONE', #1342, 1000.000000000000000 ) ;
#641 = VERTEX_POINT ( 'NONE', #1976 ) ;
#642 = DIRECTION ( 'NONE',  ( -0.000000000000000000, 1.000000000000000000, -0.000000000000000000 ) ) ;
#643 = DIRECTION ( 'NONE',  ( -0.000000000000000000, -0.7071067811865474617, 0.7071067811865475727 ) ) ;
#644 = AXIS2_PLACEMENT_3D ( 'NONE', #1886, #2671, #2661 ) ;
#645 = CARTESIAN_POINT ( 'NONE',  ( 21.30000000000001137, 0.000000000000000000, -8.249999999999985789 ) ) ;
#646 = FACE_BOUND ( 'NONE', #753, .T. ) ;
#647 = DIRECTION ( 'NONE',  ( 0.000000000000000000, 0.000000000000000000, -1.000000000000000000 ) ) ;
#648 = EDGE_LOOP ( 'NONE', ( #402, #1828, #1727, #2193 ) ) ;
#649 = FILL_AREA_STYLE_COLOUR ( '', #2208 ) ;
#650 = CARTESIAN_POINT ( 'NONE',  ( -27.50000000000000355, 31.39999999999999858, -13.25000000000000000 ) ) ;
#651 = EDGE_LOOP ( 'NONE', ( #1598, #882, #1506, #2327 ) ) ;
#652 = CIRCLE ( 'NONE', #1823, 5.000000000000000000 ) ;
#653 = FACE_OUTER_BOUND ( 'NONE', #1085, .T. ) ;
#654 = CARTESIAN_POINT ( 'NONE',  ( 21.29999999999999005, 1.399999999999999911, 8.250000000000000000 ) ) ;
#655 = VERTEX_POINT ( 'NONE', #2623 ) ;
#656 = CYLINDRICAL_SURFACE ( 'NONE', #1101, 8.100000000000003197 ) ;
#657 = DIRECTION ( 'NONE',  ( 1.000000000000000000, 0.000000000000000000, 0.000000000000000000 ) ) ;
#658 = AXIS2_PLACEMENT_3D ( 'NONE', #2315, #1070, #25 ) ;
#659 = ORIENTED_EDGE ( 'NONE', *, *, #1259, .T. ) ;
#660 = FACE_OUTER_BOUND ( 'NONE', #424, .T. ) ;
#661 = DIRECTION ( 'NONE',  ( -0.000000000000000000, 0.000000000000000000, 1.000000000000000000 ) ) ;
#662 = AXIS2_PLACEMENT_3D ( 'NONE', #1041, #2460, #2685 ) ;
#663 = ORIENTED_EDGE ( 'NONE', *, *, #1460, .T. ) ;
#664 = ORIENTED_EDGE ( 'NONE', *, *, #383, .T. ) ;
#665 = CIRCLE ( 'NONE', #1660, 0.6999999999999992895 ) ;
#666 = CARTESIAN_POINT ( 'NONE',  ( 3.887357607529844343E-15, 22.35000000000000142, -15.25000000000000000 ) ) ;
#667 = DIRECTION ( 'NONE',  ( 0.000000000000000000, 0.000000000000000000, 1.000000000000000000 ) ) ;
#668 = ORIENTED_EDGE ( 'NONE', *, *, #1826, .F. ) ;
#669 = DIRECTION ( 'NONE',  ( -0.000000000000000000, -0.000000000000000000, -1.000000000000000000 ) ) ;
#670 = DIRECTION ( 'NONE',  ( -0.000000000000000000, -0.000000000000000000, 1.000000000000000000 ) ) ;
#671 = DIRECTION ( 'NONE',  ( 0.000000000000000000, 0.000000000000000000, -1.000000000000000000 ) ) ;
#672 = ORIENTED_EDGE ( 'NONE', *, *, #1097, .T. ) ;
#673 = ORIENTED_EDGE ( 'NONE', *, *, #2380, .F. ) ;
#674 = CARTESIAN_POINT ( 'NONE',  ( -19.50000000000000355, 31.39999999999999858, -15.25000000000000000 ) ) ;
#675 = CARTESIAN_POINT ( 'NONE',  ( -14.09999999999999609, 15.75000000000000000, -15.25000000000000000 ) ) ;
#676 = ORIENTED_EDGE ( 'NONE', *, *, #531, .T. ) ;
#677 = CARTESIAN_POINT ( 'NONE',  ( 13.40000000000000036, 15.75000000000003197, -13.24999999999999822 ) ) ;
#678 = CARTESIAN_POINT ( 'NONE',  ( 21.30000000000001137, 0.000000000000000000, -9.849999999999983658 ) ) ;
#679 = CIRCLE ( 'NONE', #1767, 0.6999999999999992895 ) ;
#680 = DIRECTION ( 'NONE',  ( 0.000000000000000000, -0.7071067811865474617, 0.7071067811865475727 ) ) ;
#681 = FACE_OUTER_BOUND ( 'NONE', #2012, .T. ) ;
#682 = ORIENTED_EDGE ( 'NONE', *, *, #2226, .F. ) ;
#683 = EDGE_LOOP ( 'NONE', ( #2406, #241, #1779, #2600 ) ) ;
#684 = DIRECTION ( 'NONE',  ( -0.000000000000000000, 1.000000000000000000, -0.000000000000000000 ) ) ;
#685 = DIRECTION ( 'NONE',  ( 0.000000000000000000, -0.000000000000000000, 1.000000000000000000 ) ) ;
#686 = ADVANCED_FACE ( 'NONE', ( #1191 ), #111, .F. ) ;
#687 = CIRCLE ( 'NONE', #1726, 1.100000000000000311 ) ;
#688 = ORIENTED_EDGE ( 'NONE', *, *, #1678, .F. ) ;
#689 = DIRECTION ( 'NONE',  ( -1.000000000000000000, -0.000000000000000000, -0.000000000000000000 ) ) ;
#690 = DIRECTION ( 'NONE',  ( 1.000000000000000000, 0.000000000000000000, 0.000000000000000000 ) ) ;
#691 = EDGE_CURVE ( 'NONE', #2592, #2412, #842, .T. ) ;
#692 = VECTOR ( 'NONE', #1625, 1000.000000000000000 ) ;
#693 = DIRECTION ( 'NONE',  ( -0.000000000000000000, 1.000000000000000000, -0.000000000000000000 ) ) ;
#694 = DIRECTION ( 'NONE',  ( 1.000000000000000000, 0.000000000000000000, 0.000000000000000000 ) ) ;
#695 = VECTOR ( 'NONE', #817, 1000.000000000000000 ) ;
#696 = ORIENTED_EDGE ( 'NONE', *, *, #63, .F. ) ;
#697 = EDGE_CURVE ( 'NONE', #584, #1763, #2072, .T. ) ;
#698 = CIRCLE ( 'NONE', #1053, 1.499999999999999556 ) ;
#699 = EDGE_LOOP ( 'NONE', ( #550, #1054, #2598, #2264 ) ) ;
#700 = CARTESIAN_POINT ( 'NONE',  ( 21.30000000000001137, 0.000000000000000000, -9.049999999999984723 ) ) ;
#701 = AXIS2_PLACEMENT_3D ( 'NONE', #2354, #1324, #890 ) ;
#702 = EDGE_CURVE ( 'NONE', #1366, #2002, #1, .T. ) ;
#703 = EDGE_LOOP ( 'NONE', ( #1967, #286 ) ) ;
#704 = ORIENTED_EDGE ( 'NONE', *, *, #864, .F. ) ;
#705 = DIRECTION ( 'NONE',  ( 0.000000000000000000, 0.000000000000000000, -1.000000000000000000 ) ) ;
#706 = CARTESIAN_POINT ( 'NONE',  ( 27.50000000000000355, 0.000000000000000000, 0.000000000000000000 ) ) ;
#707 = VECTOR ( 'NONE', #1805, 1000.000000000000000 ) ;
#708 = ORIENTED_EDGE ( 'NONE', *, *, #510, .T. ) ;
#709 = CARTESIAN_POINT ( 'NONE',  ( -5.100000000000000533, 1.399999999999999911, 10.25000000000000533 ) ) ;
#710 = LINE ( 'NONE', #2407, #480 ) ;
#711 = ORIENTED_EDGE ( 'NONE', *, *, #2179, .F. ) ;
#712 = DIRECTION ( 'NONE',  ( 0.000000000000000000, 0.000000000000000000, -1.000000000000000000 ) ) ;
#713 = ADVANCED_FACE ( 'NONE', ( #196 ), #2461, .F. ) ;
#714 = EDGE_LOOP ( 'NONE', ( #329, #780, #2209, #1536 ) ) ;
#715 = DIRECTION ( 'NONE',  ( -0.000000000000000000, 1.000000000000000000, -0.000000000000000000 ) ) ;
#716 = DIRECTION ( 'NONE',  ( 1.000000000000000000, 0.000000000000000000, 0.000000000000000000 ) ) ;
#717 = ORIENTED_EDGE ( 'NONE', *, *, #2542, .T. ) ;
#718 = EDGE_LOOP ( 'NONE', ( #1975, #307, #663, #165 ) ) ;
#719 = DIRECTION ( 'NONE',  ( 0.000000000000000000, 0.000000000000000000, 1.000000000000000000 ) ) ;
#720 = DIRECTION ( 'NONE',  ( -1.000000000000000000, 0.000000000000000000, 0.000000000000000000 ) ) ;
#721 = ORIENTED_EDGE ( 'NONE', *, *, #1588, .T. ) ;
#722 = LINE ( 'NONE', #709, #2341 ) ;
#723 = DIRECTION ( 'NONE',  ( -1.000000000000000000, -0.000000000000000000, -3.154042683594194997E-17 ) ) ;
#724 = CIRCLE ( 'NONE', #2631, 5.000000000000000000 ) ;
#725 = EDGE_LOOP ( 'NONE', ( #1125, #1066, #2204, #390 ) ) ;
#726 = CARTESIAN_POINT ( 'NONE',  ( 27.50000000000000355, 0.1000000000000000472, 8.250000000000003553 ) ) ;
#727 = DIRECTION ( 'NONE',  ( 0.000000000000000000, 0.000000000000000000, 1.000000000000000000 ) ) ;
#728 = ORIENTED_EDGE ( 'NONE', *, *, #486, .T. ) ;
#729 = DIRECTION ( 'NONE',  ( 0.000000000000000000, 1.000000000000000000, 0.000000000000000000 ) ) ;
#730 = EDGE_CURVE ( 'NONE', #1481, #566, #2437, .T. ) ;
#731 = ORIENTED_EDGE ( 'NONE', *, *, #2498, .F. ) ;
#732 = ORIENTED_EDGE ( 'NONE', *, *, #1307, .T. ) ;
#733 = CARTESIAN_POINT ( 'NONE',  ( 12.69999999999999574, 0.000000000000000000, 0.000000000000000000 ) ) ;
#734 = CARTESIAN_POINT ( 'NONE',  ( 22.50000000000000355, 0.000000000000000000, 13.25000000000000533 ) ) ;
#735 = ORIENTED_EDGE ( 'NONE', *, *, #864, .T. ) ;
#736 = LINE ( 'NONE', #1367, #190 ) ;
#737 = VECTOR ( 'NONE', #1279, 1000.000000000000000 ) ;
#738 = EDGE_CURVE ( 'NONE', #2450, #1542, #1701, .T. ) ;
#739 = ORIENTED_EDGE ( 'NONE', *, *, #537, .F. ) ;
#740 = DIRECTION ( 'NONE',  ( -0.000000000000000000, 1.000000000000000000, -0.000000000000000000 ) ) ;
#741 = CYLINDRICAL_SURFACE ( 'NONE', #91, 3.800000000000000266 ) ;
#742 = AXIS2_PLACEMENT_3D ( 'NONE', #562, #1220, #810 ) ;
#743 = EDGE_CURVE ( 'NONE', #1073, #2385, #1577, .T. ) ;
#744 = VECTOR ( 'NONE', #501, 1000.000000000000000 ) ;
#745 = ORIENTED_EDGE ( 'NONE', *, *, #157, .T. ) ;
#746 = CARTESIAN_POINT ( 'NONE',  ( -4.750000000000000888, 0.000000000000000000, -5.050000000000003375 ) ) ;
#747 = VERTEX_POINT ( 'NONE', #794 ) ;
#748 = ORIENTED_EDGE ( 'NONE', *, *, #691, .T. ) ;
#749 = VECTOR ( 'NONE', #977, 1000.000000000000000 ) ;
#750 = FACE_OUTER_BOUND ( 'NONE', #2066, .T. ) ;
#751 = CARTESIAN_POINT ( 'NONE',  ( 14.90000000000000213, 15.75000000000003553, -23.25000000000000000 ) ) ;
#752 = CIRCLE ( 'NONE', #1360, 1.100000000000000311 ) ;
#753 = EDGE_LOOP ( 'NONE', ( #1225, #672 ) ) ;
#754 = FACE_OUTER_BOUND ( 'NONE', #2109, .T. ) ;
#755 = ORIENTED_EDGE ( 'NONE', *, *, #1786, .T. ) ;
#756 = CARTESIAN_POINT ( 'NONE',  ( -27.50000000000000355, 18.47106781186547053, -13.25000000000000000 ) ) ;
#757 = LINE ( 'NONE', #1571, #188 ) ;
#758 = PLANE ( 'NONE',  #1116 ) ;
#759 = AXIS2_PLACEMENT_3D ( 'NONE', #1078, #207, #1903 ) ;
#760 = AXIS2_PLACEMENT_3D ( 'NONE', #1574, #729, #1818 ) ;
#761 = ORIENTED_EDGE ( 'NONE', *, *, #523, .T. ) ;
#762 = LINE ( 'NONE', #1375, #2311 ) ;
#763 = DIRECTION ( 'NONE',  ( 0.000000000000000000, 0.000000000000000000, 1.000000000000000000 ) ) ;
#764 = EDGE_LOOP ( 'NONE', ( #631, #1614, #2095, #676, #71, #1418, #1193, #1461 ) ) ;
#765 = CARTESIAN_POINT ( 'NONE',  ( -12.69999999999999574, 0.1000000000000000056, -8.597458788255783673E-15 ) ) ;
#766 = VECTOR ( 'NONE', #1728, 1000.000000000000000 ) ;
#767 = VECTOR ( 'NONE', #2411, 1000.000000000000000 ) ;
#768 = ORIENTED_EDGE ( 'NONE', *, *, #813, .T. ) ;
#769 = CARTESIAN_POINT ( 'NONE',  ( -12.69999999999999396, 1.399999999999999911, -8.100000000000012079 ) ) ;
#770 = DIRECTION ( 'NONE',  ( 1.000000000000000000, 0.000000000000000000, 0.000000000000000000 ) ) ;
#771 = AXIS2_PLACEMENT_3D ( 'NONE', #193, #642, #2484 ) ;
#772 = DIRECTION ( 'NONE',  ( 0.000000000000000000, 0.000000000000000000, 1.000000000000000000 ) ) ;
#773 = EDGE_LOOP ( 'NONE', ( #474, #253, #2666, #2388, #940, #1452, #2373, #1218 ) ) ;
#774 = ORIENTED_EDGE ( 'NONE', *, *, #252, .F. ) ;
#775 = CARTESIAN_POINT ( 'NONE',  ( 4.000000000000000000, 1.399999999999999911, 9.250000000000005329 ) ) ;
#776 = LINE ( 'NONE', #155, #2472 ) ;
#777 = EDGE_CURVE ( 'NONE', #299, #1763, #99, .T. ) ;
#778 = EDGE_CURVE ( 'NONE', #2640, #1412, #1795, .T. ) ;
#779 = CARTESIAN_POINT ( 'NONE',  ( -14.09999999999999609, 15.75000000000000000, -13.24999999999999822 ) ) ;
#780 = ORIENTED_EDGE ( 'NONE', *, *, #432, .F. ) ;
#781 = CIRCLE ( 'NONE', #561, 0.6999999999999995115 ) ;
#782 = CYLINDRICAL_SURFACE ( 'NONE', #1782, 0.6999999999999992895 ) ;
#783 = LINE ( 'NONE', #563, #2131 ) ;
#784 = AXIS2_PLACEMENT_3D ( 'NONE', #1414, #1246, #403 ) ;
#785 = CARTESIAN_POINT ( 'NONE',  ( 5.100000000000000533, 0.000000000000000000, 7.750000000000007105 ) ) ;
#786 = EDGE_CURVE ( 'NONE', #2589, #892, #2686, .T. ) ;
#787 = UNCERTAINTY_MEASURE_WITH_UNIT (LENGTH_MEASURE( 1.000000000000000082E-05 ), #478, 'distance_accuracy_value', 'NONE');
#788 = ORIENTED_EDGE ( 'NONE', *, *, #1299, .T. ) ;
#789 = VERTEX_POINT ( 'NONE', #1204 ) ;
#790 = CARTESIAN_POINT ( 'NONE',  ( 4.750000000000000888, 0.000000000000000000, -9.249999999999998224 ) ) ;
#791 = DIRECTION ( 'NONE',  ( -1.000000000000000000, 0.000000000000000000, 0.000000000000000000 ) ) ;
#792 = CIRCLE ( 'NONE', #1355, 0.6999999999999992895 ) ;
#793 = CYLINDRICAL_SURFACE ( 'NONE', #1870, 0.7999999999999986011 ) ;
#794 = CARTESIAN_POINT ( 'NONE',  ( -0.6999999999999956257, 22.35000000000000142, -13.24999999999999822 ) ) ;
#795 = ORIENTED_EDGE ( 'NONE', *, *, #1760, .F. ) ;
#796 = VECTOR ( 'NONE', #1641, 1000.000000000000000 ) ;
#797 = ORIENTED_EDGE ( 'NONE', *, *, #2467, .T. ) ;
#798 = DIRECTION ( 'NONE',  ( -0.000000000000000000, 0.000000000000000000, -1.000000000000000000 ) ) ;
#799 = DIRECTION ( 'NONE',  ( -0.000000000000000000, -0.000000000000000000, 1.000000000000000000 ) ) ;
#800 = AXIS2_PLACEMENT_3D ( 'NONE', #359, #1185, #985 ) ;
#801 = ADVANCED_FACE ( 'NONE', ( #808 ), #2083, .F. ) ;
#802 = CIRCLE ( 'NONE', #367, 8.100000000000003197 ) ;
#803 = ORIENTED_EDGE ( 'NONE', *, *, #2034, .F. ) ;
#804 = VERTEX_POINT ( 'NONE', #1444 ) ;
#805 = CARTESIAN_POINT ( 'NONE',  ( -6.799999999999997158, 15.75000000000000000, -15.25000000000000000 ) ) ;
#806 = CARTESIAN_POINT ( 'NONE',  ( -8.999999999999998224, 15.75000000000000000, -15.25000000000000000 ) ) ;
#807 = CARTESIAN_POINT ( 'NONE',  ( -19.50000000000000355, 23.39999999999999858, -13.25000000000000000 ) ) ;
#808 = FACE_OUTER_BOUND ( 'NONE', #2347, .T. ) ;
#809 = ORIENTED_EDGE ( 'NONE', *, *, #1826, .T. ) ;
#810 = DIRECTION ( 'NONE',  ( -1.000000000000000000, 0.000000000000000000, 0.000000000000000000 ) ) ;
#811 = DIRECTION ( 'NONE',  ( -1.000000000000000000, 3.154042683594194381E-17, -3.154042683594194997E-17 ) ) ;
#812 = ADVANCED_FACE ( 'NONE', ( #218 ), #1849, .F. ) ;
#813 = EDGE_CURVE ( 'NONE', #1971, #2645, #1862, .T. ) ;
#814 = VECTOR ( 'NONE', #1835, 1000.000000000000000 ) ;
#815 = VERTEX_POINT ( 'NONE', #632 ) ;
#816 = ORIENTED_EDGE ( 'NONE', *, *, #244, .T. ) ;
#817 = DIRECTION ( 'NONE',  ( -6.802837160693362624E-16, 0.000000000000000000, 1.000000000000000000 ) ) ;
#818 = ADVANCED_FACE ( 'NONE', ( #1458 ), #377, .F. ) ;
#819 = FACE_BOUND ( 'NONE', #962, .T. ) ;
#820 = VERTEX_POINT ( 'NONE', #779 ) ;
#821 = CARTESIAN_POINT ( 'NONE',  ( 26.00000000000000355, 0.000000000000000000, 0.000000000000000000 ) ) ;
#822 = DIRECTION ( 'NONE',  ( 0.000000000000000000, 0.000000000000000000, -1.000000000000000000 ) ) ;
#823 = EDGE_CURVE ( 'NONE', #2589, #2369, #624, .T. ) ;
#824 = EDGE_LOOP ( 'NONE', ( #1940, #59, #2168, #249, #372, #797 ) ) ;
#825 = FACE_BOUND ( 'NONE', #298, .T. ) ;
#826 = DIRECTION ( 'NONE',  ( -0.000000000000000000, -0.000000000000000000, 1.000000000000000000 ) ) ;
#827 = ADVANCED_FACE ( 'NONE', ( #426 ), #1814, .F. ) ;
#828 = AXIS2_PLACEMENT_3D ( 'NONE', #284, #1088, #1113 ) ;
#829 = CIRCLE ( 'NONE', #828, 0.6999999999999992895 ) ;
#830 = EDGE_LOOP ( 'NONE', ( #1796, #141, #668, #1327 ) ) ;
#831 = EDGE_LOOP ( 'NONE', ( #593, #1841, #2289, #1964 ) ) ;
#832 = DIRECTION ( 'NONE',  ( -1.000000000000000000, 0.000000000000000000, 0.000000000000000000 ) ) ;
#833 = CARTESIAN_POINT ( 'NONE',  ( 3.887357607529844343E-15, 22.35000000000000142, -15.25000000000000000 ) ) ;
#834 = VECTOR ( 'NONE', #1250, 1000.000000000000000 ) ;
#835 = LINE ( 'NONE', #1230, #443 ) ;
#836 = EDGE_CURVE ( 'NONE', #1172, #2490, #973, .T. ) ;
#837 = DIRECTION ( 'NONE',  ( -0.000000000000000000, 1.000000000000000000, -0.000000000000000000 ) ) ;
#838 = DIRECTION ( 'NONE',  ( 0.000000000000000000, 0.000000000000000000, -1.000000000000000000 ) ) ;
#839 = AXIS2_PLACEMENT_3D ( 'NONE', #1356, #1371, #1557 ) ;
#840 = ORIENTED_EDGE ( 'NONE', *, *, #2532, .F. ) ;
#841 = DIRECTION ( 'NONE',  ( -0.000000000000000000, -0.000000000000000000, -1.000000000000000000 ) ) ;
#842 = CIRCLE ( 'NONE', #1963, 0.7999999999999986011 ) ;
#843 = CARTESIAN_POINT ( 'NONE',  ( 26.00000000000000355, 2.899999999999999911, -11.74999999999999822 ) ) ;
#844 = ADVANCED_BREP_SHAPE_REPRESENTATION ( 'ultrasonic A', ( #1402, #81 ), #1347 ) ;
#845 = AXIS2_PLACEMENT_3D ( 'NONE', #185, #2225, #2272 ) ;
#846 = ORIENTED_EDGE ( 'NONE', *, *, #540, .T. ) ;
#847 = CARTESIAN_POINT ( 'NONE',  ( 12.69999999999999751, 1.399999999999999911, -8.100000000000001421 ) ) ;
#848 = FACE_BOUND ( 'NONE', #1435, .T. ) ;
#849 = AXIS2_PLACEMENT_3D ( 'NONE', #2097, #1459, #2676 ) ;
#850 = CARTESIAN_POINT ( 'NONE',  ( -12.69999999999999574, 1.399999999999999911, 8.099999999999994316 ) ) ;
#851 = DIRECTION ( 'NONE',  ( -1.000000000000000000, 0.000000000000000000, 0.000000000000000000 ) ) ;
#852 = DIRECTION ( 'NONE',  ( -0.000000000000000000, -0.000000000000000000, 1.000000000000000000 ) ) ;
#853 = ORIENTED_EDGE ( 'NONE', *, *, #2428, .F. ) ;
#854 = CARTESIAN_POINT ( 'NONE',  ( 15.60000000000000142, 15.75000000000003553, -15.25000000000000000 ) ) ;
#855 = CARTESIAN_POINT ( 'NONE',  ( 3.800000000000003375, 15.75000000000000000, -13.24999999999999822 ) ) ;
#856 = CIRCLE ( 'NONE', #1205, 0.7999999999999986011 ) ;
#857 = ORIENTED_EDGE ( 'NONE', *, *, #353, .T. ) ;
#858 = AXIS2_PLACEMENT_3D ( 'NONE', #1504, #2330, #1384 ) ;
#859 = CARTESIAN_POINT ( 'NONE',  ( -5.100000000000000533, 0.000000000000000000, 10.25000000000000533 ) ) ;
#860 = FACE_BOUND ( 'NONE', #1238, .T. ) ;
#861 = ORIENTED_EDGE ( 'NONE', *, *, #2312, .T. ) ;
#862 = CARTESIAN_POINT ( 'NONE',  ( -11.19999999999999751, 15.75000000000000000, -23.25000000000000000 ) ) ;
#863 = CARTESIAN_POINT ( 'NONE',  ( 8.300000000000002487, 15.75000000000002132, -15.25000000000000000 ) ) ;
#864 = EDGE_CURVE ( 'NONE', #1778, #1998, #2055, .T. ) ;
#865 = EDGE_LOOP ( 'NONE', ( #1719, #1386, #491, #40, #107, #1981, #1023, #788 ) ) ;
#866 = DIRECTION ( 'NONE',  ( 0.000000000000000000, 0.000000000000000000, 1.000000000000000000 ) ) ;
#867 = LINE ( 'NONE', #2298, #273 ) ;
#868 = ORIENTED_EDGE ( 'NONE', *, *, #580, .F. ) ;
#869 = AXIS2_PLACEMENT_3D ( 'NONE', #1681, #2282, #216 ) ;
#870 = CARTESIAN_POINT ( 'NONE',  ( -21.29999999999999716, 0.000000000000000000, 9.049999999999984723 ) ) ;
#871 = CARTESIAN_POINT ( 'NONE',  ( 0.000000000000000000, 0.000000000000000000, 0.000000000000000000 ) ) ;
#872 = VERTEX_POINT ( 'NONE', #1672 ) ;
#873 = DIRECTION ( 'NONE',  ( -1.000000000000000000, 0.000000000000000000, 0.000000000000000000 ) ) ;
#874 = CARTESIAN_POINT ( 'NONE',  ( 0.000000000000000000, 1.600000000000000089, -13.75000000000000000 ) ) ;
#875 = CIRCLE ( 'NONE', #612, 0.7999999999999986011 ) ;
#876 =( GEOMETRIC_REPRESENTATION_CONTEXT ( 3 ) GLOBAL_UNCERTAINTY_ASSIGNED_CONTEXT ( ( #1648 ) ) GLOBAL_UNIT_ASSIGNED_CONTEXT ( ( #2491, #1710, #2110 ) ) REPRESENTATION_CONTEXT ( 'NONE', 'WORKASPACE' ) );
#877 = CARTESIAN_POINT ( 'NONE',  ( -0.6999999999999940714, 9.149999999999998579, -13.24999999999999822 ) ) ;
#878 = AXIS2_PLACEMENT_3D ( 'NONE', #114, #1806, #1165 ) ;
#879 = VERTEX_POINT ( 'NONE', #1683 ) ;
#880 = CIRCLE ( 'NONE', #1016, 0.6999999999999992895 ) ;
#881 = AXIS2_PLACEMENT_3D ( 'NONE', #706, #720, #497 ) ;
#882 = ORIENTED_EDGE ( 'NONE', *, *, #630, .F. ) ;
#883 = VECTOR ( 'NONE', #1472, 1000.000000000000000 ) ;
#884 = DIRECTION ( 'NONE',  ( 6.802837160693364596E-16, 0.000000000000000000, -1.000000000000000000 ) ) ;
#885 = DIRECTION ( 'NONE',  ( 0.000000000000000000, 0.000000000000000000, -1.000000000000000000 ) ) ;
#886 = EDGE_LOOP ( 'NONE', ( #202, #1631, #1591, #774 ) ) ;
#887 = DIRECTION ( 'NONE',  ( -0.000000000000000000, 1.000000000000000000, -0.000000000000000000 ) ) ;
#888 = CARTESIAN_POINT ( 'NONE',  ( -12.69999999999999396, 0.000000000000000000, -8.100000000000012079 ) ) ;
#889 = PLANE ( 'NONE',  #1352 ) ;
#890 = DIRECTION ( 'NONE',  ( 0.000000000000000000, 0.000000000000000000, -1.000000000000000000 ) ) ;
#891 = CIRCLE ( 'NONE', #1927, 0.6999999999999992895 ) ;
#892 = VERTEX_POINT ( 'NONE', #1482 ) ;
#893 = EDGE_CURVE ( 'NONE', #313, #1989, #275, .T. ) ;
#894 = EDGE_LOOP ( 'NONE', ( #1429, #1311 ) ) ;
#895 = EDGE_CURVE ( 'NONE', #1764, #619, #1267, .T. ) ;
#896 = DIRECTION ( 'NONE',  ( 0.000000000000000000, 0.000000000000000000, 1.000000000000000000 ) ) ;
#897 = DIRECTION ( 'NONE',  ( 1.000000000000000000, 0.000000000000000000, 0.000000000000000000 ) ) ;
#898 = VERTEX_POINT ( 'NONE', #438 ) ;
#899 = DIRECTION ( 'NONE',  ( -0.000000000000000000, 1.000000000000000000, -0.000000000000000000 ) ) ;
#900 = FACE_OUTER_BOUND ( 'NONE', #172, .T. ) ;
#901 = CYLINDRICAL_SURFACE ( 'NONE', #658, 5.000000000000000888 ) ;
#902 = CARTESIAN_POINT ( 'NONE',  ( 9.000000000000001776, 15.75000000000002132, -23.25000000000000000 ) ) ;
#903 = EDGE_CURVE ( 'NONE', #1150, #299, #2499, .T. ) ;
#904 = VERTEX_POINT ( 'NONE', #2107 ) ;
#905 = ADVANCED_FACE ( 'NONE', ( #1067, #2550, #2512, #646, #2525, #2538, #1930, #1090, #2116 ), #2096, .T. ) ;
#906 = VERTEX_POINT ( 'NONE', #1890 ) ;
#907 = CYLINDRICAL_SURFACE ( 'NONE', #1677, 4.999999999999999112 ) ;
#908 = LINE ( 'NONE', #1914, #434 ) ;
#909 = EDGE_CURVE ( 'NONE', #2339, #1366, #1917, .T. ) ;
#910 = VERTEX_POINT ( 'NONE', #51 ) ;
#911 = VECTOR ( 'NONE', #970, 1000.000000000000000 ) ;
#912 = ORIENTED_EDGE ( 'NONE', *, *, #777, .F. ) ;
#913 = CYLINDRICAL_SURFACE ( 'NONE', #229, 8.100000000000001421 ) ;
#914 = DIRECTION ( 'NONE',  ( 0.000000000000000000, 0.000000000000000000, -1.000000000000000000 ) ) ;
#915 = ORIENTED_EDGE ( 'NONE', *, *, #1030, .T. ) ;
#916 = ADVANCED_FACE ( 'NONE', ( #2349 ), #469, .F. ) ;
#917 = AXIS2_PLACEMENT_3D ( 'NONE', #2152, #938, #2368 ) ;
#918 = CARTESIAN_POINT ( 'NONE',  ( -16.29999999999999716, 15.75000000000000000, -23.25000000000000000 ) ) ;
#919 = CARTESIAN_POINT ( 'NONE',  ( 26.00000000000000355, 1.399999999999999911, 3.821067811865475061 ) ) ;
#920 = EDGE_CURVE ( 'NONE', #2002, #1366, #53, .T. ) ;
#921 = CIRCLE ( 'NONE', #1647, 0.6999999999999995115 ) ;
#922 = ORIENTED_EDGE ( 'NONE', *, *, #171, .T. ) ;
#923 = DIRECTION ( 'NONE',  ( -0.000000000000000000, 1.000000000000000000, -0.000000000000000000 ) ) ;
#924 = ORIENTED_EDGE ( 'NONE', *, *, #1385, .T. ) ;
#925 = PLANE ( 'NONE',  #1464 ) ;
#926 = CARTESIAN_POINT ( 'NONE',  ( 19.50000000000000355, 31.39999999999999858, -15.25000000000000000 ) ) ;
#927 = AXIS2_PLACEMENT_3D ( 'NONE', #821, #2431, #1622 ) ;
#928 = ORIENTED_EDGE ( 'NONE', *, *, #2067, .T. ) ;
#929 = EDGE_LOOP ( 'NONE', ( #1488, #1287, #1256, #2329 ) ) ;
#930 = DIRECTION ( 'NONE',  ( 1.000000000000000000, 0.000000000000000000, 0.000000000000000000 ) ) ;
#931 = CARTESIAN_POINT ( 'NONE',  ( -4.000000000000000000, 0.000000000000000000, 6.650000000000005684 ) ) ;
#932 = CIRCLE ( 'NONE', #1621, 0.6999999999999992895 ) ;
#933 = ORIENTED_EDGE ( 'NONE', *, *, #2458, .F. ) ;
#934 = DIRECTION ( 'NONE',  ( 0.000000000000000000, 0.000000000000000000, 1.000000000000000000 ) ) ;
#935 = LINE ( 'NONE', #124, #1575 ) ;
#936 = ORIENTED_EDGE ( 'NONE', *, *, #2, .F. ) ;
#937 = ADVANCED_FACE ( 'NONE', ( #2293 ), #656, .F. ) ;
#938 = DIRECTION ( 'NONE',  ( -0.000000000000000000, -0.000000000000000000, 1.000000000000000000 ) ) ;
#939 = LINE ( 'NONE', #1195, #1357 ) ;
#940 = ORIENTED_EDGE ( 'NONE', *, *, #1937, .F. ) ;
#941 = FACE_OUTER_BOUND ( 'NONE', #714, .T. ) ;
#942 = ORIENTED_EDGE ( 'NONE', *, *, #1179, .T. ) ;
#943 = ORIENTED_EDGE ( 'NONE', *, *, #1065, .T. ) ;
#944 = EDGE_CURVE ( 'NONE', #1984, #2558, #2129, .T. ) ;
#945 = DIRECTION ( 'NONE',  ( -0.000000000000000000, 1.000000000000000000, -0.000000000000000000 ) ) ;
#946 = FACE_OUTER_BOUND ( 'NONE', #1929, .T. ) ;
#947 = EDGE_LOOP ( 'NONE', ( #466, #1206, #2398, #394 ) ) ;
#948 = DIRECTION ( 'NONE',  ( -0.000000000000000000, -0.000000000000000000, 1.000000000000000000 ) ) ;
#949 = ORIENTED_EDGE ( 'NONE', *, *, #535, .T. ) ;
#950 = DIRECTION ( 'NONE',  ( -0.000000000000000000, -0.000000000000000000, 1.000000000000000000 ) ) ;
#951 = LINE ( 'NONE', #1759, #2396 ) ;
#952 = ORIENTED_EDGE ( 'NONE', *, *, #2552, .T. ) ;
#953 = CARTESIAN_POINT ( 'NONE',  ( -14.89999999999999858, 15.75000000000000000, -23.25000000000000000 ) ) ;
#954 = EDGE_LOOP ( 'NONE', ( #614, #2153, #732, #245 ) ) ;
#955 = EDGE_LOOP ( 'NONE', ( #1667, #110 ) ) ;
#956 = CARTESIAN_POINT ( 'NONE',  ( -21.30000000000000426, 1.399999999999999911, -9.049999999999998934 ) ) ;
#957 = DIRECTION ( 'NONE',  ( -1.000000000000000000, 0.000000000000000000, -0.000000000000000000 ) ) ;
#958 = ORIENTED_EDGE ( 'NONE', *, *, #2432, .T. ) ;
#959 = CARTESIAN_POINT ( 'NONE',  ( 0.7000000000000050626, 9.149999999999998579, -23.25000000000000000 ) ) ;
#960 = VECTOR ( 'NONE', #1132, 1000.000000000000000 ) ;
#961 = AXIS2_PLACEMENT_3D ( 'NONE', #263, #1285, #1893 ) ;
#962 = EDGE_LOOP ( 'NONE', ( #362, #2482 ) ) ;
#963 = CARTESIAN_POINT ( 'NONE',  ( 21.30000000000001137, 0.1000000000000000056, -8.249999999999985789 ) ) ;
#964 = CARTESIAN_POINT ( 'NONE',  ( 2.946806295815515460E-15, 15.75000000000000000, -23.25000000000000000 ) ) ;
#965 = AXIS2_PLACEMENT_3D ( 'NONE', #2445, #2427, #1722 ) ;
#966 = PRESENTATION_LAYER_ASSIGNMENT (  '', '', ( #1567 ) ) ;
#967 = FACE_OUTER_BOUND ( 'NONE', #2292, .T. ) ;
#968 = VERTEX_POINT ( 'NONE', #2145 ) ;
#969 = DIRECTION ( 'NONE',  ( 0.000000000000000000, 0.000000000000000000, -1.000000000000000000 ) ) ;
#970 = DIRECTION ( 'NONE',  ( 0.000000000000000000, 1.000000000000000000, 0.000000000000000000 ) ) ;
#971 = CIRCLE ( 'NONE', #96, 1.100000000000000311 ) ;
#972 = ORIENTED_EDGE ( 'NONE', *, *, #2335, .T. ) ;
#973 = CIRCLE ( 'NONE', #321, 5.000000000000000000 ) ;
#974 = CARTESIAN_POINT ( 'NONE',  ( 8.300000000000002487, 15.75000000000002132, -13.24999999999999822 ) ) ;
#975 = ORIENTED_EDGE ( 'NONE', *, *, #549, .T. ) ;
#976 = CARTESIAN_POINT ( 'NONE',  ( -5.850000000000001421, 0.1000000000000000056, -6.150000000000004796 ) ) ;
#977 = DIRECTION ( 'NONE',  ( -0.000000000000000000, 1.000000000000000000, -0.000000000000000000 ) ) ;
#978 = EDGE_CURVE ( 'NONE', #2339, #872, #148, .T. ) ;
#979 = CARTESIAN_POINT ( 'NONE',  ( -21.29999999999999716, 0.1000000000000000056, 8.249999999999985789 ) ) ;
#980 = VECTOR ( 'NONE', #2108, 1000.000000000000000 ) ;
#981 = EDGE_CURVE ( 'NONE', #1412, #2640, #665, .T. ) ;
#982 = ORIENTED_EDGE ( 'NONE', *, *, #993, .F. ) ;
#983 = EDGE_LOOP ( 'NONE', ( #2137, #2360 ) ) ;
#984 = DIRECTION ( 'NONE',  ( 1.000000000000000000, 0.000000000000000000, 0.000000000000000000 ) ) ;
#985 = DIRECTION ( 'NONE',  ( 0.000000000000000000, 0.000000000000000000, 1.000000000000000000 ) ) ;
#986 = CARTESIAN_POINT ( 'NONE',  ( -15.59999999999999787, 15.75000000000000000, -15.25000000000000000 ) ) ;
#987 = DIRECTION ( 'NONE',  ( 0.000000000000000000, 0.000000000000000000, -1.000000000000000000 ) ) ;
#988 = CIRCLE ( 'NONE', #1289, 1.100000000000000311 ) ;
#989 = ORIENTED_EDGE ( 'NONE', *, *, #1986, .T. ) ;
#990 = EDGE_CURVE ( 'NONE', #1857, #2592, #1051, .T. ) ;
#991 = FACE_BOUND ( 'NONE', #2103, .T. ) ;
#992 = DIRECTION ( 'NONE',  ( -0.000000000000000000, -0.000000000000000000, -1.000000000000000000 ) ) ;
#993 = EDGE_CURVE ( 'NONE', #1866, #1175, #1315, .T. ) ;
#994 = DIRECTION ( 'NONE',  ( -1.892425610156516343E-14, 0.000000000000000000, -1.000000000000000000 ) ) ;
#995 = VERTEX_POINT ( 'NONE', #1293 ) ;
#996 = VERTEX_POINT ( 'NONE', #2602 ) ;
#997 = CYLINDRICAL_SURFACE ( 'NONE', #2123, 1.100000000000000311 ) ;
#998 = LINE ( 'NONE', #1390, #911 ) ;
#999 = ORIENTED_EDGE ( 'NONE', *, *, #58, .F. ) ;
#1000 = DIRECTION ( 'NONE',  ( -1.000000000000000000, 0.000000000000000000, 0.000000000000000000 ) ) ;
#1001 = ADVANCED_FACE ( 'NONE', ( #1389 ), #913, .F. ) ;
#1002 = ORIENTED_EDGE ( 'NONE', *, *, #2211, .F. ) ;
#1003 = ORIENTED_EDGE ( 'NONE', *, *, #1303, .T. ) ;
#1004 = CIRCLE ( 'NONE', #2167, 0.6999999999999992895 ) ;
#1005 = CARTESIAN_POINT ( 'NONE',  ( 0.000000000000000000, 0.000000000000000000, -15.25000000000000000 ) ) ;
#1007 = ADVANCED_FACE ( 'NONE', ( #331 ), #1147, .F. ) ;
#1006 = DIRECTION ( 'NONE',  ( -0.000000000000000000, 0.000000000000000000, 1.000000000000000000 ) ) ;
#1008 = ORIENTED_EDGE ( 'NONE', *, *, #1774, .F. ) ;
#1009 = ORIENTED_EDGE ( 'NONE', *, *, #2340, .T. ) ;
#1010 = CYLINDRICAL_SURFACE ( 'NONE', #2503, 0.7999999999999986011 ) ;
#1011 = CARTESIAN_POINT ( 'NONE',  ( -4.000000000000007105, 1.399999999999999911, 10.35000000000000497 ) ) ;
#1012 = CIRCLE ( 'NONE', #2302, 0.7999999999999986011 ) ;
#1013 = CARTESIAN_POINT ( 'NONE',  ( -21.30000000000000426, 0.1000000000000000056, -8.250000000000000000 ) ) ;
#1014 = EDGE_CURVE ( 'NONE', #349, #2617, #1144, .T. ) ;
#1015 = CARTESIAN_POINT ( 'NONE',  ( -15.59999999999999787, 15.75000000000000000, -15.25000000000000000 ) ) ;
#1016 = AXIS2_PLACEMENT_3D ( 'NONE', #2541, #661, #2337 ) ;
#1017 = ADVANCED_FACE ( 'NONE', ( #2185 ), #345, .F. ) ;
#1018 = AXIS2_PLACEMENT_3D ( 'NONE', #1752, #1345, #969 ) ;
#1019 = ORIENTED_EDGE ( 'NONE', *, *, #2238, .F. ) ;
#1020 = DIRECTION ( 'NONE',  ( 1.000000000000000000, 0.000000000000000000, 0.000000000000000000 ) ) ;
#1021 = CARTESIAN_POINT ( 'NONE',  ( 0.000000000000000000, 31.39999999999999858, 0.000000000000000000 ) ) ;
#1022 = ADVANCED_FACE ( 'NONE', ( #1131 ), #93, .F. ) ;
#1023 = ORIENTED_EDGE ( 'NONE', *, *, #1770, .F. ) ;
#1024 = VERTEX_POINT ( 'NONE', #300 ) ;
#1025 = CIRCLE ( 'NONE', #1322, 1.100000000000000311 ) ;
#1026 = ADVANCED_FACE ( 'NONE', ( #108 ), #556, .F. ) ;
#1027 = DIRECTION ( 'NONE',  ( 0.000000000000000000, 0.000000000000000000, 1.000000000000000000 ) ) ;
#1028 = FACE_BOUND ( 'NONE', #468, .T. ) ;
#1029 = VERTEX_POINT ( 'NONE', #2390 ) ;
#1030 = EDGE_CURVE ( 'NONE', #906, #2558, #1058, .T. ) ;
#1031 = DIRECTION ( 'NONE',  ( -0.000000000000000000, -0.000000000000000000, -1.000000000000000000 ) ) ;
#1032 = CARTESIAN_POINT ( 'NONE',  ( -27.50000000000000355, 0.1000000000000000472, 8.250000000000003553 ) ) ;
#1033 = ORIENTED_EDGE ( 'NONE', *, *, #2328, .F. ) ;
#1034 = FACE_BOUND ( 'NONE', #1235, .T. ) ;
#1035 = LINE ( 'NONE', #1663, #2214 ) ;
#1036 = EDGE_CURVE ( 'NONE', #1111, #1128, #2577, .T. ) ;
#1037 = ORIENTED_EDGE ( 'NONE', *, *, #786, .T. ) ;
#1038 = ORIENTED_EDGE ( 'NONE', *, *, #1540, .T. ) ;
#1039 = CARTESIAN_POINT ( 'NONE',  ( -3.799999999999997602, 15.75000000000000000, -23.25000000000000000 ) ) ;
#1040 = DIRECTION ( 'NONE',  ( 0.000000000000000000, 0.000000000000000000, -1.000000000000000000 ) ) ;
#1041 = CARTESIAN_POINT ( 'NONE',  ( 21.29999999999999005, 1.399999999999999911, 9.049999999999998934 ) ) ;
#1042 = DIRECTION ( 'NONE',  ( -0.000000000000000000, -0.000000000000000000, 1.000000000000000000 ) ) ;
#1043 = LINE ( 'NONE', #1658, #1059 ) ;
#1044 = EDGE_LOOP ( 'NONE', ( #1754, #75, #1757, #482 ) ) ;
#1045 = CARTESIAN_POINT ( 'NONE',  ( -11.19999999999999751, 15.75000000000000000, -23.25000000000000000 ) ) ;
#1046 = CARTESIAN_POINT ( 'NONE',  ( 12.69999999999999574, 1.399999999999999911, 0.000000000000000000 ) ) ;
#1047 = ORIENTED_EDGE ( 'NONE', *, *, #2261, .T. ) ;
#1048 = FACE_OUTER_BOUND ( 'NONE', #574, .T. ) ;
#1049 = FACE_BOUND ( 'NONE', #356, .T. ) ;
#1050 = DIRECTION ( 'NONE',  ( 0.000000000000000000, -0.7071067811865474617, 0.7071067811865475727 ) ) ;
#1051 = LINE ( 'NONE', #1495, #1447 ) ;
#1052 = DIRECTION ( 'NONE',  ( -1.000000000000000000, 0.000000000000000000, 0.000000000000000000 ) ) ;
#1053 = AXIS2_PLACEMENT_3D ( 'NONE', #843, #638, #1884 ) ;
#1054 = ORIENTED_EDGE ( 'NONE', *, *, #2502, .T. ) ;
#1055 = DIRECTION ( 'NONE',  ( 0.000000000000000000, 0.000000000000000000, -1.000000000000000000 ) ) ;
#1056 = AXIS2_PLACEMENT_3D ( 'NONE', #2058, #1632, #2675 ) ;
#1057 = PLANE ( 'NONE',  #361 ) ;
#1058 = CIRCLE ( 'NONE', #1018, 0.7999999999999986011 ) ;
#1059 = VECTOR ( 'NONE', #2489, 1000.000000000000000 ) ;
#1060 = VECTOR ( 'NONE', #308, 1000.000000000000000 ) ;
#1061 = EDGE_CURVE ( 'NONE', #2182, #554, #2159, .T. ) ;
#1062 = ORIENTED_EDGE ( 'NONE', *, *, #1745, .T. ) ;
#1063 = LINE ( 'NONE', #2104, #473 ) ;
#1064 = LINE ( 'NONE', #2305, #2555 ) ;
#1065 = EDGE_CURVE ( 'NONE', #1319, #996, #1409, .T. ) ;
#1066 = ORIENTED_EDGE ( 'NONE', *, *, #1664, .T. ) ;
#1067 = FACE_BOUND ( 'NONE', #764, .T. ) ;
#1068 = CARTESIAN_POINT ( 'NONE',  ( -27.50000000000000355, 18.47106781186547408, -8.249999999999998224 ) ) ;
#1069 = ORIENTED_EDGE ( 'NONE', *, *, #1297, .F. ) ;
#1070 = DIRECTION ( 'NONE',  ( 1.000000000000000000, -3.154042683594194381E-17, 3.154042683594194997E-17 ) ) ;
#1071 = CARTESIAN_POINT ( 'NONE',  ( 0.000000000000000000, 1.399999999999999911, -10.34999999999999787 ) ) ;
#1072 = EDGE_CURVE ( 'NONE', #1852, #86, #2440, .T. ) ;
#1073 = VERTEX_POINT ( 'NONE', #1550 ) ;
#1074 = DIRECTION ( 'NONE',  ( -0.000000000000000000, -0.000000000000000000, 1.000000000000000000 ) ) ;
#1075 = CARTESIAN_POINT ( 'NONE',  ( 0.000000000000000000, 1.399999999999999911, 0.000000000000000000 ) ) ;
#1076 = ORIENTED_EDGE ( 'NONE', *, *, #1585, .F. ) ;
#1077 = DIRECTION ( 'NONE',  ( 0.000000000000000000, -0.7071067811865474617, 0.7071067811865475727 ) ) ;
#1078 = CARTESIAN_POINT ( 'NONE',  ( 26.00000000000000355, 18.47106781186547408, -8.249999999999998224 ) ) ;
#1079 = ORIENTED_EDGE ( 'NONE', *, *, #978, .T. ) ;
#1080 = DIRECTION ( 'NONE',  ( 0.000000000000000000, 0.000000000000000000, -1.000000000000000000 ) ) ;
#1081 = LINE ( 'NONE', #239, #1875 ) ;
#1082 = ADVANCED_FACE ( 'NONE', ( #750 ), #2404, .F. ) ;
#1083 = EDGE_CURVE ( 'NONE', #2212, #1353, #762, .T. ) ;
#1084 = VERTEX_POINT ( 'NONE', #287 ) ;
#1085 = EDGE_LOOP ( 'NONE', ( #378, #1478, #2150, #323 ) ) ;
#1086 = VECTOR ( 'NONE', #1860, 1000.000000000000000 ) ;
#1087 = DIRECTION ( 'NONE',  ( -0.000000000000000000, 1.000000000000000000, -0.000000000000000000 ) ) ;
#1088 = DIRECTION ( 'NONE',  ( 0.000000000000000000, -0.000000000000000000, -1.000000000000000000 ) ) ;
#1089 = ORIENTED_EDGE ( 'NONE', *, *, #1489, .T. ) ;
#1090 = FACE_BOUND ( 'NONE', #1627, .T. ) ;
#1091 = DIRECTION ( 'NONE',  ( -0.000000000000000000, 0.000000000000000000, 1.000000000000000000 ) ) ;
#1092 = AXIS2_PLACEMENT_3D ( 'NONE', #2213, #1634, #603 ) ;
#1093 = VECTOR ( 'NONE', #2040, 1000.000000000000000 ) ;
#1094 = EDGE_CURVE ( 'NONE', #2645, #1925, #76, .T. ) ;
#1095 = DIRECTION ( 'NONE',  ( -1.000000000000000000, 0.000000000000000000, 0.000000000000000000 ) ) ;
#1096 = DIRECTION ( 'NONE',  ( 1.000000000000000000, 0.000000000000000000, 0.000000000000000000 ) ) ;
#1097 = EDGE_CURVE ( 'NONE', #584, #1150, #1276, .T. ) ;
#1098 = VERTEX_POINT ( 'NONE', #1332 ) ;
#1099 = AXIS2_PLACEMENT_3D ( 'NONE', #2569, #1596, #1769 ) ;
#1100 = VERTEX_POINT ( 'NONE', #2375 ) ;
#1101 = AXIS2_PLACEMENT_3D ( 'NONE', #1305, #887, #2309 ) ;
#1102 = FACE_OUTER_BOUND ( 'NONE', #1443, .T. ) ;
#1103 = ADVANCED_FACE ( 'NONE', ( #2015 ), #154, .T. ) ;
#1104 = ORIENTED_EDGE ( 'NONE', *, *, #1736, .F. ) ;
#1105 = CARTESIAN_POINT ( 'NONE',  ( -26.00000000000000355, 1.399999999999999911, 1.750000000000001554 ) ) ;
#1106 = CARTESIAN_POINT ( 'NONE',  ( 11.20000000000000107, 15.75000000000002487, -23.25000000000000000 ) ) ;
#1107 = ADVANCED_FACE ( 'NONE', ( #2206 ), #411, .F. ) ;
#1108 = LINE ( 'NONE', #1933, #318 ) ;
#1109 = VECTOR ( 'NONE', #2310, 1000.000000000000000 ) ;
#1110 = ORIENTED_EDGE ( 'NONE', *, *, #2071, .T. ) ;
#1111 = VERTEX_POINT ( 'NONE', #1338 ) ;
#1112 = DIRECTION ( 'NONE',  ( 0.000000000000000000, 0.000000000000000000, 1.000000000000000000 ) ) ;
#1113 = DIRECTION ( 'NONE',  ( 1.000000000000000000, 0.000000000000000000, 0.000000000000000000 ) ) ;
#1114 = CIRCLE ( 'NONE', #2628, 0.7999999999999986011 ) ;
#1115 = EDGE_CURVE ( 'NONE', #2531, #2318, #932, .T. ) ;
#1116 = AXIS2_PLACEMENT_3D ( 'NONE', #328, #553, #1401 ) ;
#1117 = ORIENTED_EDGE ( 'NONE', *, *, #778, .F. ) ;
#1118 = ORIENTED_EDGE ( 'NONE', *, *, #1777, .F. ) ;
#1119 = CARTESIAN_POINT ( 'NONE',  ( -27.50000000000000355, 31.39999999999999858, -15.25000000000000000 ) ) ;
#1120 = FACE_OUTER_BOUND ( 'NONE', #1703, .T. ) ;
#1121 = CARTESIAN_POINT ( 'NONE',  ( 5.849999999999998757, 0.000000000000000000, -5.150000000000003908 ) ) ;
#1122 = LINE ( 'NONE', #2554, #1794 ) ;
#1123 = VERTEX_POINT ( 'NONE', #1164 ) ;
#1124 = DIRECTION ( 'NONE',  ( 1.000000000000000000, 0.000000000000000000, 0.000000000000000000 ) ) ;
#1125 = ORIENTED_EDGE ( 'NONE', *, *, #738, .T. ) ;
#1126 = CARTESIAN_POINT ( 'NONE',  ( -26.00000000000000355, 18.47106781186547408, -8.249999999999998224 ) ) ;
#1127 = DIRECTION ( 'NONE',  ( 0.000000000000000000, 1.000000000000000000, 0.000000000000000000 ) ) ;
#1128 = VERTEX_POINT ( 'NONE', #726 ) ;
#1129 = AXIS2_PLACEMENT_3D ( 'NONE', #986, #1988, #530 ) ;
#1130 = ORIENTED_EDGE ( 'NONE', *, *, #1192, .F. ) ;
#1131 = FACE_OUTER_BOUND ( 'NONE', #1440, .T. ) ;
#1132 = DIRECTION ( 'NONE',  ( -0.000000000000000000, 1.000000000000000000, -0.000000000000000000 ) ) ;
#1133 = ORIENTED_EDGE ( 'NONE', *, *, #1997, .F. ) ;
#1134 = LINE ( 'NONE', #2352, #2260 ) ;
#1135 = DIRECTION ( 'NONE',  ( 0.000000000000000000, -1.000000000000000000, -0.000000000000000000 ) ) ;
#1136 = AXIS2_PLACEMENT_3D ( 'NONE', #1272, #13, #1906 ) ;
#1137 = ORIENTED_EDGE ( 'NONE', *, *, #1774, .T. ) ;
#1138 = DIRECTION ( 'NONE',  ( -0.000000000000000000, 0.000000000000000000, 1.000000000000000000 ) ) ;
#1139 = CIRCLE ( 'NONE', #1570, 0.7999999999999986011 ) ;
#1140 = CARTESIAN_POINT ( 'NONE',  ( -19.50000000000000355, 31.39999999999999858, -13.25000000000000000 ) ) ;
#1141 = ORIENTED_EDGE ( 'NONE', *, *, #27, .T. ) ;
#1142 = DIRECTION ( 'NONE',  ( -0.000000000000000000, -0.000000000000000000, 1.000000000000000000 ) ) ;
#1143 = AXIS2_PLACEMENT_3D ( 'NONE', #1015, #2031, #1243 ) ;
#1144 = CIRCLE ( 'NONE', #1187, 3.800000000000000266 ) ;
#1145 = ORIENTED_EDGE ( 'NONE', *, *, #1824, .T. ) ;
#1146 = EDGE_LOOP ( 'NONE', ( #1858, #82, #420, #1331 ) ) ;
#1147 = CYLINDRICAL_SURFACE ( 'NONE', #2353, 0.6999999999999992895 ) ;
#1148 = CARTESIAN_POINT ( 'NONE',  ( -27.50000000000000355, 2.899999999999999911, -11.75000000000000000 ) ) ;
#1149 = CIRCLE ( 'NONE', #1881, 5.000000000000000000 ) ;
#1150 = VERTEX_POINT ( 'NONE', #2190 ) ;
#1151 = CARTESIAN_POINT ( 'NONE',  ( 12.69999999999999574, 0.1000000000000000056, 0.000000000000000000 ) ) ;
#1152 = EDGE_LOOP ( 'NONE', ( #1513, #558 ) ) ;
#1153 = CARTESIAN_POINT ( 'NONE',  ( 5.850000000000001421, 0.000000000000000000, -9.249999999999998224 ) ) ;
#1154 = DIRECTION ( 'NONE',  ( 1.000000000000000000, -0.000000000000000000, -0.000000000000000000 ) ) ;
#1155 = ORIENTED_EDGE ( 'NONE', *, *, #2535, .T. ) ;
#1156 = DIRECTION ( 'NONE',  ( 0.000000000000000000, -1.000000000000000000, -0.000000000000000000 ) ) ;
#1157 = ORIENTED_EDGE ( 'NONE', *, *, #1174, .F. ) ;
#1158 = ORIENTED_EDGE ( 'NONE', *, *, #2544, .T. ) ;
#1159 = DIRECTION ( 'NONE',  ( 0.000000000000000000, 0.000000000000000000, 1.000000000000000000 ) ) ;
#1160 = CARTESIAN_POINT ( 'NONE',  ( -26.00000000000000355, 6.400000000000000355, 3.821067811865476394 ) ) ;
#1161 = ORIENTED_EDGE ( 'NONE', *, *, #1877, .T. ) ;
#1162 = DIRECTION ( 'NONE',  ( 0.000000000000000000, 0.000000000000000000, 1.000000000000000000 ) ) ;
#1163 = ORIENTED_EDGE ( 'NONE', *, *, #54, .F. ) ;
#1164 = CARTESIAN_POINT ( 'NONE',  ( -4.000000000000000000, 0.1000000000000000056, 6.650000000000005684 ) ) ;
#1165 = DIRECTION ( 'NONE',  ( 0.000000000000000000, 0.000000000000000000, -1.000000000000000000 ) ) ;
#1166 = CARTESIAN_POINT ( 'NONE',  ( -5.850000000000001421, 0.000000000000000000, -6.150000000000004796 ) ) ;
#1167 = EDGE_LOOP ( 'NONE', ( #274, #1707 ) ) ;
#1168 = ORIENTED_EDGE ( 'NONE', *, *, #1471, .F. ) ;
#1169 = DIRECTION ( 'NONE',  ( 0.000000000000000000, 0.000000000000000000, -1.000000000000000000 ) ) ;
#1170 = DIRECTION ( 'NONE',  ( 0.000000000000000000, 1.000000000000000000, 0.000000000000000000 ) ) ;
#1171 = AXIS2_PLACEMENT_3D ( 'NONE', #2146, #260, #1496 ) ;
#1172 = VERTEX_POINT ( 'NONE', #538 ) ;
#1173 = FACE_OUTER_BOUND ( 'NONE', #947, .T. ) ;
#1174 = EDGE_CURVE ( 'NONE', #820, #879, #1968, .T. ) ;
#1175 = VERTEX_POINT ( 'NONE', #1176 ) ;
#1176 = CARTESIAN_POINT ( 'NONE',  ( 7.500000000000001776, 15.75000000000001421, -15.25000000000000000 ) ) ;
#1177 = CARTESIAN_POINT ( 'NONE',  ( -6.099999999999997868, 15.75000000000000000, -13.24999999999999822 ) ) ;
#1178 = CIRCLE ( 'NONE', #1915, 0.7999999999999986011 ) ;
#1179 = EDGE_CURVE ( 'NONE', #2361, #1731, #2219, .T. ) ;
#1180 = CYLINDRICAL_SURFACE ( 'NONE', #760, 1.100000000000000311 ) ;
#1181 = ORIENTED_EDGE ( 'NONE', *, *, #606, .F. ) ;
#1182 = VERTEX_POINT ( 'NONE', #1965 ) ;
#1183 = AXIS2_PLACEMENT_3D ( 'NONE', #142, #2018, #1162 ) ;
#1184 = DIRECTION ( 'NONE',  ( 0.000000000000000000, 0.000000000000000000, -1.000000000000000000 ) ) ;
#1185 = DIRECTION ( 'NONE',  ( 0.000000000000000000, 1.000000000000000000, 0.000000000000000000 ) ) ;
#1186 = CARTESIAN_POINT ( 'NONE',  ( 0.7000000000000035083, 22.35000000000000142, -13.24999999999999822 ) ) ;
#1187 = AXIS2_PLACEMENT_3D ( 'NONE', #2194, #1159, #2171 ) ;
#1188 = EDGE_CURVE ( 'NONE', #904, #313, #2199, .T. ) ;
#1189 = ORIENTED_EDGE ( 'NONE', *, *, #220, .F. ) ;
#1190 = AXIS2_PLACEMENT_3D ( 'NONE', #338, #1556, #1124 ) ;
#1191 = FACE_OUTER_BOUND ( 'NONE', #2669, .T. ) ;
#1192 = EDGE_CURVE ( 'NONE', #57, #44, #146, .T. ) ;
#1193 = ORIENTED_EDGE ( 'NONE', *, *, #2454, .T. ) ;
#1194 = CARTESIAN_POINT ( 'NONE',  ( 4.000000000000000888, 1.399999999999999911, 7.750000000000006217 ) ) ;
#1195 = CARTESIAN_POINT ( 'NONE',  ( 26.00000000000000355, 1.399999999999999911, -13.24999999999999822 ) ) ;
#1196 = VECTOR ( 'NONE', #235, 1000.000000000000000 ) ;
#1197 = CARTESIAN_POINT ( 'NONE',  ( 19.50000000000000355, 31.39999999999999858, -13.24999999999999822 ) ) ;
#1198 = VERTEX_POINT ( 'NONE', #976 ) ;
#1199 = ORIENTED_EDGE ( 'NONE', *, *, #63, .T. ) ;
#1200 = LINE ( 'NONE', #918, #744 ) ;
#1201 = CARTESIAN_POINT ( 'NONE',  ( -7.499999999999996447, 15.75000000000000000, -15.25000000000000000 ) ) ;
#1202 = EDGE_CURVE ( 'NONE', #254, #1245, #1149, .T. ) ;
#1203 = DIRECTION ( 'NONE',  ( -1.000000000000000000, 0.000000000000000000, 0.000000000000000000 ) ) ;
#1204 = CARTESIAN_POINT ( 'NONE',  ( 4.000000000000000888, 0.1000000000000000056, 6.650000000000005684 ) ) ;
#1205 = AXIS2_PLACEMENT_3D ( 'NONE', #1898, #1087, #1691 ) ;
#1206 = ORIENTED_EDGE ( 'NONE', *, *, #697, .T. ) ;
#1207 = ORIENTED_EDGE ( 'NONE', *, *, #2151, .T. ) ;
#1208 = FACE_BOUND ( 'NONE', #2039, .T. ) ;
#1209 = CARTESIAN_POINT ( 'NONE',  ( 12.69999999999999574, 1.399999999999999911, 8.100000000000001421 ) ) ;
#1210 = DIRECTION ( 'NONE',  ( 0.000000000000000000, 0.000000000000000000, 1.000000000000000000 ) ) ;
#1211 = VERTEX_POINT ( 'NONE', #963 ) ;
#1212 = ORIENTED_EDGE ( 'NONE', *, *, #893, .T. ) ;
#1213 = CARTESIAN_POINT ( 'NONE',  ( 26.00000000000000355, 1.399999999999999911, 1.750000000000001554 ) ) ;
#1214 = CARTESIAN_POINT ( 'NONE',  ( -8.999999999999998224, 15.75000000000000000, -15.25000000000000000 ) ) ;
#1215 = CARTESIAN_POINT ( 'NONE',  ( 6.800000000000002487, 15.75000000000001421, -15.25000000000000000 ) ) ;
#1216 = CARTESIAN_POINT ( 'NONE',  ( 12.69999999999999751, 0.000000000000000000, -8.100000000000001421 ) ) ;
#1217 = EDGE_CURVE ( 'NONE', #2303, #2444, #370, .T. ) ;
#1218 = ORIENTED_EDGE ( 'NONE', *, *, #2331, .T. ) ;
#1219 = CIRCLE ( 'NONE', #1171, 0.6999999999999995115 ) ;
#1220 = DIRECTION ( 'NONE',  ( 0.000000000000000000, 0.000000000000000000, 1.000000000000000000 ) ) ;
#1221 = LINE ( 'NONE', #2691, #140 ) ;
#1222 = PRODUCT_DEFINITION_CONTEXT ( 'detailed design', #60, 'design' ) ;
#1223 = EDGE_CURVE ( 'NONE', #1330, #1958, #2409, .T. ) ;
#1224 = AXIS2_PLACEMENT_3D ( 'NONE', #358, #98, #1553 ) ;
#1225 = ORIENTED_EDGE ( 'NONE', *, *, #579, .T. ) ;
#1226 = ORIENTED_EDGE ( 'NONE', *, *, #1255, .F. ) ;
#1227 = DIRECTION ( 'NONE',  ( 0.000000000000000000, 0.000000000000000000, 1.000000000000000000 ) ) ;
#1228 = DIRECTION ( 'NONE',  ( -0.000000000000000000, -0.000000000000000000, 1.000000000000000000 ) ) ;
#1229 = CIRCLE ( 'NONE', #2562, 1.499999999999999556 ) ;
#1230 = CARTESIAN_POINT ( 'NONE',  ( 0.000000000000000000, 0.1000000000000000056, -13.75000000000000000 ) ) ;
#1231 = DIRECTION ( 'NONE',  ( 0.000000000000000000, 0.000000000000000000, -1.000000000000000000 ) ) ;
#1232 = DIRECTION ( 'NONE',  ( 1.000000000000000000, 0.000000000000000000, 0.000000000000000000 ) ) ;
#1233 = CIRCLE ( 'NONE', #1740, 8.100000000000001421 ) ;
#1234 = AXIS2_PLACEMENT_3D ( 'NONE', #234, #1720, #2333 ) ;
#1235 = EDGE_LOOP ( 'NONE', ( #2468, #1079 ) ) ;
#1236 = DIRECTION ( 'NONE',  ( 0.000000000000000000, -1.000000000000000000, 0.000000000000000000 ) ) ;
#1237 = CYLINDRICAL_SURFACE ( 'NONE', #1874, 0.7999999999999986011 ) ;
#1238 = EDGE_LOOP ( 'NONE', ( #2367, #1558 ) ) ;
#1239 = ORIENTED_EDGE ( 'NONE', *, *, #2184, .F. ) ;
#1240 = CARTESIAN_POINT ( 'NONE',  ( 26.00000000000000355, 16.39999999999999858, -13.24999999999999822 ) ) ;
#1241 = DIRECTION ( 'NONE',  ( -1.000000000000000000, 0.000000000000000000, -3.154042683594194997E-17 ) ) ;
#1242 = CARTESIAN_POINT ( 'NONE',  ( 15.60000000000000142, 15.75000000000003553, -13.24999999999999822 ) ) ;
#1243 = DIRECTION ( 'NONE',  ( -1.000000000000000000, 0.000000000000000000, 0.000000000000000000 ) ) ;
#1244 = CARTESIAN_POINT ( 'NONE',  ( -12.69999999999999574, 0.1000000000000000056, -8.597458788255783673E-15 ) ) ;
#1245 = VERTEX_POINT ( 'NONE', #2165 ) ;
#1246 = DIRECTION ( 'NONE',  ( -0.000000000000000000, -0.000000000000000000, 1.000000000000000000 ) ) ;
#1247 = DIRECTION ( 'NONE',  ( 1.000000000000000000, 0.000000000000000000, 0.000000000000000000 ) ) ;
#1248 = AXIS2_PLACEMENT_3D ( 'NONE', #700, #1530, #1112 ) ;
#1249 = ORIENTED_EDGE ( 'NONE', *, *, #171, .F. ) ;
#1250 = DIRECTION ( 'NONE',  ( -0.000000000000000000, -0.000000000000000000, 1.000000000000000000 ) ) ;
#1251 = FACE_OUTER_BOUND ( 'NONE', #627, .T. ) ;
#1252 = CARTESIAN_POINT ( 'NONE',  ( 21.29999999999999005, 0.1000000000000000056, 9.049999999999998934 ) ) ;
#1253 = CARTESIAN_POINT ( 'NONE',  ( -5.850000000000002309, 1.399999999999999911, -5.150000000000003908 ) ) ;
#1254 = LINE ( 'NONE', #1891, #1453 ) ;
#1255 = EDGE_CURVE ( 'NONE', #254, #1882, #1382, .T. ) ;
#1256 = ORIENTED_EDGE ( 'NONE', *, *, #1115, .F. ) ;
#1257 = CARTESIAN_POINT ( 'NONE',  ( 0.000000000000000000, 1.399999999999999911, 3.821067811865476838 ) ) ;
#1258 = CARTESIAN_POINT ( 'NONE',  ( -26.00000000000000355, 2.864466094067262159, 0.2855339059327391404 ) ) ;
#1259 = EDGE_CURVE ( 'NONE', #2086, #1989, #2399, .T. ) ;
#1260 = CIRCLE ( 'NONE', #1301, 4.999999999999999112 ) ;
#1261 = ADVANCED_FACE ( 'NONE', ( #1979 ), #113, .F. ) ;
#1262 = CIRCLE ( 'NONE', #132, 0.6999999999999992895 ) ;
#1263 = VERTEX_POINT ( 'NONE', #2595 ) ;
#1264 = CARTESIAN_POINT ( 'NONE',  ( -10.49999999999999822, 15.75000000000000000, -13.24999999999999822 ) ) ;
#1265 = FACE_BOUND ( 'NONE', #983, .T. ) ;
#1266 = VERTEX_POINT ( 'NONE', #769 ) ;
#1267 = LINE ( 'NONE', #1105, #1837 ) ;
#1268 = CARTESIAN_POINT ( 'NONE',  ( 0.000000000000000000, 0.1000000000000000056, 10.35000000000000497 ) ) ;
#1269 = ADVANCED_FACE ( 'NONE', ( #1599 ), #2420, .F. ) ;
#1270 = AXIS2_PLACEMENT_3D ( 'NONE', #2166, #2585, #2008 ) ;
#1271 = VERTEX_POINT ( 'NONE', #292 ) ;
#1272 = CARTESIAN_POINT ( 'NONE',  ( -6.799999999999997158, 15.75000000000000000, -23.25000000000000000 ) ) ;
#1273 = VECTOR ( 'NONE', #2506, 1000.000000000000000 ) ;
#1274 = CARTESIAN_POINT ( 'NONE',  ( 6.800000000000002487, 15.75000000000001421, -13.24999999999999822 ) ) ;
#1275 = AXIS2_PLACEMENT_3D ( 'NONE', #413, #206, #1433 ) ;
#1276 = CIRCLE ( 'NONE', #2442, 8.100000000000001421 ) ;
#1277 = ORIENTED_EDGE ( 'NONE', *, *, #2226, .T. ) ;
#1278 = LINE ( 'NONE', #2281, #814 ) ;
#1279 = DIRECTION ( 'NONE',  ( -0.000000000000000000, -0.000000000000000000, 1.000000000000000000 ) ) ;
#1280 = VERTEX_POINT ( 'NONE', #1948 ) ;
#1281 = EDGE_CURVE ( 'NONE', #968, #74, #265, .T. ) ;
#1282 = CARTESIAN_POINT ( 'NONE',  ( 13.40000000000000036, 15.75000000000003197, -15.25000000000000000 ) ) ;
#1283 = CARTESIAN_POINT ( 'NONE',  ( 14.09999999999999787, 15.75000000000003197, -23.25000000000000000 ) ) ;
#1284 = ORIENTED_EDGE ( 'NONE', *, *, #2356, .T. ) ;
#1285 = DIRECTION ( 'NONE',  ( -0.000000000000000000, 1.000000000000000000, -0.000000000000000000 ) ) ;
#1286 = LINE ( 'NONE', #650, #364 ) ;
#1287 = ORIENTED_EDGE ( 'NONE', *, *, #1736, .T. ) ;
#1288 = EDGE_LOOP ( 'NONE', ( #708, #2121 ) ) ;
#1289 = AXIS2_PLACEMENT_3D ( 'NONE', #459, #1290, #2114 ) ;
#1290 = DIRECTION ( 'NONE',  ( -0.000000000000000000, 1.000000000000000000, -0.000000000000000000 ) ) ;
#1291 = EDGE_CURVE ( 'NONE', #1731, #2361, #1608, .T. ) ;
#1292 = ORIENTED_EDGE ( 'NONE', *, *, #1202, .T. ) ;
#1293 = CARTESIAN_POINT ( 'NONE',  ( 5.100000000000000533, 1.399999999999999911, 9.250000000000005329 ) ) ;
#1294 = CYLINDRICAL_SURFACE ( 'NONE', #1840, 1.499999999999999556 ) ;
#1295 = ADVANCED_FACE ( 'NONE', ( #2584 ), #2275, .F. ) ;
#1296 = CARTESIAN_POINT ( 'NONE',  ( 11.20000000000000107, 15.75000000000002487, -15.25000000000000000 ) ) ;
#1297 = EDGE_CURVE ( 'NONE', #872, #2339, #1349, .T. ) ;
#1298 = ORIENTED_EDGE ( 'NONE', *, *, #295, .T. ) ;
#1299 = EDGE_CURVE ( 'NONE', #898, #1084, #182, .T. ) ;
#1300 = ORIENTED_EDGE ( 'NONE', *, *, #7, .F. ) ;
#1301 = AXIS2_PLACEMENT_3D ( 'NONE', #1160, #1766, #763 ) ;
#1302 = LINE ( 'NONE', #506, #640 ) ;
#1303 = EDGE_CURVE ( 'NONE', #2640, #820, #1853, .T. ) ;
#1304 = VERTEX_POINT ( 'NONE', #2452 ) ;
#1305 = CARTESIAN_POINT ( 'NONE',  ( -12.69999999999999574, 0.000000000000000000, -8.597458788255783673E-15 ) ) ;
#1306 = CARTESIAN_POINT ( 'NONE',  ( -4.749999999999993783, 1.399999999999999911, -10.34999999999999787 ) ) ;
#1307 = EDGE_CURVE ( 'NONE', #1263, #1609, #2020, .T. ) ;
#1308 = DIRECTION ( 'NONE',  ( 0.000000000000000000, 0.000000000000000000, -1.000000000000000000 ) ) ;
#1309 = DIRECTION ( 'NONE',  ( 0.000000000000000000, -1.000000000000000000, 0.000000000000000000 ) ) ;
#1310 = AXIS2_PLACEMENT_3D ( 'NONE', #2663, #599, #1432 ) ;
#1311 = ORIENTED_EDGE ( 'NONE', *, *, #1065, .F. ) ;
#1312 = ADVANCED_FACE ( 'NONE', ( #209 ), #782, .F. ) ;
#1313 = CIRCLE ( 'NONE', #1659, 8.100000000000003197 ) ;
#1314 = ORIENTED_EDGE ( 'NONE', *, *, #1014, .F. ) ;
#1315 = CIRCLE ( 'NONE', #485, 0.6999999999999992895 ) ;
#1316 = CYLINDRICAL_SURFACE ( 'NONE', #1248, 0.7999999999999986011 ) ;
#1317 = PRODUCT_CONTEXT ( 'NONE', #625, 'mechanical' ) ;
#1318 = ORIENTED_EDGE ( 'NONE', *, *, #1745, .F. ) ;
#1319 = VERTEX_POINT ( 'NONE', #1425 ) ;
#1320 = CARTESIAN_POINT ( 'NONE',  ( -21.29999999999999716, 0.000000000000000000, 8.249999999999985789 ) ) ;
#1321 = PLANE ( 'NONE',  #881 ) ;
#1322 = AXIS2_PLACEMENT_3D ( 'NONE', #2422, #564, #994 ) ;
#1323 = DIRECTION ( 'NONE',  ( -1.000000000000000000, 0.000000000000000000, 0.000000000000000000 ) ) ;
#1324 = DIRECTION ( 'NONE',  ( -0.000000000000000000, 1.000000000000000000, -0.000000000000000000 ) ) ;
#1325 = ORIENTED_EDGE ( 'NONE', *, *, #1974, .F. ) ;
#1326 = DIRECTION ( 'NONE',  ( 1.000000000000000000, 0.000000000000000000, 0.000000000000000000 ) ) ;
#1327 = ORIENTED_EDGE ( 'NONE', *, *, #508, .T. ) ;
#1328 = DIRECTION ( 'NONE',  ( 0.000000000000000000, 0.7071067811865474617, -0.7071067811865475727 ) ) ;
#1329 = APPLICATION_PROTOCOL_DEFINITION ( 'draft international standard', 'automotive_design', 1998, #60 ) ;
#1330 = VERTEX_POINT ( 'NONE', #160 ) ;
#1331 = ORIENTED_EDGE ( 'NONE', *, *, #2345, .T. ) ;
#1332 = CARTESIAN_POINT ( 'NONE',  ( -16.29999999999999716, 15.75000000000000000, -13.24999999999999822 ) ) ;
#1333 = CARTESIAN_POINT ( 'NONE',  ( -4.749999999999993783, 0.000000000000000000, -10.34999999999999787 ) ) ;
#1334 = EDGE_LOOP ( 'NONE', ( #2561, #191 ) ) ;
#1335 = DIRECTION ( 'NONE',  ( 0.000000000000000000, 0.000000000000000000, -1.000000000000000000 ) ) ;
#1336 = CARTESIAN_POINT ( 'NONE',  ( 26.00000000000000355, 1.399999999999999911, -11.74999999999999822 ) ) ;
#1337 = ORIENTED_EDGE ( 'NONE', *, *, #777, .T. ) ;
#1338 = CARTESIAN_POINT ( 'NONE',  ( 27.50000000000000355, 0.1000000000000000472, -13.75000000000000000 ) ) ;
#1339 = ADVANCED_FACE ( 'NONE', ( #2062 ), #1842, .F. ) ;
#1340 = ORIENTED_EDGE ( 'NONE', *, *, #412, .F. ) ;
#1341 = EDGE_CURVE ( 'NONE', #1984, #1912, #875, .T. ) ;
#1342 = DIRECTION ( 'NONE',  ( 0.000000000000000000, 1.000000000000000000, -0.000000000000000000 ) ) ;
#1343 = CIRCLE ( 'NONE', #2202, 0.6999999999999992895 ) ;
#1344 = ORIENTED_EDGE ( 'NONE', *, *, #16, .F. ) ;
#1345 = DIRECTION ( 'NONE',  ( -0.000000000000000000, 1.000000000000000000, -0.000000000000000000 ) ) ;
#1346 = CARTESIAN_POINT ( 'NONE',  ( -6.099999999999997868, 15.75000000000000000, -15.25000000000000000 ) ) ;
#1347 =( GEOMETRIC_REPRESENTATION_CONTEXT ( 3 ) GLOBAL_UNCERTAINTY_ASSIGNED_CONTEXT ( ( #787 ) ) GLOBAL_UNIT_ASSIGNED_CONTEXT ( ( #478, #1899, #88 ) ) REPRESENTATION_CONTEXT ( 'NONE', 'WORKASPACE' ) );
#1348 = ORIENTED_EDGE ( 'NONE', *, *, #2250, .F. ) ;
#1349 = CIRCLE ( 'NONE', #2299, 0.6999999999999975131 ) ;
#1350 = CARTESIAN_POINT ( 'NONE',  ( -5.100000000000000533, 0.1000000000000000056, 10.25000000000000533 ) ) ;
#1351 = LINE ( 'NONE', #534, #2052 ) ;
#1352 = AXIS2_PLACEMENT_3D ( 'NONE', #2297, #238, #680 ) ;
#1353 = VERTEX_POINT ( 'NONE', #2243 ) ;
#1354 = CARTESIAN_POINT ( 'NONE',  ( -21.30000000000000426, 0.000000000000000000, -9.049999999999998934 ) ) ;
#1355 = AXIS2_PLACEMENT_3D ( 'NONE', #1242, #1640, #2473 ) ;
#1356 = CARTESIAN_POINT ( 'NONE',  ( 15.60000000000000142, 15.75000000000003553, -23.25000000000000000 ) ) ;
#1357 = VECTOR ( 'NONE', #992, 1000.000000000000000 ) ;
#1358 = ORIENTED_EDGE ( 'NONE', *, *, #489, .F. ) ;
#1359 = DIRECTION ( 'NONE',  ( -0.000000000000000000, -0.000000000000000000, 1.000000000000000000 ) ) ;
#1360 = AXIS2_PLACEMENT_3D ( 'NONE', #1635, #1309, #671 ) ;
#1361 = VECTOR ( 'NONE', #899, 1000.000000000000000 ) ;
#1362 = VECTOR ( 'NONE', #109, 1000.000000000000000 ) ;
#1363 = EDGE_LOOP ( 'NONE', ( #1199, #428 ) ) ;
#1364 = DIRECTION ( 'NONE',  ( 0.000000000000000000, 0.000000000000000000, -1.000000000000000000 ) ) ;
#1365 = DIRECTION ( 'NONE',  ( -0.000000000000000000, 1.000000000000000000, -0.000000000000000000 ) ) ;
#1366 = VERTEX_POINT ( 'NONE', #2258 ) ;
#1367 = CARTESIAN_POINT ( 'NONE',  ( 27.50000000000000355, 0.000000000000000000, 8.250000000000003553 ) ) ;
#1368 = CIRCLE ( 'NONE', #2618, 8.000000000000000000 ) ;
#1369 = ORIENTED_EDGE ( 'NONE', *, *, #499, .T. ) ;
#1370 = DIRECTION ( 'NONE',  ( 1.000000000000000000, 0.000000000000000000, 0.000000000000000000 ) ) ;
#1371 = DIRECTION ( 'NONE',  ( -0.000000000000000000, -0.000000000000000000, 1.000000000000000000 ) ) ;
#1372 = DIRECTION ( 'NONE',  ( 0.000000000000000000, -0.000000000000000000, -1.000000000000000000 ) ) ;
#1373 = EDGE_LOOP ( 'NONE', ( #576, #1892, #2141, #1808 ) ) ;
#1374 = VECTOR ( 'NONE', #1926, 1000.000000000000000 ) ;
#1375 = CARTESIAN_POINT ( 'NONE',  ( -27.50000000000000355, 0.000000000000000000, 8.250000000000003553 ) ) ;
#1376 = CARTESIAN_POINT ( 'NONE',  ( -5.000000000000000000, 0.1000000000000000056, 6.650000000000005684 ) ) ;
#1377 = EDGE_CURVE ( 'NONE', #105, #1925, #2387, .T. ) ;
#1378 = VERTEX_POINT ( 'NONE', #199 ) ;
#1379 = EDGE_CURVE ( 'NONE', #1751, #641, #591, .T. ) ;
#1380 = CARTESIAN_POINT ( 'NONE',  ( -26.00000000000000355, 2.864466094067262159, 0.2855339059327391404 ) ) ;
#1381 = EDGE_LOOP ( 'NONE', ( #2017, #1750, #1702, #505 ) ) ;
#1382 = LINE ( 'NONE', #102, #1410 ) ;
#1383 = DIRECTION ( 'NONE',  ( -0.000000000000000000, 1.000000000000000000, 0.000000000000000000 ) ) ;
#1384 = DIRECTION ( 'NONE',  ( 0.000000000000000000, 0.000000000000000000, -1.000000000000000000 ) ) ;
#1385 = EDGE_CURVE ( 'NONE', #2182, #2242, #1911, .T. ) ;
#1386 = ORIENTED_EDGE ( 'NONE', *, *, #1512, .T. ) ;
#1387 = ORIENTED_EDGE ( 'NONE', *, *, #1259, .F. ) ;
#1388 = EDGE_CURVE ( 'NONE', #1624, #1661, #2256, .T. ) ;
#1389 = FACE_OUTER_BOUND ( 'NONE', #1405, .T. ) ;
#1390 = CARTESIAN_POINT ( 'NONE',  ( -26.00000000000000355, 16.39999999999999858, -13.24999999999999822 ) ) ;
#1391 = AXIS2_PLACEMENT_3D ( 'NONE', #2350, #2414, #1799 ) ;
#1392 = ORIENTED_EDGE ( 'NONE', *, *, #2498, .T. ) ;
#1393 = DIRECTION ( 'NONE',  ( -0.000000000000000000, 1.000000000000000000, -0.000000000000000000 ) ) ;
#1394 = ADVANCED_FACE ( 'NONE', ( #1034, #825, #391, #368, #1610, #991, #1816, #1645, #2479, #620, #2641, #2435, #1208, #2035 ), #174, .T. ) ;
#1395 = ORIENTED_EDGE ( 'NONE', *, *, #1512, .F. ) ;
#1396 = CARTESIAN_POINT ( 'NONE',  ( -14.09999999999999609, 15.75000000000000000, -23.25000000000000000 ) ) ;
#1397 = FACE_OUTER_BOUND ( 'NONE', #2183, .T. ) ;
#1398 = CIRCLE ( 'NONE', #41, 8.100000000000003197 ) ;
#1399 = CIRCLE ( 'NONE', #2262, 8.000000000000000000 ) ;
#1400 = EDGE_CURVE ( 'NONE', #1912, #1984, #2122, .T. ) ;
#1401 = DIRECTION ( 'NONE',  ( -1.000000000000000000, 0.000000000000000000, -0.000000000000000000 ) ) ;
#1402 = MANIFOLD_SOLID_BREP ( 'Fillet4', #2049 ) ;
#1403 = CIRCLE ( 'NONE', #2483, 3.800000000000000266 ) ;
#1404 = ORIENTED_EDGE ( 'NONE', *, *, #1654, .F. ) ;
#1405 = EDGE_LOOP ( 'NONE', ( #1936, #2579, #1484, #1337 ) ) ;
#1406 = AXIS2_PLACEMENT_3D ( 'NONE', #1274, #2134, #1907 ) ;
#1407 = DIRECTION ( 'NONE',  ( 0.000000000000000000, 0.000000000000000000, -1.000000000000000000 ) ) ;
#1408 = LINE ( 'NONE', #1376, #214 ) ;
#1409 = CIRCLE ( 'NONE', #2098, 0.7999999999999986011 ) ;
#1410 = VECTOR ( 'NONE', #551, 1000.000000000000000 ) ;
#1411 = CARTESIAN_POINT ( 'NONE',  ( 2.946806295815515460E-15, 15.75000000000000000, -23.25000000000000000 ) ) ;
#1412 = VERTEX_POINT ( 'NONE', #2118 ) ;
#1413 = ORIENTED_EDGE ( 'NONE', *, *, #1217, .T. ) ;
#1414 = CARTESIAN_POINT ( 'NONE',  ( 3.887357607529844343E-15, 22.35000000000000142, -23.25000000000000000 ) ) ;
#1415 = FACE_OUTER_BOUND ( 'NONE', #590, .T. ) ;
#1416 = DIRECTION ( 'NONE',  ( -0.000000000000000000, 1.000000000000000000, 0.000000000000000000 ) ) ;
#1417 = ORIENTED_EDGE ( 'NONE', *, *, #1030, .F. ) ;
#1418 = ORIENTED_EDGE ( 'NONE', *, *, #425, .T. ) ;
#1419 = DIRECTION ( 'NONE',  ( -0.000000000000000000, -0.000000000000000000, 1.000000000000000000 ) ) ;
#1420 = EDGE_CURVE ( 'NONE', #804, #2381, #2300, .T. ) ;
#1421 = LINE ( 'NONE', #346, #306 ) ;
#1422 = DIRECTION ( 'NONE',  ( 0.000000000000000000, 0.000000000000000000, -1.000000000000000000 ) ) ;
#1423 = CARTESIAN_POINT ( 'NONE',  ( -27.50000000000000355, 6.400000000000000355, 3.821067811865476394 ) ) ;
#1424 = VERTEX_POINT ( 'NONE', #1485 ) ;
#1425 = CARTESIAN_POINT ( 'NONE',  ( 21.30000000000001137, 1.399999999999999911, -9.849999999999983658 ) ) ;
#1426 = CARTESIAN_POINT ( 'NONE',  ( -21.30000000000000426, 0.000000000000000000, -8.250000000000000000 ) ) ;
#1427 = ADVANCED_FACE ( 'NONE', ( #2101 ), #250, .F. ) ;
#1428 = ORIENTED_EDGE ( 'NONE', *, *, #2340, .F. ) ;
#1429 = ORIENTED_EDGE ( 'NONE', *, *, #92, .F. ) ;
#1430 = CARTESIAN_POINT ( 'NONE',  ( -26.00000000000000355, 14.93553390593273456, -11.78553390593273420 ) ) ;
#1431 = FACE_BOUND ( 'NONE', #2013, .T. ) ;
#1432 = DIRECTION ( 'NONE',  ( 0.000000000000000000, 0.000000000000000000, -1.000000000000000000 ) ) ;
#1433 = DIRECTION ( 'NONE',  ( -1.000000000000000000, 0.000000000000000000, 0.000000000000000000 ) ) ;
#1434 = DIRECTION ( 'NONE',  ( 0.000000000000000000, 0.000000000000000000, 1.000000000000000000 ) ) ;
#1435 = EDGE_LOOP ( 'NONE', ( #2646, #1110 ) ) ;
#1436 = CIRCLE ( 'NONE', #2514, 1.100000000000000311 ) ;
#1437 = DIRECTION ( 'NONE',  ( -1.000000000000000000, 0.000000000000000000, 0.000000000000000000 ) ) ;
#1438 = CARTESIAN_POINT ( 'NONE',  ( 5.503891382404351928E-15, 9.149999999999998579, -15.25000000000000000 ) ) ;
#1439 = EDGE_LOOP ( 'NONE', ( #2005, #1651, #1909, #2203 ) ) ;
#1440 = EDGE_LOOP ( 'NONE', ( #1674, #282, #2534, #330 ) ) ;
#1441 = DIRECTION ( 'NONE',  ( 0.000000000000000000, 0.000000000000000000, -1.000000000000000000 ) ) ;
#1442 = CARTESIAN_POINT ( 'NONE',  ( 27.50000000000000355, 1.399999999999999911, 3.821067811865475061 ) ) ;
#1443 = EDGE_LOOP ( 'NONE', ( #1494, #173, #2594, #2576 ) ) ;
#1444 = CARTESIAN_POINT ( 'NONE',  ( -4.749999999999993783, 0.1000000000000000056, -10.34999999999999787 ) ) ;
#1445 = DIRECTION ( 'NONE',  ( 0.000000000000000000, -0.000000000000000000, -1.000000000000000000 ) ) ;
#1446 = AXIS2_PLACEMENT_3D ( 'NONE', #2111, #442, #1475 ) ;
#1447 = VECTOR ( 'NONE', #1878, 1000.000000000000000 ) ;
#1448 = EDGE_LOOP ( 'NONE', ( #1033, #673 ) ) ;
#1449 = CARTESIAN_POINT ( 'NONE',  ( 26.00000000000000355, 2.899999999999999911, -13.24999999999999822 ) ) ;
#1450 = DIRECTION ( 'NONE',  ( -0.000000000000000000, 1.000000000000000000, -0.000000000000000000 ) ) ;
#1451 = AXIS2_PLACEMENT_3D ( 'NONE', #874, #1052, #1434 ) ;
#1452 = ORIENTED_EDGE ( 'NONE', *, *, #1666, .T. ) ;
#1453 = VECTOR ( 'NONE', #23, 1000.000000000000000 ) ;
#1454 = DIRECTION ( 'NONE',  ( -1.000000000000000000, 0.000000000000000000, 0.000000000000000000 ) ) ;
#1455 = CARTESIAN_POINT ( 'NONE',  ( -4.750000000000000888, 0.1000000000000000056, -6.150000000000003908 ) ) ;
#1456 = FACE_OUTER_BOUND ( 'NONE', #18, .T. ) ;
#1457 = ADVANCED_FACE ( 'NONE', ( #67 ), #1510, .F. ) ;
#1458 = FACE_OUTER_BOUND ( 'NONE', #1381, .T. ) ;
#1459 = DIRECTION ( 'NONE',  ( 1.000000000000000000, -0.000000000000000000, -0.000000000000000000 ) ) ;
#1460 = EDGE_CURVE ( 'NONE', #2450, #349, #2287, .T. ) ;
#1461 = ORIENTED_EDGE ( 'NONE', *, *, #2238, .T. ) ;
#1462 = DIRECTION ( 'NONE',  ( -1.000000000000000000, 3.154042683594194381E-17, -3.154042683594194997E-17 ) ) ;
#1463 = CARTESIAN_POINT ( 'NONE',  ( 2.946806295815515460E-15, 15.75000000000000000, -15.25000000000000000 ) ) ;
#1464 = AXIS2_PLACEMENT_3D ( 'NONE', #492, #29, #1328 ) ;
#1465 = ORIENTED_EDGE ( 'NONE', *, *, #540, .F. ) ;
#1466 = ADVANCED_FACE ( 'NONE', ( #2540 ), #889, .T. ) ;
#1467 = LINE ( 'NONE', #610, #1716 ) ;
#1468 = CARTESIAN_POINT ( 'NONE',  ( -21.29999999999999716, 1.399999999999999911, 8.249999999999985789 ) ) ;
#1469 = DIRECTION ( 'NONE',  ( -0.000000000000000000, 1.000000000000000000, -0.000000000000000000 ) ) ;
#1470 = AXIS2_PLACEMENT_3D ( 'NONE', #512, #2551, #94 ) ;
#1471 = EDGE_CURVE ( 'NONE', #1764, #136, #2336, .T. ) ;
#1472 = DIRECTION ( 'NONE',  ( -0.000000000000000000, -0.000000000000000000, 1.000000000000000000 ) ) ;
#1473 = CARTESIAN_POINT ( 'NONE',  ( 10.50000000000000178, 15.75000000000002487, -15.25000000000000000 ) ) ;
#1474 = ORIENTED_EDGE ( 'NONE', *, *, #2224, .F. ) ;
#1475 = DIRECTION ( 'NONE',  ( 0.000000000000000000, 0.000000000000000000, -1.000000000000000000 ) ) ;
#1476 = CIRCLE ( 'NONE', #350, 4.999999999999999112 ) ;
#1477 = ADVANCED_FACE ( 'NONE', ( #1675 ), #901, .F. ) ;
#1478 = ORIENTED_EDGE ( 'NONE', *, *, #432, .T. ) ;
#1479 = CARTESIAN_POINT ( 'NONE',  ( 19.50000000000000355, 23.39999999999999858, -15.25000000000000000 ) ) ;
#1480 = CARTESIAN_POINT ( 'NONE',  ( 14.90000000000000213, 15.75000000000003553, -13.24999999999999822 ) ) ;
#1481 = VERTEX_POINT ( 'NONE', #637 ) ;
#1482 = CARTESIAN_POINT ( 'NONE',  ( -5.850000000000001421, 1.399999999999999911, -6.150000000000004796 ) ) ;
#1483 = CARTESIAN_POINT ( 'NONE',  ( 15.60000000000000142, 15.75000000000003553, -23.25000000000000000 ) ) ;
#1484 = ORIENTED_EDGE ( 'NONE', *, *, #903, .T. ) ;
#1485 = CARTESIAN_POINT ( 'NONE',  ( 21.30000000000001137, 0.1000000000000000056, -9.849999999999983658 ) ) ;
#1486 = VECTOR ( 'NONE', #723, 1000.000000000000000 ) ;
#1487 = LINE ( 'NONE', #1071, #405 ) ;
#1488 = ORIENTED_EDGE ( 'NONE', *, *, #494, .F. ) ;
#1489 = EDGE_CURVE ( 'NONE', #2556, #445, #429, .T. ) ;
#1490 = EDGE_LOOP ( 'NONE', ( #1515, #186, #135, #2494 ) ) ;
#1491 = EDGE_CURVE ( 'NONE', #1424, #1211, #1178, .T. ) ;
#1492 = CIRCLE ( 'NONE', #1970, 0.6999999999999992895 ) ;
#1493 = DIRECTION ( 'NONE',  ( -0.000000000000000000, -0.000000000000000000, -1.000000000000000000 ) ) ;
#1494 = ORIENTED_EDGE ( 'NONE', *, *, #2454, .F. ) ;
#1495 = CARTESIAN_POINT ( 'NONE',  ( 21.29999999999999005, 0.000000000000000000, 8.250000000000000000 ) ) ;
#1496 = DIRECTION ( 'NONE',  ( 1.000000000000000000, 0.000000000000000000, 0.000000000000000000 ) ) ;
#1497 = VECTOR ( 'NONE', #1793, 1000.000000000000000 ) ;
#1498 = SURFACE_STYLE_USAGE ( .BOTH. , #2505 ) ;
#1499 = LINE ( 'NONE', #2326, #227 ) ;
#1500 = EDGE_CURVE ( 'NONE', #1637, #2605, #2003, .T. ) ;
#1501 = EDGE_LOOP ( 'NONE', ( #2463, #2174 ) ) ;
#1502 = ADVANCED_FACE ( 'NONE', ( #660 ), #2014, .F. ) ;
#1503 = VERTEX_POINT ( 'NONE', #1617 ) ;
#1504 = CARTESIAN_POINT ( 'NONE',  ( 5.100000000000000533, 0.000000000000000000, 10.25000000000000533 ) ) ;
#1505 = ADVANCED_FACE ( 'NONE', ( #180 ), #997, .F. ) ;
#1506 = ORIENTED_EDGE ( 'NONE', *, *, #1202, .F. ) ;
#1507 = DIRECTION ( 'NONE',  ( 1.000000000000000000, 0.000000000000000000, 0.000000000000000000 ) ) ;
#1508 = DIRECTION ( 'NONE',  ( -0.000000000000000000, 1.000000000000000000, -0.000000000000000000 ) ) ;
#1509 = ADVANCED_FACE ( 'NONE', ( #2636 ), #2567, .F. ) ;
#1510 = PLANE ( 'NONE',  #2430 ) ;
#1511 = CYLINDRICAL_SURFACE ( 'NONE', #2565, 0.6999999999999992895 ) ;
#1512 = EDGE_CURVE ( 'NONE', #995, #237, #521, .T. ) ;
#1513 = ORIENTED_EDGE ( 'NONE', *, *, #738, .F. ) ;
#1514 = CIRCLE ( 'NONE', #1391, 0.6999999999999995115 ) ;
#1515 = ORIENTED_EDGE ( 'NONE', *, *, #2044, .F. ) ;
#1516 = LINE ( 'NONE', #2139, #1374 ) ;
#1517 = CYLINDRICAL_SURFACE ( 'NONE', #605, 8.000000000000000000 ) ;
#1518 = AXIS2_PLACEMENT_3D ( 'NONE', #1194, #1236, #1830 ) ;
#1519 = EDGE_LOOP ( 'NONE', ( #179, #1069, #28, #1775 ) ) ;
#1520 = CARTESIAN_POINT ( 'NONE',  ( 12.70000000000000284, 15.75000000000003197, -23.25000000000000000 ) ) ;
#1521 = DIRECTION ( 'NONE',  ( 1.000000000000000000, 0.000000000000000000, 0.000000000000000000 ) ) ;
#1522 = DIRECTION ( 'NONE',  ( 0.000000000000000000, 0.000000000000000000, -1.000000000000000000 ) ) ;
#1523 = DIRECTION ( 'NONE',  ( 1.000000000000000000, 0.000000000000000000, 0.000000000000000000 ) ) ;
#1524 = CIRCLE ( 'NONE', #878, 1.100000000000000311 ) ;
#1525 = AXIS2_PLACEMENT_3D ( 'NONE', #37, #455, #1687 ) ;
#1526 = ORIENTED_EDGE ( 'NONE', *, *, #2322, .T. ) ;
#1527 = VECTOR ( 'NONE', #22, 1000.000000000000000 ) ;
#1528 = EDGE_LOOP ( 'NONE', ( #228, #532, #1923, #517 ) ) ;
#1529 = VECTOR ( 'NONE', #127, 1000.000000000000000 ) ;
#1530 = DIRECTION ( 'NONE',  ( -0.000000000000000000, 1.000000000000000000, -0.000000000000000000 ) ) ;
#1531 = FACE_OUTER_BOUND ( 'NONE', #2571, .T. ) ;
#1532 = ORIENTED_EDGE ( 'NONE', *, *, #157, .F. ) ;
#1533 = ORIENTED_EDGE ( 'NONE', *, *, #944, .F. ) ;
#1534 = DIRECTION ( 'NONE',  ( 1.000000000000000000, 0.000000000000000000, 0.000000000000000000 ) ) ;
#1535 = CARTESIAN_POINT ( 'NONE',  ( 12.70000000000000107, 15.75000000000003197, -15.25000000000000000 ) ) ;
#1536 = ORIENTED_EDGE ( 'NONE', *, *, #2625, .F. ) ;
#1537 = ADVANCED_FACE ( 'NONE', ( #585 ), #2222, .F. ) ;
#1538 = CARTESIAN_POINT ( 'NONE',  ( 0.000000000000000000, 6.400000000000000355, 3.821067811865476394 ) ) ;
#1539 = CARTESIAN_POINT ( 'NONE',  ( -26.00000000000000355, 1.399999999999999911, -11.75000000000000000 ) ) ;
#1540 = EDGE_CURVE ( 'NONE', #566, #1098, #1200, .T. ) ;
#1541 = EDGE_CURVE ( 'NONE', #1624, #1572, #722, .T. ) ;
#1542 = VERTEX_POINT ( 'NONE', #167 ) ;
#1543 = CARTESIAN_POINT ( 'NONE',  ( 27.50000000000000355, 23.39999999999999858, -13.24999999999999822 ) ) ;
#1544 = ORIENTED_EDGE ( 'NONE', *, *, #1900, .F. ) ;
#1545 = FACE_OUTER_BOUND ( 'NONE', #2511, .T. ) ;
#1546 = SHAPE_DEFINITION_REPRESENTATION ( #34, #844 ) ;
#1547 = ORIENTED_EDGE ( 'NONE', *, *, #597, .T. ) ;
#1548 = EDGE_CURVE ( 'NONE', #2061, #119, #2392, .T. ) ;
#1549 = ORIENTED_EDGE ( 'NONE', *, *, #2143, .T. ) ;
#1550 = CARTESIAN_POINT ( 'NONE',  ( -11.89999999999999680, 15.75000000000000000, -15.25000000000000000 ) ) ;
#1551 = LINE ( 'NONE', #484, #2077 ) ;
#1552 = ORIENTED_EDGE ( 'NONE', *, *, #730, .F. ) ;
#1553 = DIRECTION ( 'NONE',  ( 1.000000000000000000, 0.000000000000000000, 0.000000000000000000 ) ) ;
#1554 = LINE ( 'NONE', #959, #2094 ) ;
#1555 = EDGE_LOOP ( 'NONE', ( #97, #490, #2198, #1133 ) ) ;
#1556 = DIRECTION ( 'NONE',  ( -0.000000000000000000, 0.000000000000000000, 1.000000000000000000 ) ) ;
#1557 = DIRECTION ( 'NONE',  ( 1.000000000000000000, 0.000000000000000000, 0.000000000000000000 ) ) ;
#1558 = ORIENTED_EDGE ( 'NONE', *, *, #1649, .T. ) ;
#1559 = CARTESIAN_POINT ( 'NONE',  ( -27.50000000000000355, 0.1000000000000000472, -13.75000000000000000 ) ) ;
#1560 = EDGE_CURVE ( 'NONE', #995, #1084, #1134, .T. ) ;
#1561 = VERTEX_POINT ( 'NONE', #2647 ) ;
#1562 = CARTESIAN_POINT ( 'NONE',  ( 26.00000000000000355, 6.400000000000000355, 3.821067811865476838 ) ) ;
#1563 = CARTESIAN_POINT ( 'NONE',  ( -12.69999999999999574, 1.399999999999999911, -8.597458788255783673E-15 ) ) ;
#1564 = EDGE_LOOP ( 'NONE', ( #2065, #1549, #408, #476, #1212, #958, #1158, #2515, #1532, #2583 ) ) ;
#1565 = AXIS2_PLACEMENT_3D ( 'NONE', #2678, #1867, #2046 ) ;
#1566 = CARTESIAN_POINT ( 'NONE',  ( -16.29999999999999716, 15.75000000000000000, -15.25000000000000000 ) ) ;
#1567 = STYLED_ITEM ( 'NONE', ( #278 ), #1402 ) ;
#1568 = ORIENTED_EDGE ( 'NONE', *, *, #944, .T. ) ;
#1569 = CARTESIAN_POINT ( 'NONE',  ( -6.799999999999997158, 15.75000000000000000, -15.25000000000000000 ) ) ;
#1570 = AXIS2_PLACEMENT_3D ( 'NONE', #2239, #388, #2042 ) ;
#1571 = CARTESIAN_POINT ( 'NONE',  ( 0.000000000000000000, 0.1000000000000000056, 13.25000000000000533 ) ) ;
#1572 = VERTEX_POINT ( 'NONE', #2553 ) ;
#1573 = EDGE_CURVE ( 'NONE', #44, #1266, #1398, .T. ) ;
#1574 = CARTESIAN_POINT ( 'NONE',  ( -4.000000000000000000, 0.000000000000000000, 9.250000000000005329 ) ) ;
#1575 = VECTOR ( 'NONE', #1135, 1000.000000000000000 ) ;
#1576 = ADVANCED_FACE ( 'NONE', ( #386 ), #2162, .F. ) ;
#1577 = CIRCLE ( 'NONE', #2658, 0.6999999999999992895 ) ;
#1578 = ORIENTED_EDGE ( 'NONE', *, *, #2, .T. ) ;
#1579 = EDGE_LOOP ( 'NONE', ( #2019, #1946, #936, #2575 ) ) ;
#1580 = DIRECTION ( 'NONE',  ( -0.000000000000000000, -0.000000000000000000, 1.000000000000000000 ) ) ;
#1581 = DIRECTION ( 'NONE',  ( -1.000000000000000000, 0.000000000000000000, 0.000000000000000000 ) ) ;
#1582 = ORIENTED_EDGE ( 'NONE', *, *, #2179, .T. ) ;
#1583 = CARTESIAN_POINT ( 'NONE',  ( -13.39999999999999680, 15.75000000000000000, -23.25000000000000000 ) ) ;
#1584 = ORIENTED_EDGE ( 'NONE', *, *, #1377, .T. ) ;
#1585 = EDGE_CURVE ( 'NONE', #337, #385, #289, .T. ) ;
#1586 = DIRECTION ( 'NONE',  ( 0.000000000000000000, 0.000000000000000000, 1.000000000000000000 ) ) ;
#1587 = CARTESIAN_POINT ( 'NONE',  ( 3.887357607529844343E-15, 22.35000000000000142, -23.25000000000000000 ) ) ;
#1588 = EDGE_CURVE ( 'NONE', #2242, #2182, #1787, .T. ) ;
#1589 = DIRECTION ( 'NONE',  ( -0.000000000000000000, -0.000000000000000000, 1.000000000000000000 ) ) ;
#1590 = ORIENTED_EDGE ( 'NONE', *, *, #1548, .T. ) ;
#1591 = ORIENTED_EDGE ( 'NONE', *, *, #2501, .T. ) ;
#1592 = ADVANCED_FACE ( 'NONE', ( #514 ), #2148, .F. ) ;
#1593 = DIRECTION ( 'NONE',  ( -0.000000000000000000, 1.000000000000000000, 0.000000000000000000 ) ) ;
#1594 = DIRECTION ( 'NONE',  ( 0.000000000000000000, 0.000000000000000000, -1.000000000000000000 ) ) ;
#1595 = ORIENTED_EDGE ( 'NONE', *, *, #2060, .F. ) ;
#1596 = DIRECTION ( 'NONE',  ( -0.000000000000000000, 1.000000000000000000, -0.000000000000000000 ) ) ;
#1597 = EDGE_CURVE ( 'NONE', #1182, #1650, #1960, .T. ) ;
#1598 = ORIENTED_EDGE ( 'NONE', *, *, #2278, .F. ) ;
#1599 = FACE_OUTER_BOUND ( 'NONE', #1820, .T. ) ;
#1600 = CARTESIAN_POINT ( 'NONE',  ( -22.50000000000000355, 0.1000000000000000056, 13.25000000000000533 ) ) ;
#1601 = LINE ( 'NONE', #2023, #1497 ) ;
#1602 = ORIENTED_EDGE ( 'NONE', *, *, #139, .F. ) ;
#1603 = ORIENTED_EDGE ( 'NONE', *, *, #2466, .T. ) ;
#1604 = DIRECTION ( 'NONE',  ( -0.000000000000000000, -0.000000000000000000, 1.000000000000000000 ) ) ;
#1605 = CARTESIAN_POINT ( 'NONE',  ( -5.849999999999999645, 0.1000000000000000056, -9.249999999999998224 ) ) ;
#1606 = AXIS2_PLACEMENT_3D ( 'NONE', #2459, #2249, #2054 ) ;
#1607 = DIRECTION ( 'NONE',  ( 0.000000000000000000, -1.000000000000000000, 0.000000000000000000 ) ) ;
#1608 = CIRCLE ( 'NONE', #84, 0.6999999999999992895 ) ;
#1609 = VERTEX_POINT ( 'NONE', #153 ) ;
#1610 = FACE_BOUND ( 'NONE', #2112, .T. ) ;
#1611 = DIRECTION ( 'NONE',  ( -0.000000000000000000, 1.000000000000000000, -0.000000000000000000 ) ) ;
#1612 = LINE ( 'NONE', #2439, #542 ) ;
#1613 = VECTOR ( 'NONE', #604, 1000.000000000000000 ) ;
#1614 = ORIENTED_EDGE ( 'NONE', *, *, #125, .T. ) ;
#1615 = ORIENTED_EDGE ( 'NONE', *, *, #486, .F. ) ;
#1616 = AXIS2_PLACEMENT_3D ( 'NONE', #322, #2004, #2188 ) ;
#1617 = CARTESIAN_POINT ( 'NONE',  ( -0.6999999999999940714, 9.149999999999998579, -15.25000000000000000 ) ) ;
#1618 = PLANE ( 'NONE',  #2120 ) ;
#1619 = VECTOR ( 'NONE', #1580, 1000.000000000000000 ) ;
#1620 = CARTESIAN_POINT ( 'NONE',  ( -27.50000000000000355, 31.39999999999999858, -13.25000000000000000 ) ) ;
#1621 = AXIS2_PLACEMENT_3D ( 'NONE', #2382, #324, #1370 ) ;
#1622 = DIRECTION ( 'NONE',  ( -0.000000000000000000, 0.000000000000000000, -1.000000000000000000 ) ) ;
#1623 = ORIENTED_EDGE ( 'NONE', *, *, #1654, .T. ) ;
#1624 = VERTEX_POINT ( 'NONE', #1755 ) ;
#1625 = DIRECTION ( 'NONE',  ( -0.000000000000000000, -0.000000000000000000, 1.000000000000000000 ) ) ;
#1626 = CARTESIAN_POINT ( 'NONE',  ( 26.00000000000000355, 2.864466094067262159, 0.2855339059327393625 ) ) ;
#1627 = EDGE_LOOP ( 'NONE', ( #1761, #1897 ) ) ;
#1628 = EDGE_LOOP ( 'NONE', ( #1991, #608 ) ) ;
#1629 = DIRECTION ( 'NONE',  ( -0.000000000000000000, -0.000000000000000000, -1.000000000000000000 ) ) ;
#1630 = PLANE ( 'NONE',  #1606 ) ;
#1631 = ORIENTED_EDGE ( 'NONE', *, *, #115, .T. ) ;
#1632 = DIRECTION ( 'NONE',  ( 0.000000000000000000, -0.000000000000000000, -1.000000000000000000 ) ) ;
#1633 = ORIENTED_EDGE ( 'NONE', *, *, #909, .T. ) ;
#1634 = DIRECTION ( 'NONE',  ( 0.000000000000000000, -1.000000000000000000, 0.000000000000000000 ) ) ;
#1635 = CARTESIAN_POINT ( 'NONE',  ( 4.750000000000000888, 1.399999999999999911, -9.249999999999998224 ) ) ;
#1636 = ORIENTED_EDGE ( 'NONE', *, *, #580, .T. ) ;
#1637 = VERTEX_POINT ( 'NONE', #2580 ) ;
#1638 = DIRECTION ( 'NONE',  ( -0.000000000000000000, -0.000000000000000000, -1.000000000000000000 ) ) ;
#1639 = FACE_BOUND ( 'NONE', #1334, .T. ) ;
#1640 = DIRECTION ( 'NONE',  ( -0.000000000000000000, -0.000000000000000000, -1.000000000000000000 ) ) ;
#1641 = DIRECTION ( 'NONE',  ( -6.802837160693362624E-16, 0.000000000000000000, 1.000000000000000000 ) ) ;
#1642 = CARTESIAN_POINT ( 'NONE',  ( 9.700000000000001066, 15.75000000000002132, -15.25000000000000000 ) ) ;
#1643 = ORIENTED_EDGE ( 'NONE', *, *, #305, .F. ) ;
#1644 = AXIS2_PLACEMENT_3D ( 'NONE', #1075, #2126, #2155 ) ;
#1645 = FACE_BOUND ( 'NONE', #1501, .T. ) ;
#1646 = DIRECTION ( 'NONE',  ( 0.000000000000000000, 0.000000000000000000, 1.000000000000000000 ) ) ;
#1647 = AXIS2_PLACEMENT_3D ( 'NONE', #2205, #1652, #2457 ) ;
#1648 = UNCERTAINTY_MEASURE_WITH_UNIT (LENGTH_MEASURE( 1.000000000000000082E-05 ), #2491, 'distance_accuracy_value', 'NONE');
#1649 = EDGE_CURVE ( 'NONE', #449, #1271, #921, .T. ) ;
#1650 = VERTEX_POINT ( 'NONE', #230 ) ;
#1651 = ORIENTED_EDGE ( 'NONE', *, *, #257, .F. ) ;
#1652 = DIRECTION ( 'NONE',  ( 0.000000000000000000, -0.000000000000000000, -1.000000000000000000 ) ) ;
#1653 = CARTESIAN_POINT ( 'NONE',  ( 6.100000000000003197, 15.75000000000001421, -23.25000000000000000 ) ) ;
#1654 = EDGE_CURVE ( 'NONE', #1024, #2412, #1063, .T. ) ;
#1655 = VECTOR ( 'NONE', #539, 1000.000000000000000 ) ;
#1656 = LINE ( 'NONE', #1620, #1957 ) ;
#1657 = DIRECTION ( 'NONE',  ( 1.000000000000000000, 0.000000000000000000, 0.000000000000000000 ) ) ;
#1658 = CARTESIAN_POINT ( 'NONE',  ( 4.750000000000007994, -0.000000000000000000, -10.34999999999999787 ) ) ;
#1659 = AXIS2_PLACEMENT_3D ( 'NONE', #765, #1393, #1756 ) ;
#1660 = AXIS2_PLACEMENT_3D ( 'NONE', #1695, #669, #851 ) ;
#1661 = VERTEX_POINT ( 'NONE', #2068 ) ;
#1662 = DIRECTION ( 'NONE',  ( 1.000000000000000000, 0.000000000000000000, 3.154042683594194997E-17 ) ) ;
#1663 = CARTESIAN_POINT ( 'NONE',  ( -19.50000000000000355, 31.39999999999999858, -13.25000000000000000 ) ) ;
#1664 = EDGE_CURVE ( 'NONE', #1542, #2617, #1668, .T. ) ;
#1665 = CIRCLE ( 'NONE', #849, 1.499999999999999556 ) ;
#1666 = EDGE_CURVE ( 'NONE', #1977, #1304, #2688, .T. ) ;
#1667 = ORIENTED_EDGE ( 'NONE', *, *, #535, .F. ) ;
#1668 = LINE ( 'NONE', #1039, #834 ) ;
#1669 = CARTESIAN_POINT ( 'NONE',  ( -27.50000000000000355, 31.39999999999999858, -13.25000000000000000 ) ) ;
#1670 = PRODUCT_RELATED_PRODUCT_CATEGORY ( 'part', '', ( #1888 ) ) ;
#1671 = DIRECTION ( 'NONE',  ( 0.000000000000000000, 0.000000000000000000, 1.000000000000000000 ) ) ;
#1672 = CARTESIAN_POINT ( 'NONE',  ( 14.09999999999999964, 15.75000000000003197, -15.25000000000000000 ) ) ;
#1673 = DIRECTION ( 'NONE',  ( 1.000000000000000000, 0.000000000000000000, 0.000000000000000000 ) ) ;
#1674 = ORIENTED_EDGE ( 'NONE', *, *, #212, .F. ) ;
#1675 = FACE_OUTER_BOUND ( 'NONE', #117, .T. ) ;
#1676 = LINE ( 'NONE', #1831, #1273 ) ;
#1677 = AXIS2_PLACEMENT_3D ( 'NONE', #1126, #2358, #1938 ) ;
#1678 = EDGE_CURVE ( 'NONE', #2381, #1198, #1872, .T. ) ;
#1679 = ORIENTED_EDGE ( 'NONE', *, *, #2173, .F. ) ;
#1680 = DIRECTION ( 'NONE',  ( -0.000000000000000000, 0.000000000000000000, 1.000000000000000000 ) ) ;
#1681 = CARTESIAN_POINT ( 'NONE',  ( 0.000000000000000000, 0.000000000000000000, -10.34999999999999787 ) ) ;
#1682 = EDGE_LOOP ( 'NONE', ( #2113, #2074, #1249, #126, #1076, #1277 ) ) ;
#1683 = CARTESIAN_POINT ( 'NONE',  ( -12.69999999999999751, 15.75000000000000000, -13.24999999999999822 ) ) ;
#1684 = CARTESIAN_POINT ( 'NONE',  ( 5.503891382404351928E-15, 9.149999999999998579, -13.24999999999999822 ) ) ;
#1685 = EDGE_LOOP ( 'NONE', ( #1104, #2616, #1298, #1815 ) ) ;
#1686 = DIRECTION ( 'NONE',  ( -1.000000000000000000, 0.000000000000000000, 0.000000000000000000 ) ) ;
#1687 = DIRECTION ( 'NONE',  ( -1.000000000000000000, 0.000000000000000000, 0.000000000000000000 ) ) ;
#1688 = CIRCLE ( 'NONE', #1129, 0.7000000000000009548 ) ;
#1689 = ADVANCED_FACE ( 'NONE', ( #653 ), #2495, .F. ) ;
#1690 = VERTEX_POINT ( 'NONE', #422 ) ;
#1691 = DIRECTION ( 'NONE',  ( 0.000000000000000000, 0.000000000000000000, -1.000000000000000000 ) ) ;
#1692 = CARTESIAN_POINT ( 'NONE',  ( 9.700000000000001066, 15.75000000000002132, -13.24999999999999822 ) ) ;
#1693 = ORIENTED_EDGE ( 'NONE', *, *, #499, .F. ) ;
#1694 = CIRCLE ( 'NONE', #2346, 5.000000000000000000 ) ;
#1695 = CARTESIAN_POINT ( 'NONE',  ( -13.39999999999999680, 15.75000000000000000, -15.25000000000000000 ) ) ;
#1696 = LINE ( 'NONE', #1283, #980 ) ;
#1697 = EDGE_CURVE ( 'NONE', #2645, #904, #1735, .T. ) ;
#1698 = DIRECTION ( 'NONE',  ( -1.000000000000000000, 0.000000000000000000, 0.000000000000000000 ) ) ;
#1699 = DIRECTION ( 'NONE',  ( 1.000000000000000000, 0.000000000000000000, 0.000000000000000000 ) ) ;
#1700 = CIRCLE ( 'NONE', #1742, 0.6999999999999995115 ) ;
#1701 = CIRCLE ( 'NONE', #2269, 3.800000000000000266 ) ;
#1702 = ORIENTED_EDGE ( 'NONE', *, *, #823, .F. ) ;
#1703 = EDGE_LOOP ( 'NONE', ( #461, #1181, #495, #2314 ) ) ;
#1704 = PLANE ( 'NONE',  #858 ) ;
#1705 = DIRECTION ( 'NONE',  ( 1.000000000000000000, 0.000000000000000000, 0.000000000000000000 ) ) ;
#1706 = VECTOR ( 'NONE', #1156, 1000.000000000000000 ) ;
#1707 = ORIENTED_EDGE ( 'NONE', *, *, #1341, .T. ) ;
#1708 = DIRECTION ( 'NONE',  ( -0.000000000000000000, -0.000000000000000000, 1.000000000000000000 ) ) ;
#1709 = DIRECTION ( 'NONE',  ( 0.000000000000000000, 0.000000000000000000, 1.000000000000000000 ) ) ;
#1710 =( NAMED_UNIT ( * ) PLANE_ANGLE_UNIT ( ) SI_UNIT ( $, .RADIAN. ) );
#1711 = CARTESIAN_POINT ( 'NONE',  ( -8.999999999999998224, 15.75000000000000000, -13.24999999999999822 ) ) ;
#1712 = VECTOR ( 'NONE', #283, 1000.000000000000000 ) ;
#1713 = ORIENTED_EDGE ( 'NONE', *, *, #1061, .T. ) ;
#1714 = CIRCLE ( 'NONE', #69, 0.6999999999999995115 ) ;
#1715 = VERTEX_POINT ( 'NONE', #2304 ) ;
#1716 = VECTOR ( 'NONE', #628, 1000.000000000000000 ) ;
#1717 = LINE ( 'NONE', #2546, #766 ) ;
#1718 = LINE ( 'NONE', #62, #2597 ) ;
#1719 = ORIENTED_EDGE ( 'NONE', *, *, #1560, .F. ) ;
#1720 = DIRECTION ( 'NONE',  ( 0.000000000000000000, -1.000000000000000000, 0.000000000000000000 ) ) ;
#1721 = DIRECTION ( 'NONE',  ( 0.000000000000000000, 0.000000000000000000, 1.000000000000000000 ) ) ;
#1722 = DIRECTION ( 'NONE',  ( 0.000000000000000000, 0.000000000000000000, -1.000000000000000000 ) ) ;
#1723 = DIRECTION ( 'NONE',  ( -1.000000000000000000, 0.000000000000000000, 0.000000000000000000 ) ) ;
#1724 = EDGE_CURVE ( 'NONE', #74, #968, #2090, .T. ) ;
#1725 = ORIENTED_EDGE ( 'NONE', *, *, #1864, .F. ) ;
#1726 = AXIS2_PLACEMENT_3D ( 'NONE', #1455, #2485, #1040 ) ;
#1727 = ORIENTED_EDGE ( 'NONE', *, *, #252, .T. ) ;
#1728 = DIRECTION ( 'NONE',  ( 6.802837160693364596E-16, 0.000000000000000000, -1.000000000000000000 ) ) ;
#1729 = PLANE ( 'NONE',  #1644 ) ;
#1730 = ADVANCED_FACE ( 'NONE', ( #1048 ), #1010, .F. ) ;
#1731 = VERTEX_POINT ( 'NONE', #1264 ) ;
#1732 = EDGE_LOOP ( 'NONE', ( #1314, #739 ) ) ;
#1733 = CARTESIAN_POINT ( 'NONE',  ( 12.69999999999999574, 0.1000000000000000056, 0.000000000000000000 ) ) ;
#1734 = FACE_OUTER_BOUND ( 'NONE', #1564, .T. ) ;
#1735 = CIRCLE ( 'NONE', #565, 8.000000000000000000 ) ;
#1736 = EDGE_CURVE ( 'NONE', #2161, #2318, #1467, .T. ) ;
#1737 = VERTEX_POINT ( 'NONE', #2290 ) ;
#1738 = DIRECTION ( 'NONE',  ( 0.000000000000000000, -1.000000000000000000, 0.000000000000000000 ) ) ;
#1739 = DIRECTION ( 'NONE',  ( -0.000000000000000000, -0.000000000000000000, 1.000000000000000000 ) ) ;
#1740 = AXIS2_PLACEMENT_3D ( 'NONE', #1151, #1785, #2163 ) ;
#1741 = ORIENTED_EDGE ( 'NONE', *, *, #125, .F. ) ;
#1742 = AXIS2_PLACEMENT_3D ( 'NONE', #2539, #1709, #1942 ) ;
#1743 = DIRECTION ( 'NONE',  ( 0.000000000000000000, 0.000000000000000000, -1.000000000000000000 ) ) ;
#1744 = AXIS2_PLACEMENT_3D ( 'NONE', #2475, #1042, #1657 ) ;
#1745 = EDGE_CURVE ( 'NONE', #2605, #1637, #2241, .T. ) ;
#1746 = ORIENTED_EDGE ( 'NONE', *, *, #1388, .F. ) ;
#1747 = AXIS2_PLACEMENT_3D ( 'NONE', #1354, #351, #1586 ) ;
#1748 = DIRECTION ( 'NONE',  ( 0.000000000000000000, 0.000000000000000000, -1.000000000000000000 ) ) ;
#1749 = APPLICATION_PROTOCOL_DEFINITION ( 'draft international standard', 'automotive_design', 1998, #625 ) ;
#1750 = ORIENTED_EDGE ( 'NONE', *, *, #2322, .F. ) ;
#1751 = VERTEX_POINT ( 'NONE', #435 ) ;
#1752 = CARTESIAN_POINT ( 'NONE',  ( -21.29999999999999716, 1.399999999999999911, 9.049999999999984723 ) ) ;
#1753 = DIRECTION ( 'NONE',  ( -0.000000000000000000, -1.000000000000000000, -0.000000000000000000 ) ) ;
#1754 = ORIENTED_EDGE ( 'NONE', *, *, #1255, .T. ) ;
#1755 = CARTESIAN_POINT ( 'NONE',  ( -5.100000000000000533, 1.399999999999999911, 7.750000000000007105 ) ) ;
#1756 = DIRECTION ( 'NONE',  ( 0.000000000000000000, 0.000000000000000000, -1.000000000000000000 ) ) ;
#1757 = ORIENTED_EDGE ( 'NONE', *, *, #236, .T. ) ;
#1758 = DIRECTION ( 'NONE',  ( 1.000000000000000000, 0.000000000000000000, 0.000000000000000000 ) ) ;
#1759 = CARTESIAN_POINT ( 'NONE',  ( -22.50000000000000355, 0.000000000000000000, 13.25000000000000533 ) ) ;
#1760 = EDGE_CURVE ( 'NONE', #2451, #1771, #1278, .T. ) ;
#1761 = ORIENTED_EDGE ( 'NONE', *, *, #89, .T. ) ;
#1762 = DIRECTION ( 'NONE',  ( 6.938893903907228378E-16, 0.000000000000000000, -1.000000000000000000 ) ) ;
#1763 = VERTEX_POINT ( 'NONE', #847 ) ;
#1764 = VERTEX_POINT ( 'NONE', #1430 ) ;
#1765 = DIRECTION ( 'NONE',  ( 0.000000000000000000, 0.000000000000000000, -1.000000000000000000 ) ) ;
#1766 = DIRECTION ( 'NONE',  ( -1.000000000000000000, 0.000000000000000000, 0.000000000000000000 ) ) ;
#1767 = AXIS2_PLACEMENT_3D ( 'NONE', #805, #1629, #595 ) ;
#1768 = ORIENTED_EDGE ( 'NONE', *, *, #626, .F. ) ;
#1769 = DIRECTION ( 'NONE',  ( 0.000000000000000000, 0.000000000000000000, 1.000000000000000000 ) ) ;
#1770 = EDGE_CURVE ( 'NONE', #898, #1661, #2470, .T. ) ;
#1771 = VERTEX_POINT ( 'NONE', #409 ) ;
#1772 = DIRECTION ( 'NONE',  ( 1.000000000000000000, 0.000000000000000000, 0.000000000000000000 ) ) ;
#1773 = DIRECTION ( 'NONE',  ( -0.000000000000000000, -1.000000000000000000, -0.000000000000000000 ) ) ;
#1774 = EDGE_CURVE ( 'NONE', #213, #2212, #340, .T. ) ;
#1775 = ORIENTED_EDGE ( 'NONE', *, *, #702, .F. ) ;
#1776 = CARTESIAN_POINT ( 'NONE',  ( 19.50000000000000355, 23.39999999999999858, -13.24999999999999822 ) ) ;
#1777 = EDGE_CURVE ( 'NONE', #2444, #2303, #679, .T. ) ;
#1778 = VERTEX_POINT ( 'NONE', #2053 ) ;
#1779 = ORIENTED_EDGE ( 'NONE', *, *, #58, .T. ) ;
#1780 = CARTESIAN_POINT ( 'NONE',  ( 27.50000000000000355, 0.1000000000000000472, -15.25000000000000000 ) ) ;
#1781 = LINE ( 'NONE', #751, #737 ) ;
#1782 = AXIS2_PLACEMENT_3D ( 'NONE', #1045, #380, #1020 ) ;
#1783 = EDGE_CURVE ( 'NONE', #2521, #1572, #164, .T. ) ;
#1784 = ORIENTED_EDGE ( 'NONE', *, *, #1061, .F. ) ;
#1785 = DIRECTION ( 'NONE',  ( -0.000000000000000000, 1.000000000000000000, -0.000000000000000000 ) ) ;
#1786 = EDGE_CURVE ( 'NONE', #641, #2086, #2267, .T. ) ;
#1787 = CIRCLE ( 'NONE', #2127, 0.6999999999999992895 ) ;
#1788 = ORIENTED_EDGE ( 'NONE', *, *, #1910, .F. ) ;
#1789 = DIRECTION ( 'NONE',  ( -0.000000000000000000, -0.000000000000000000, -1.000000000000000000 ) ) ;
#1790 = CIRCLE ( 'NONE', #43, 0.6999999999999992895 ) ;
#1791 = CARTESIAN_POINT ( 'NONE',  ( 5.100000000000000533, 0.1000000000000000056, 7.750000000000007105 ) ) ;
#1792 = AXIS2_PLACEMENT_3D ( 'NONE', #392, #2088, #1247 ) ;
#1793 = DIRECTION ( 'NONE',  ( 0.000000000000000000, -0.000000000000000000, -1.000000000000000000 ) ) ;
#1794 = VECTOR ( 'NONE', #68, 1000.000000000000000 ) ;
#1795 = CIRCLE ( 'NONE', #1275, 0.6999999999999992895 ) ;
#1796 = ORIENTED_EDGE ( 'NONE', *, *, #1937, .T. ) ;
#1797 = ORIENTED_EDGE ( 'NONE', *, *, #1760, .T. ) ;
#1798 = DIRECTION ( 'NONE',  ( -0.000000000000000000, 1.000000000000000000, -0.000000000000000000 ) ) ;
#1799 = DIRECTION ( 'NONE',  ( 1.000000000000000000, 0.000000000000000000, 0.000000000000000000 ) ) ;
#1800 = ADVANCED_FACE ( 'NONE', ( #1545 ), #2522, .F. ) ;
#1801 = ORIENTED_EDGE ( 'NONE', *, *, #598, .T. ) ;
#1802 = CARTESIAN_POINT ( 'NONE',  ( -0.6999999999999940714, 9.149999999999998579, -23.25000000000000000 ) ) ;
#1803 = CIRCLE ( 'NONE', #2142, 0.6999999999999995115 ) ;
#1804 = ORIENTED_EDGE ( 'NONE', *, *, #233, .F. ) ;
#1805 = DIRECTION ( 'NONE',  ( 0.000000000000000000, -1.000000000000000000, -0.000000000000000000 ) ) ;
#1806 = DIRECTION ( 'NONE',  ( -0.000000000000000000, 1.000000000000000000, -0.000000000000000000 ) ) ;
#1807 = DIRECTION ( 'NONE',  ( 1.000000000000000000, 0.000000000000000000, 0.000000000000000000 ) ) ;
#1808 = ORIENTED_EDGE ( 'NONE', *, *, #92, .T. ) ;
#1809 = ORIENTED_EDGE ( 'NONE', *, *, #981, .F. ) ;
#1810 = VECTOR ( 'NONE', #2574, 1000.000000000000000 ) ;
#1811 = DIRECTION ( 'NONE',  ( 0.000000000000000000, -1.000000000000000000, 0.000000000000000000 ) ) ;
#1812 = CARTESIAN_POINT ( 'NONE',  ( 21.29999999999999005, 1.399999999999999911, 9.849999999999997868 ) ) ;
#1813 = CIRCLE ( 'NONE', #116, 0.6999999999999992895 ) ;
#1814 = CYLINDRICAL_SURFACE ( 'NONE', #277, 3.800000000000000266 ) ;
#1815 = ORIENTED_EDGE ( 'NONE', *, *, #2664, .F. ) ;
#1816 = FACE_BOUND ( 'NONE', #955, .T. ) ;
#1817 = CYLINDRICAL_SURFACE ( 'NONE', #226, 0.6999999999999995115 ) ;
#1818 = DIRECTION ( 'NONE',  ( 0.000000000000000000, 0.000000000000000000, 1.000000000000000000 ) ) ;
#1819 = EDGE_LOOP ( 'NONE', ( #2045, #493 ) ) ;
#1820 = EDGE_LOOP ( 'NONE', ( #840, #696, #664, #1358 ) ) ;
#1821 = CARTESIAN_POINT ( 'NONE',  ( 6.800000000000002487, 15.75000000000001421, -23.25000000000000000 ) ) ;
#1822 = DIRECTION ( 'NONE',  ( 0.000000000000000000, -1.000000000000000000, 0.000000000000000000 ) ) ;
#1823 = AXIS2_PLACEMENT_3D ( 'NONE', #2637, #791, #569 ) ;
#1824 = EDGE_CURVE ( 'NONE', #1561, #1172, #1516, .T. ) ;
#1825 = DIRECTION ( 'NONE',  ( -1.000000000000000000, 0.000000000000000000, 0.000000000000000000 ) ) ;
#1826 = EDGE_CURVE ( 'NONE', #2317, #1958, #1717, .T. ) ;
#1827 = DIRECTION ( 'NONE',  ( 1.000000000000000000, 0.000000000000000000, 0.000000000000000000 ) ) ;
#1828 = ORIENTED_EDGE ( 'NONE', *, *, #1724, .F. ) ;
#1829 = EDGE_LOOP ( 'NONE', ( #1603, #2228, #728, #1999 ) ) ;
#1830 = DIRECTION ( 'NONE',  ( 0.000000000000000000, 0.000000000000000000, -1.000000000000000000 ) ) ;
#1831 = CARTESIAN_POINT ( 'NONE',  ( 4.749999999999999112, 0.000000000000000000, -5.050000000000003375 ) ) ;
#1832 = ORIENTED_EDGE ( 'NONE', *, *, #2060, .T. ) ;
#1833 = ORIENTED_EDGE ( 'NONE', *, *, #139, .T. ) ;
#1834 = CIRCLE ( 'NONE', #1406, 0.6999999999999992895 ) ;
#1835 = DIRECTION ( 'NONE',  ( 1.000000000000000000, 0.000000000000000000, 0.000000000000000000 ) ) ;
#1836 = CARTESIAN_POINT ( 'NONE',  ( 4.750000000000007994, 1.399999999999999911, -10.34999999999999787 ) ) ;
#1837 = VECTOR ( 'NONE', #1077, 1000.000000000000000 ) ;
#1838 = DIRECTION ( 'NONE',  ( 0.000000000000000000, 0.000000000000000000, 1.000000000000000000 ) ) ;
#1839 = CARTESIAN_POINT ( 'NONE',  ( -11.19999999999999751, 15.75000000000000000, -15.25000000000000000 ) ) ;
#1840 = AXIS2_PLACEMENT_3D ( 'NONE', #1148, #2376, #1721 ) ;
#1841 = ORIENTED_EDGE ( 'NONE', *, *, #1777, .T. ) ;
#1842 = PLANE ( 'NONE',  #1565 ) ;
#1843 = LINE ( 'NONE', #2668, #572 ) ;
#1844 = ORIENTED_EDGE ( 'NONE', *, *, #508, .F. ) ;
#1845 = ORIENTED_EDGE ( 'NONE', *, *, #2502, .F. ) ;
#1846 = DIRECTION ( 'NONE',  ( -1.000000000000000000, 0.000000000000000000, -0.000000000000000000 ) ) ;
#1847 = FACE_BOUND ( 'NONE', #2247, .T. ) ;
#1848 = CARTESIAN_POINT ( 'NONE',  ( -26.00000000000000355, 18.47106781186547408, -8.249999999999998224 ) ) ;
#1849 = CYLINDRICAL_SURFACE ( 'NONE', #845, 0.6999999999999995115 ) ;
#1850 = CARTESIAN_POINT ( 'NONE',  ( -5.849999999999999645, 0.000000000000000000, -9.249999999999998224 ) ) ;
#1851 = EDGE_CURVE ( 'NONE', #237, #2521, #45, .T. ) ;
#1852 = VERTEX_POINT ( 'NONE', #2343 ) ;
#1853 = LINE ( 'NONE', #1396, #692 ) ;
#1854 = CARTESIAN_POINT ( 'NONE',  ( -14.89999999999999858, 15.75000000000000000, -13.24999999999999822 ) ) ;
#1855 = ADVANCED_FACE ( 'NONE', ( #477 ), #1316, .F. ) ;
#1856 = ADVANCED_FACE ( 'NONE', ( #467 ), #907, .F. ) ;
#1857 = VERTEX_POINT ( 'NONE', #61 ) ;
#1858 = ORIENTED_EDGE ( 'NONE', *, *, #2415, .F. ) ;
#1859 = DIRECTION ( 'NONE',  ( 0.000000000000000000, -1.000000000000000000, 0.000000000000000000 ) ) ;
#1860 = DIRECTION ( 'NONE',  ( -0.000000000000000000, -0.000000000000000000, 1.000000000000000000 ) ) ;
#1861 = CARTESIAN_POINT ( 'NONE',  ( -26.00000000000000355, 18.47106781186547408, -13.24999999999999822 ) ) ;
#1862 = LINE ( 'NONE', #2488, #2136 ) ;
#1863 = CARTESIAN_POINT ( 'NONE',  ( 4.000000000000000888, 0.1000000000000000056, 7.750000000000006217 ) ) ;
#1864 = EDGE_CURVE ( 'NONE', #2558, #906, #1114, .T. ) ;
#1865 = CIRCLE ( 'NONE', #80, 0.6999999999999992895 ) ;
#1866 = VERTEX_POINT ( 'NONE', #72 ) ;
#1867 = DIRECTION ( 'NONE',  ( -0.000000000000000000, 0.000000000000000000, 1.000000000000000000 ) ) ;
#1868 = DIRECTION ( 'NONE',  ( 0.000000000000000000, 1.000000000000000000, 0.000000000000000000 ) ) ;
#1869 = ADVANCED_FACE ( 'NONE', ( #2125 ), #925, .F. ) ;
#1870 = AXIS2_PLACEMENT_3D ( 'NONE', #205, #2448, #1838 ) ;
#1871 = ORIENTED_EDGE ( 'NONE', *, *, #544, .F. ) ;
#1872 = LINE ( 'NONE', #2080, #695 ) ;
#1873 = CARTESIAN_POINT ( 'NONE',  ( 11.90000000000000036, 15.75000000000002487, -13.24999999999999822 ) ) ;
#1874 = AXIS2_PLACEMENT_3D ( 'NONE', #2047, #419, #189 ) ;
#1875 = VECTOR ( 'NONE', #56, 1000.000000000000000 ) ;
#1876 = DIRECTION ( 'NONE',  ( 0.000000000000000000, 0.000000000000000000, 1.000000000000000000 ) ) ;
#1877 = EDGE_CURVE ( 'NONE', #2444, #2061, #2154, .T. ) ;
#1878 = DIRECTION ( 'NONE',  ( -0.000000000000000000, 1.000000000000000000, -0.000000000000000000 ) ) ;
#1879 = LINE ( 'NONE', #1268, #152 ) ;
#1880 = AXIS2_PLACEMENT_3D ( 'NONE', #677, #483, #1507 ) ;
#1881 = AXIS2_PLACEMENT_3D ( 'NONE', #504, #2177, #712 ) ;
#1882 = VERTEX_POINT ( 'NONE', #2370 ) ;
#1883 = DIRECTION ( 'NONE',  ( -0.000000000000000000, 1.000000000000000000, -0.000000000000000000 ) ) ;
#1884 = DIRECTION ( 'NONE',  ( 0.000000000000000000, 0.000000000000000000, -1.000000000000000000 ) ) ;
#1885 = EDGE_LOOP ( 'NONE', ( #1741, #2233, #1746, #2680 ) ) ;
#1886 = CARTESIAN_POINT ( 'NONE',  ( -22.50000000000000355, 0.1000000000000000056, 8.250000000000003553 ) ) ;
#1887 = FACE_BOUND ( 'NONE', #2633, .T. ) ;
#1888 = PRODUCT ( 'ultrasonic A', 'ultrasonic A', '', ( #1317 ) ) ;
#1889 = ORIENTED_EDGE ( 'NONE', *, *, #1947, .T. ) ;
#1890 = CARTESIAN_POINT ( 'NONE',  ( -21.29999999999999716, 1.399999999999999911, 9.849999999999983658 ) ) ;
#1891 = CARTESIAN_POINT ( 'NONE',  ( 9.700000000000001066, 15.75000000000002132, -23.25000000000000000 ) ) ;
#1892 = ORIENTED_EDGE ( 'NONE', *, *, #89, .F. ) ;
#1893 = DIRECTION ( 'NONE',  ( 0.000000000000000000, 0.000000000000000000, -1.000000000000000000 ) ) ;
#1894 = CARTESIAN_POINT ( 'NONE',  ( 22.50000000000000355, 0.1000000000000000056, 13.25000000000000533 ) ) ;
#1895 = EDGE_CURVE ( 'NONE', #1182, #1624, #1302, .T. ) ;
#1896 = VECTOR ( 'NONE', #884, 1000.000000000000000 ) ;
#1897 = ORIENTED_EDGE ( 'NONE', *, *, #1491, .T. ) ;
#1898 = CARTESIAN_POINT ( 'NONE',  ( 21.29999999999999005, 0.1000000000000000056, 9.049999999999998934 ) ) ;
#1899 =( NAMED_UNIT ( * ) PLANE_ANGLE_UNIT ( ) SI_UNIT ( $, .RADIAN. ) );
#1900 = EDGE_CURVE ( 'NONE', #547, #747, #242, .T. ) ;
#1901 = ORIENTED_EDGE ( 'NONE', *, *, #1724, .T. ) ;
#1902 = DIRECTION ( 'NONE',  ( 1.000000000000000000, 0.000000000000000000, 0.000000000000000000 ) ) ;
#1903 = DIRECTION ( 'NONE',  ( 0.000000000000000000, 0.000000000000000000, -1.000000000000000000 ) ) ;
#1904 = EDGE_CURVE ( 'NONE', #1857, #1024, #856, .T. ) ;
#1905 = ORIENTED_EDGE ( 'NONE', *, *, #39, .T. ) ;
#1906 = DIRECTION ( 'NONE',  ( 1.000000000000000000, 0.000000000000000000, 0.000000000000000000 ) ) ;
#1907 = DIRECTION ( 'NONE',  ( 1.000000000000000000, 0.000000000000000000, 0.000000000000000000 ) ) ;
#1908 = VECTOR ( 'NONE', #2223, 1000.000000000000000 ) ;
#1909 = ORIENTED_EDGE ( 'NONE', *, *, #836, .F. ) ;
#1910 = EDGE_CURVE ( 'NONE', #1280, #547, #1714, .T. ) ;
#1911 = CIRCLE ( 'NONE', #742, 0.6999999999999992895 ) ;
#1912 = VERTEX_POINT ( 'NONE', #270 ) ;
#1913 = LINE ( 'NONE', #255, #1896 ) ;
#1914 = CARTESIAN_POINT ( 'NONE',  ( -9.699999999999997513, 15.75000000000000000, -23.25000000000000000 ) ) ;
#1915 = AXIS2_PLACEMENT_3D ( 'NONE', #223, #2516, #1055 ) ;
#1916 = ORIENTED_EDGE ( 'NONE', *, *, #236, .F. ) ;
#1917 = LINE ( 'NONE', #1520, #883 ) ;
#1918 = LINE ( 'NONE', #931, #2682 ) ;
#1919 = CARTESIAN_POINT ( 'NONE',  ( 3.800000000000003375, 15.75000000000000000, -23.25000000000000000 ) ) ;
#1920 = AXIS2_PLACEMENT_3D ( 'NONE', #1583, #948, #1961 ) ;
#1921 = DIRECTION ( 'NONE',  ( 1.000000000000000000, 0.000000000000000000, 3.154042683594194381E-17 ) ) ;
#1922 = AXIS2_PLACEMENT_3D ( 'NONE', #600, #589, #2284 ) ;
#1923 = ORIENTED_EDGE ( 'NONE', *, *, #2380, .T. ) ;
#1924 = CIRCLE ( 'NONE', #2548, 5.000000000000000000 ) ;
#1925 = VERTEX_POINT ( 'NONE', #674 ) ;
#1926 = DIRECTION ( 'NONE',  ( -1.000000000000000000, 0.000000000000000000, 0.000000000000000000 ) ) ;
#1927 = AXIS2_PLACEMENT_3D ( 'NONE', #2599, #1372, #1995 ) ;
#1928 = CIRCLE ( 'NONE', #634, 4.999999999999999112 ) ;
#1929 = EDGE_LOOP ( 'NONE', ( #1784, #1950, #1582, #2079 ) ) ;
#1930 = FACE_BOUND ( 'NONE', #1628, .T. ) ;
#1931 = DIRECTION ( 'NONE',  ( -0.000000000000000000, -0.000000000000000000, 1.000000000000000000 ) ) ;
#1932 = SURFACE_STYLE_FILL_AREA ( #2529 ) ;
#1933 = CARTESIAN_POINT ( 'NONE',  ( -5.750000000000001776, 1.399999999999999911, -5.050000000000003375 ) ) ;
#1934 = ORIENTED_EDGE ( 'NONE', *, *, #1540, .F. ) ;
#1935 = EDGE_CURVE ( 'NONE', #1771, #2317, #988, .T. ) ;
#1936 = ORIENTED_EDGE ( 'NONE', *, *, #697, .F. ) ;
#1937 = EDGE_CURVE ( 'NONE', #1977, #1330, #1913, .T. ) ;
#1938 = DIRECTION ( 'NONE',  ( 0.000000000000000000, 0.000000000000000000, -1.000000000000000000 ) ) ;
#1939 = ORIENTED_EDGE ( 'NONE', *, *, #990, .F. ) ;
#1940 = ORIENTED_EDGE ( 'NONE', *, *, #1983, .T. ) ;
#1941 = DIRECTION ( 'NONE',  ( -1.000000000000000000, -0.000000000000000000, -0.000000000000000000 ) ) ;
#1942 = DIRECTION ( 'NONE',  ( -1.000000000000000000, 0.000000000000000000, 0.000000000000000000 ) ) ;
#1943 = DIRECTION ( 'NONE',  ( 1.000000000000000000, 0.000000000000000000, 6.802837160693364596E-16 ) ) ;
#1944 = DIRECTION ( 'NONE',  ( -1.000000000000000000, 0.000000000000000000, 0.000000000000000000 ) ) ;
#1945 = ADVANCED_FACE ( 'NONE', ( #1102 ), #1704, .F. ) ;
#1946 = ORIENTED_EDGE ( 'NONE', *, *, #2151, .F. ) ;
#1947 = EDGE_CURVE ( 'NONE', #105, #1778, #2401, .T. ) ;
#1948 = CARTESIAN_POINT ( 'NONE',  ( 0.7000000000000035083, 22.35000000000000142, -15.25000000000000000 ) ) ;
#1949 = AXIS2_PLACEMENT_3D ( 'NONE', #2391, #1822, #387 ) ;
#1950 = ORIENTED_EDGE ( 'NONE', *, *, #1588, .F. ) ;
#1951 = DIRECTION ( 'NONE',  ( -0.000000000000000000, 1.000000000000000000, -0.000000000000000000 ) ) ;
#1952 = DIRECTION ( 'NONE',  ( 1.000000000000000000, 0.000000000000000000, 0.000000000000000000 ) ) ;
#1953 = VERTEX_POINT ( 'NONE', #133 ) ;
#1954 = CARTESIAN_POINT ( 'NONE',  ( 21.29999999999999005, 0.000000000000000000, 9.049999999999998934 ) ) ;
#1955 = DIRECTION ( 'NONE',  ( 1.000000000000000000, 0.000000000000000000, 0.000000000000000000 ) ) ;
#1956 = MECHANICAL_DESIGN_GEOMETRIC_PRESENTATION_REPRESENTATION (  '', ( #1567 ), #876 ) ;
#1957 = VECTOR ( 'NONE', #2487, 1000.000000000000000 ) ;
#1958 = VERTEX_POINT ( 'NONE', #2630 ) ;
#1959 = ADVANCED_FACE ( 'NONE', ( #967 ), #758, .T. ) ;
#1960 = LINE ( 'NONE', #1350, #134 ) ;
#1961 = DIRECTION ( 'NONE',  ( 1.000000000000000000, 0.000000000000000000, 0.000000000000000000 ) ) ;
#1962 = CIRCLE ( 'NONE', #1270, 0.6999999999999992895 ) ;
#1963 = AXIS2_PLACEMENT_3D ( 'NONE', #1990, #158, #987 ) ;
#1964 = ORIENTED_EDGE ( 'NONE', *, *, #2673, .T. ) ;
#1965 = CARTESIAN_POINT ( 'NONE',  ( -5.100000000000000533, 0.1000000000000000056, 7.750000000000007105 ) ) ;
#1966 = LINE ( 'NONE', #2627, #1655 ) ;
#1967 = ORIENTED_EDGE ( 'NONE', *, *, #1115, .T. ) ;
#1968 = CIRCLE ( 'NONE', #1190, 0.6999999999999992895 ) ;
#1969 = LINE ( 'NONE', #354, #636 ) ;
#1970 = AXIS2_PLACEMENT_3D ( 'NONE', #617, #1445, #2273 ) ;
#1971 = VERTEX_POINT ( 'NONE', #1197 ) ;
#1972 = DIRECTION ( 'NONE',  ( -1.000000000000000000, 0.000000000000000000, -0.000000000000000000 ) ) ;
#1973 = CYLINDRICAL_SURFACE ( 'NONE', #1470, 0.6999999999999992895 ) ;
#1974 = EDGE_CURVE ( 'NONE', #1353, #1882, #724, .T. ) ;
#1975 = ORIENTED_EDGE ( 'NONE', *, *, #1664, .F. ) ;
#1976 = CARTESIAN_POINT ( 'NONE',  ( 26.00000000000000355, 2.900000000000003464, -13.24999999999999822 ) ) ;
#1977 = VERTEX_POINT ( 'NONE', #106 ) ;
#1978 = EDGE_CURVE ( 'NONE', #655, #2161, #1813, .T. ) ;
#1979 = FACE_OUTER_BOUND ( 'NONE', #954, .T. ) ;
#1980 = DIRECTION ( 'NONE',  ( 1.000000000000000000, 0.000000000000000000, -0.000000000000000000 ) ) ;
#1981 = ORIENTED_EDGE ( 'NONE', *, *, #1388, .T. ) ;
#1982 = DIRECTION ( 'NONE',  ( -3.154042683594194997E-17, -0.000000000000000000, 1.000000000000000000 ) ) ;
#1983 = EDGE_CURVE ( 'NONE', #1561, #1953, #1601, .T. ) ;
#1984 = VERTEX_POINT ( 'NONE', #979 ) ;
#1985 = EDGE_LOOP ( 'NONE', ( #2221, #972, #943, #555 ) ) ;
#1986 = EDGE_CURVE ( 'NONE', #2605, #2586, #1969, .T. ) ;
#1987 = CARTESIAN_POINT ( 'NONE',  ( 4.000000000000000888, 0.000000000000000000, 7.750000000000006217 ) ) ;
#1988 = DIRECTION ( 'NONE',  ( -0.000000000000000000, -0.000000000000000000, -1.000000000000000000 ) ) ;
#1989 = VERTEX_POINT ( 'NONE', #2587 ) ;
#1990 = CARTESIAN_POINT ( 'NONE',  ( 21.29999999999999005, 1.399999999999999911, 9.049999999999998934 ) ) ;
#1991 = ORIENTED_EDGE ( 'NONE', *, *, #54, .T. ) ;
#1992 = DIRECTION ( 'NONE',  ( -0.000000000000000000, 0.000000000000000000, 1.000000000000000000 ) ) ;
#1993 = CYLINDRICAL_SURFACE ( 'NONE', #2607, 0.7999999999999986011 ) ;
#1994 = ADVANCED_FACE ( 'NONE', ( #941 ), #1180, .F. ) ;
#1995 = DIRECTION ( 'NONE',  ( 1.000000000000000000, 0.000000000000000000, 0.000000000000000000 ) ) ;
#1996 = AXIS2_PLACEMENT_3D ( 'NONE', #2547, #271, #1952 ) ;
#1997 = EDGE_CURVE ( 'NONE', #2451, #159, #2386, .T. ) ;
#1998 = VERTEX_POINT ( 'NONE', #1559 ) ;
#1999 = ORIENTED_EDGE ( 'NONE', *, *, #1307, .F. ) ;
#2000 = DIRECTION ( 'NONE',  ( 0.000000000000000000, -1.000000000000000000, 0.000000000000000000 ) ) ;
#2001 = DIRECTION ( 'NONE',  ( 0.000000000000000000, -0.000000000000000000, -1.000000000000000000 ) ) ;
#2002 = VERTEX_POINT ( 'NONE', #2010 ) ;
#2003 = CIRCLE ( 'NONE', #310, 0.6999999999999992895 ) ;
#2004 = DIRECTION ( 'NONE',  ( -0.000000000000000000, -0.000000000000000000, 1.000000000000000000 ) ) ;
#2005 = ORIENTED_EDGE ( 'NONE', *, *, #2467, .F. ) ;
#2006 = CARTESIAN_POINT ( 'NONE',  ( -11.19999999999999751, 15.75000000000000000, -13.24999999999999822 ) ) ;
#2007 = CIRCLE ( 'NONE', #2348, 8.100000000000001421 ) ;
#2008 = DIRECTION ( 'NONE',  ( 1.000000000000000000, 0.000000000000000000, 0.000000000000000000 ) ) ;
#2009 = CIRCLE ( 'NONE', #2133, 0.6999999999999992895 ) ;
#2010 = CARTESIAN_POINT ( 'NONE',  ( 14.09999999999999787, 15.75000000000003197, -13.24999999999999822 ) ) ;
#2011 = AXIS2_PLACEMENT_3D ( 'NONE', #79, #2316, #1699 ) ;
#2012 = EDGE_LOOP ( 'NONE', ( #2549, #1713, #2100, #711 ) ) ;
#2013 = EDGE_LOOP ( 'NONE', ( #2402, #232 ) ) ;
#2014 = CYLINDRICAL_SURFACE ( 'NONE', #615, 0.6999999999999975131 ) ;
#2015 = FACE_OUTER_BOUND ( 'NONE', #651, .T. ) ;
#2016 = DIRECTION ( 'NONE',  ( -1.000000000000000000, 0.000000000000000000, 0.000000000000000000 ) ) ;
#2017 = ORIENTED_EDGE ( 'NONE', *, *, #1420, .F. ) ;
#2018 = DIRECTION ( 'NONE',  ( -0.000000000000000000, 1.000000000000000000, -0.000000000000000000 ) ) ;
#2019 = ORIENTED_EDGE ( 'NONE', *, *, #1377, .F. ) ;
#2020 = LINE ( 'NONE', #2075, #520 ) ;
#2021 = DIRECTION ( 'NONE',  ( 0.000000000000000000, 0.000000000000000000, 1.000000000000000000 ) ) ;
#2022 = EDGE_CURVE ( 'NONE', #892, #1198, #2614, .T. ) ;
#2023 = CARTESIAN_POINT ( 'NONE',  ( -26.00000000000000355, 1.399999999999999911, -13.24999999999999822 ) ) ;
#2024 = ADVANCED_FACE ( 'NONE', ( #163 ), #371, .F. ) ;
#2025 = ORIENTED_EDGE ( 'NONE', *, *, #1094, .F. ) ;
#2026 = EDGE_LOOP ( 'NONE', ( #2543, #1038, #2321, #2588 ) ) ;
#2027 = AXIS2_PLACEMENT_3D ( 'NONE', #2248, #396, #1441 ) ;
#2028 = DIRECTION ( 'NONE',  ( 0.000000000000000000, 0.000000000000000000, 1.000000000000000000 ) ) ;
#2029 = CARTESIAN_POINT ( 'NONE',  ( 3.800000000000003375, 15.75000000000000000, -15.25000000000000000 ) ) ;
#2030 = CARTESIAN_POINT ( 'NONE',  ( -21.30000000000000426, 1.399999999999999911, -9.849999999999997868 ) ) ;
#2031 = DIRECTION ( 'NONE',  ( -0.000000000000000000, -0.000000000000000000, -1.000000000000000000 ) ) ;
#2032 = ORIENTED_EDGE ( 'NONE', *, *, #1997, .T. ) ;
#2033 = EDGE_LOOP ( 'NONE', ( #2180, #1239, #1395, #145 ) ) ;
#2034 = EDGE_CURVE ( 'NONE', #1958, #1690, #1025, .T. ) ;
#2035 = FACE_BOUND ( 'NONE', #433, .T. ) ;
#2036 = DIRECTION ( 'NONE',  ( -0.000000000000000000, -0.000000000000000000, 1.000000000000000000 ) ) ;
#2037 = FACE_OUTER_BOUND ( 'NONE', #2033, .T. ) ;
#2038 = ORIENTED_EDGE ( 'NONE', *, *, #893, .F. ) ;
#2039 = EDGE_LOOP ( 'NONE', ( #2426, #2504 ) ) ;
#2040 = DIRECTION ( 'NONE',  ( -0.000000000000000000, -0.7071067811865474617, 0.7071067811865475727 ) ) ;
#2041 = DIRECTION ( 'NONE',  ( -0.000000000000000000, -0.000000000000000000, -1.000000000000000000 ) ) ;
#2042 = DIRECTION ( 'NONE',  ( 0.000000000000000000, 0.000000000000000000, -1.000000000000000000 ) ) ;
#2043 = CARTESIAN_POINT ( 'NONE',  ( -27.50000000000000355, 1.600000000000000089, -13.75000000000000000 ) ) ;
#2044 = EDGE_CURVE ( 'NONE', #313, #1971, #1368, .T. ) ;
#2045 = ORIENTED_EDGE ( 'NONE', *, *, #27, .F. ) ;
#2046 = DIRECTION ( 'NONE',  ( 1.000000000000000000, 0.000000000000000000, 0.000000000000000000 ) ) ;
#2047 = CARTESIAN_POINT ( 'NONE',  ( 21.29999999999999005, 0.000000000000000000, 9.049999999999998934 ) ) ;
#2048 = AXIS2_PLACEMENT_3D ( 'NONE', #775, #1738, #1407 ) ;
#2049 = CLOSED_SHELL ( 'NONE', ( #2147, #1502, #2372, #481, #1537, #801, #211, #2024, #587, #916, #1007, #1427, #225, #573, #686, #1800, #1082, #17, #143, #2508, #1394, #2615, #905, #1107, #1855, #320, #1730, #937, #1001, #1592, #1339, #2613, #1945, #1689, #2393, #2527, #1959, #1017, #1505, #49, #818, #431, #1994, #2078, #1026, #2462, #1509, #2270, #333, #1466, #713, #1869, #1457, #827, #262, #1261, #1312, #2657, #2301, #1295, #812, #1269, #2323, #2237, #639, #129, #1477, #1856, #1576, #95, #1022, #1103, #2639, #2629, #2132, #2263 ) ) ;
#2050 = ORIENTED_EDGE ( 'NONE', *, *, #244, .F. ) ;
#2051 = EDGE_LOOP ( 'NONE', ( #816, #1047 ) ) ;
#2052 = VECTOR ( 'NONE', #2197, 1000.000000000000000 ) ;
#2053 = CARTESIAN_POINT ( 'NONE',  ( -27.50000000000000355, 1.600000000000000089, -15.25000000000000000 ) ) ;
#2054 = DIRECTION ( 'NONE',  ( -6.802837160693362624E-16, 0.000000000000000000, 1.000000000000000000 ) ) ;
#2055 = CIRCLE ( 'NONE', #406, 1.499999999999999556 ) ;
#2056 = DIRECTION ( 'NONE',  ( 1.000000000000000000, -0.000000000000000000, -0.000000000000000000 ) ) ;
#2057 = EDGE_CURVE ( 'NONE', #1084, #178, #2181, .T. ) ;
#2058 = CARTESIAN_POINT ( 'NONE',  ( 13.40000000000000036, 15.75000000000003197, -13.24999999999999822 ) ) ;
#2059 = DIRECTION ( 'NONE',  ( -0.000000000000000000, 1.000000000000000000, -0.000000000000000000 ) ) ;
#2060 = EDGE_CURVE ( 'NONE', #1412, #879, #1612, .T. ) ;
#2061 = VERTEX_POINT ( 'NONE', #2169 ) ;
#2062 = FACE_OUTER_BOUND ( 'NONE', #2106, .T. ) ;
#2063 = CARTESIAN_POINT ( 'NONE',  ( 26.00000000000000355, 14.93553390593273633, -11.78553390593273598 ) ) ;
#2064 = VECTOR ( 'NONE', #1142, 1000.000000000000000 ) ;
#2065 = ORIENTED_EDGE ( 'NONE', *, *, #1036, .F. ) ;
#2066 = EDGE_LOOP ( 'NONE', ( #2296, #314, #748, #1404 ) ) ;
#2067 = EDGE_CURVE ( 'NONE', #1481, #291, #118, .T. ) ;
#2068 = CARTESIAN_POINT ( 'NONE',  ( -4.000000000000000000, 1.399999999999999911, 6.650000000000005684 ) ) ;
#2069 = FACE_BOUND ( 'NONE', #894, .T. ) ;
#2070 = DIRECTION ( 'NONE',  ( -3.154042683594194997E-17, -0.000000000000000000, 1.000000000000000000 ) ) ;
#2071 = EDGE_CURVE ( 'NONE', #554, #2659, #891, .T. ) ;
#2072 = LINE ( 'NONE', #1216, #2307 ) ;
#2073 = DIRECTION ( 'NONE',  ( -0.000000000000000000, 1.000000000000000000, -0.000000000000000000 ) ) ;
#2074 = ORIENTED_EDGE ( 'NONE', *, *, #335, .T. ) ;
#2075 = CARTESIAN_POINT ( 'NONE',  ( -8.299999999999998934, 15.75000000000000000, -23.25000000000000000 ) ) ;
#2076 = CARTESIAN_POINT ( 'NONE',  ( -27.50000000000000355, 23.39999999999999858, -13.25000000000000000 ) ) ;
#2077 = VECTOR ( 'NONE', #2526, 1000.000000000000000 ) ;
#2078 = ADVANCED_FACE ( 'NONE', ( #2037 ), #382, .F. ) ;
#2079 = ORIENTED_EDGE ( 'NONE', *, *, #2071, .F. ) ;
#2080 = CARTESIAN_POINT ( 'NONE',  ( -5.850000000000002309, 0.1000000000000000056, -5.150000000000003908 ) ) ;
#2081 = DIRECTION ( 'NONE',  ( -1.000000000000000000, 0.000000000000000000, 0.000000000000000000 ) ) ;
#2082 = CARTESIAN_POINT ( 'NONE',  ( -12.69999999999999574, 0.1000000000000000056, 8.099999999999994316 ) ) ;
#2083 = CYLINDRICAL_SURFACE ( 'NONE', #1744, 0.6999999999999995115 ) ;
#2084 = DIRECTION ( 'NONE',  ( 0.000000000000000000, 1.000000000000000000, -0.000000000000000000 ) ) ;
#2085 = CIRCLE ( 'NONE', #2338, 0.6999999999999992895 ) ;
#2086 = VERTEX_POINT ( 'NONE', #2231 ) ;
#2087 = DIRECTION ( 'NONE',  ( -1.000000000000000000, -0.000000000000000000, -0.000000000000000000 ) ) ;
#2088 = DIRECTION ( 'NONE',  ( -0.000000000000000000, -0.000000000000000000, 1.000000000000000000 ) ) ;
#2089 = AXIS2_PLACEMENT_3D ( 'NONE', #187, #841, #2667 ) ;
#2090 = CIRCLE ( 'NONE', #771, 0.7999999999999986011 ) ;
#2091 = ORIENTED_EDGE ( 'NONE', *, *, #613, .T. ) ;
#2092 = CARTESIAN_POINT ( 'NONE',  ( -5.000000000000000000, 1.399999999999999911, 6.650000000000005684 ) ) ;
#2093 = DIRECTION ( 'NONE',  ( -1.000000000000000000, 0.000000000000000000, 0.000000000000000000 ) ) ;
#2094 = VECTOR ( 'NONE', #336, 1000.000000000000000 ) ;
#2095 = ORIENTED_EDGE ( 'NONE', *, *, #1597, .T. ) ;
#2096 = PLANE ( 'NONE',  #1234 ) ;
#2097 = CARTESIAN_POINT ( 'NONE',  ( 27.50000000000000355, 1.600000000000000089, -13.75000000000000000 ) ) ;
#2098 = AXIS2_PLACEMENT_3D ( 'NONE', #121, #1798, #1765 ) ;
#2099 = VECTOR ( 'NONE', #1941, 1000.000000000000000 ) ;
#2100 = ORIENTED_EDGE ( 'NONE', *, *, #2441, .F. ) ;
#2101 = FACE_OUTER_BOUND ( 'NONE', #2265, .T. ) ;
#2102 = DIRECTION ( 'NONE',  ( 0.000000000000000000, 0.000000000000000000, 1.000000000000000000 ) ) ;
#2103 = EDGE_LOOP ( 'NONE', ( #1809, #1117 ) ) ;
#2104 = CARTESIAN_POINT ( 'NONE',  ( 21.29999999999999005, 0.000000000000000000, 9.849999999999997868 ) ) ;
#2105 = CARTESIAN_POINT ( 'NONE',  ( 16.30000000000000071, 15.75000000000003553, -15.25000000000000000 ) ) ;
#2106 = EDGE_LOOP ( 'NONE', ( #761, #857, #795, #2032 ) ) ;
#2107 = CARTESIAN_POINT ( 'NONE',  ( 27.50000000000000355, 23.39999999999999858, -15.25000000000000000 ) ) ;
#2108 = DIRECTION ( 'NONE',  ( -0.000000000000000000, -0.000000000000000000, 1.000000000000000000 ) ) ;
#2109 = EDGE_LOOP ( 'NONE', ( #222, #1003, #635, #1595 ) ) ;
#2110 =( NAMED_UNIT ( * ) SI_UNIT ( $, .STERADIAN. ) SOLID_ANGLE_UNIT ( ) );
#2111 = CARTESIAN_POINT ( 'NONE',  ( -4.750000000000000888, 0.000000000000000000, -6.150000000000003908 ) ) ;
#2112 = EDGE_LOOP ( 'NONE', ( #1552, #731 ) ) ;
#2113 = ORIENTED_EDGE ( 'NONE', *, *, #1786, .F. ) ;
#2114 = DIRECTION ( 'NONE',  ( 0.000000000000000000, 0.000000000000000000, -1.000000000000000000 ) ) ;
#2115 = ORIENTED_EDGE ( 'NONE', *, *, #2184, .T. ) ;
#2116 = FACE_BOUND ( 'NONE', #2634, .T. ) ;
#2117 = LINE ( 'NONE', #1333, #1362 ) ;
#2118 = CARTESIAN_POINT ( 'NONE',  ( -12.69999999999999751, 15.75000000000000000, -15.25000000000000000 ) ) ;
#2119 = DIRECTION ( 'NONE',  ( 0.000000000000000000, 0.000000000000000000, -1.000000000000000000 ) ) ;
#2120 = AXIS2_PLACEMENT_3D ( 'NONE', #2648, #586, #957 ) ;
#2121 = ORIENTED_EDGE ( 'NONE', *, *, #16, .T. ) ;
#2122 = CIRCLE ( 'NONE', #961, 0.7999999999999986011 ) ;
#2123 = AXIS2_PLACEMENT_3D ( 'NONE', #790, #1811, #1522 ) ;
#2124 = ORIENTED_EDGE ( 'NONE', *, *, #2245, .F. ) ;
#2125 = FACE_OUTER_BOUND ( 'NONE', #683, .T. ) ;
#2126 = DIRECTION ( 'NONE',  ( 0.000000000000000000, -1.000000000000000000, 0.000000000000000000 ) ) ;
#2127 = AXIS2_PLACEMENT_3D ( 'NONE', #303, #2378, #1323 ) ;
#2128 = ORIENTED_EDGE ( 'NONE', *, *, #1192, .T. ) ;
#2129 = LINE ( 'NONE', #1320, #2486 ) ;
#2130 = FACE_OUTER_BOUND ( 'NONE', #929, .T. ) ;
#2131 = VECTOR ( 'NONE', #578, 1000.000000000000000 ) ;
#2132 = ADVANCED_FACE ( 'NONE', ( #197 ), #219, .T. ) ;
#2133 = AXIS2_PLACEMENT_3D ( 'NONE', #1711, #100, #2606 ) ;
#2134 = DIRECTION ( 'NONE',  ( 0.000000000000000000, -0.000000000000000000, -1.000000000000000000 ) ) ;
#2135 = EDGE_CURVE ( 'NONE', #1029, #1378, #1879, .T. ) ;
#2136 = VECTOR ( 'NONE', #2253, 1000.000000000000000 ) ;
#2137 = ORIENTED_EDGE ( 'NONE', *, *, #920, .T. ) ;
#2138 = ORIENTED_EDGE ( 'NONE', *, *, #1179, .F. ) ;
#2139 = CARTESIAN_POINT ( 'NONE',  ( -27.50000000000000355, 1.399999999999999911, 3.821067811865476394 ) ) ;
#2140 = DIRECTION ( 'NONE',  ( -0.000000000000000000, -0.000000000000000000, 1.000000000000000000 ) ) ;
#2141 = ORIENTED_EDGE ( 'NONE', *, *, #35, .T. ) ;
#2142 = AXIS2_PLACEMENT_3D ( 'NONE', #1684, #427, #657 ) ;
#2143 = EDGE_CURVE ( 'NONE', #1111, #319, #1665, .T. ) ;
#2144 = ORIENTED_EDGE ( 'NONE', *, *, #1697, .T. ) ;
#2145 = CARTESIAN_POINT ( 'NONE',  ( -21.30000000000000426, 0.1000000000000000056, -9.849999999999997868 ) ) ;
#2146 = CARTESIAN_POINT ( 'NONE',  ( 3.887357607529844343E-15, 22.35000000000000142, -13.24999999999999822 ) ) ;
#2147 = ADVANCED_FACE ( 'NONE', ( #451 ), #2513, .F. ) ;
#2148 = PLANE ( 'NONE',  #2477 ) ;
#2149 = FACE_OUTER_BOUND ( 'NONE', #1555, .T. ) ;
#2150 = ORIENTED_EDGE ( 'NONE', *, *, #1597, .F. ) ;
#2151 = EDGE_CURVE ( 'NONE', #327, #105, #2500, .T. ) ;
#2152 = CARTESIAN_POINT ( 'NONE',  ( 6.800000000000002487, 15.75000000000001421, -23.25000000000000000 ) ) ;
#2153 = ORIENTED_EDGE ( 'NONE', *, *, #2520, .T. ) ;
#2154 = LINE ( 'NONE', #296, #1810 ) ;
#2155 = DIRECTION ( 'NONE',  ( 0.000000000000000000, -0.000000000000000000, -1.000000000000000000 ) ) ;
#2156 = EDGE_CURVE ( 'NONE', #136, #602, #1928, .T. ) ;
#2157 = ORIENTED_EDGE ( 'NONE', *, *, #2356, .F. ) ;
#2158 = ORIENTED_EDGE ( 'NONE', *, *, #233, .T. ) ;
#2159 = LINE ( 'NONE', #2362, #1619 ) ;
#2160 = CARTESIAN_POINT ( 'NONE',  ( 9.000000000000001776, 15.75000000000002132, -23.25000000000000000 ) ) ;
#2161 = VERTEX_POINT ( 'NONE', #1473 ) ;
#2162 = CYLINDRICAL_SURFACE ( 'NONE', #2604, 5.000000000000000000 ) ;
#2163 = DIRECTION ( 'NONE',  ( 0.000000000000000000, 0.000000000000000000, -1.000000000000000000 ) ) ;
#2164 = ORIENTED_EDGE ( 'NONE', *, *, #1666, .F. ) ;
#2165 = CARTESIAN_POINT ( 'NONE',  ( 27.50000000000000355, 1.399999999999999911, 8.250000000000003553 ) ) ;
#2166 = CARTESIAN_POINT ( 'NONE',  ( -15.59999999999999787, 15.75000000000000000, -13.24999999999999822 ) ) ;
#2167 = AXIS2_PLACEMENT_3D ( 'NONE', #2405, #2001, #2446 ) ;
#2168 = ORIENTED_EDGE ( 'NONE', *, *, #2458, .T. ) ;
#2169 = CARTESIAN_POINT ( 'NONE',  ( -7.499999999999996447, 15.75000000000000000, -13.24999999999999822 ) ) ;
#2170 = ORIENTED_EDGE ( 'NONE', *, *, #1420, .T. ) ;
#2171 = DIRECTION ( 'NONE',  ( 1.000000000000000000, 0.000000000000000000, 0.000000000000000000 ) ) ;
#2172 = CARTESIAN_POINT ( 'NONE',  ( 10.50000000000000178, 15.75000000000002487, -13.24999999999999822 ) ) ;
#2173 = EDGE_CURVE ( 'NONE', #1098, #291, #281, .T. ) ;
#2174 = ORIENTED_EDGE ( 'NONE', *, *, #2520, .F. ) ;
#2175 = LINE ( 'NONE', #1802, #479 ) ;
#2176 = EDGE_LOOP ( 'NONE', ( #688, #266, #1037, #2660 ) ) ;
#2177 = DIRECTION ( 'NONE',  ( -0.000000000000000000, 1.000000000000000000, -0.000000000000000000 ) ) ;
#2178 = CARTESIAN_POINT ( 'NONE',  ( -22.50000000000000355, 0.000000000000000000, 8.250000000000003553 ) ) ;
#2179 = EDGE_CURVE ( 'NONE', #2242, #2659, #1254, .T. ) ;
#2180 = ORIENTED_EDGE ( 'NONE', *, *, #425, .F. ) ;
#2181 = LINE ( 'NONE', #785, #1706 ) ;
#2182 = VERTEX_POINT ( 'NONE', #863 ) ;
#2183 = EDGE_LOOP ( 'NONE', ( #1845, #1318, #989, #1344 ) ) ;
#2184 = EDGE_CURVE ( 'NONE', #237, #1378, #414, .T. ) ;
#2185 = FACE_OUTER_BOUND ( 'NONE', #1044, .T. ) ;
#2186 = CARTESIAN_POINT ( 'NONE',  ( -21.30000000000000426, 1.399999999999999911, -9.049999999999998934 ) ) ;
#2187 = ORIENTED_EDGE ( 'NONE', *, *, #2625, .T. ) ;
#2188 = DIRECTION ( 'NONE',  ( 1.000000000000000000, 0.000000000000000000, 0.000000000000000000 ) ) ;
#2189 = ORIENTED_EDGE ( 'NONE', *, *, #1379, .T. ) ;
#2190 = CARTESIAN_POINT ( 'NONE',  ( 12.69999999999999574, 0.1000000000000000056, 8.100000000000001421 ) ) ;
#2191 = CARTESIAN_POINT ( 'NONE',  ( -27.50000000000000355, 14.93553390593273633, -11.78553390593273598 ) ) ;
#2192 = CARTESIAN_POINT ( 'NONE',  ( -27.50000000000000355, 0.1000000000000000472, -15.25000000000000000 ) ) ;
#2193 = ORIENTED_EDGE ( 'NONE', *, *, #1072, .T. ) ;
#2194 = CARTESIAN_POINT ( 'NONE',  ( 2.946806295815515460E-15, 15.75000000000000000, -13.24999999999999822 ) ) ;
#2195 = CARTESIAN_POINT ( 'NONE',  ( 27.50000000000000355, 6.400000000000000355, 3.821067811865476838 ) ) ;
#2196 = ORIENTED_EDGE ( 'NONE', *, *, #342, .T. ) ;
#2197 = DIRECTION ( 'NONE',  ( -0.000000000000000000, 1.000000000000000000, -0.000000000000000000 ) ) ;
#2198 = ORIENTED_EDGE ( 'NONE', *, *, #2331, .F. ) ;
#2199 = LINE ( 'NONE', #1543, #1529 ) ;
#2200 = CARTESIAN_POINT ( 'NONE',  ( -26.00000000000000355, 2.899999999999999911, -11.75000000000000000 ) ) ;
#2201 = CARTESIAN_POINT ( 'NONE',  ( 11.20000000000000107, 15.75000000000002487, -15.25000000000000000 ) ) ;
#2202 = AXIS2_PLACEMENT_3D ( 'NONE', #1214, #2041, #2016 ) ;
#2203 = ORIENTED_EDGE ( 'NONE', *, *, #1824, .F. ) ;
#2204 = ORIENTED_EDGE ( 'NONE', *, *, #537, .T. ) ;
#2205 = CARTESIAN_POINT ( 'NONE',  ( 5.503891382404351928E-15, 9.149999999999998579, -13.24999999999999822 ) ) ;
#2206 = FACE_OUTER_BOUND ( 'NONE', #648, .T. ) ;
#2207 = CARTESIAN_POINT ( 'NONE',  ( 4.000000000000000888, 0.000000000000000000, 6.650000000000005684 ) ) ;
#2208 = COLOUR_RGB ( '',0.7921568627450980005, 0.8196078431372548767, 0.9333333333333333481 ) ;
#2209 = ORIENTED_EDGE ( 'NONE', *, *, #1783, .F. ) ;
#2210 = FACE_OUTER_BOUND ( 'NONE', #1519, .T. ) ;
#2211 = EDGE_CURVE ( 'NONE', #1271, #449, #1803, .T. ) ;
#2212 = VERTEX_POINT ( 'NONE', #1032 ) ;
#2213 = CARTESIAN_POINT ( 'NONE',  ( -4.000000000000000000, 1.399999999999999911, 7.750000000000006217 ) ) ;
#2214 = VECTOR ( 'NONE', #1006, 1000.000000000000000 ) ;
#2215 = DIRECTION ( 'NONE',  ( 0.000000000000000000, 0.000000000000000000, -1.000000000000000000 ) ) ;
#2216 = EDGE_CURVE ( 'NONE', #2381, #2589, #2476, .T. ) ;
#2217 = CARTESIAN_POINT ( 'NONE',  ( -22.50000000000000355, 1.399999999999999911, 8.250000000000003553 ) ) ;
#2218 = AXIS2_PLACEMENT_3D ( 'NONE', #1562, #930, #511 ) ;
#2219 = CIRCLE ( 'NONE', #8, 0.6999999999999992895 ) ;
#2220 = EDGE_LOOP ( 'NONE', ( #809, #2456, #846, #2170, #258, #1155, #1797, #2425 ) ) ;
#2221 = ORIENTED_EDGE ( 'NONE', *, *, #1491, .F. ) ;
#2222 = CYLINDRICAL_SURFACE ( 'NONE', #267, 0.6999999999999992895 ) ;
#2223 = DIRECTION ( 'NONE',  ( 0.000000000000000000, 1.000000000000000000, 0.000000000000000000 ) ) ;
#2224 = EDGE_CURVE ( 'NONE', #872, #2002, #1696, .T. ) ;
#2225 = DIRECTION ( 'NONE',  ( -0.000000000000000000, -0.000000000000000000, 1.000000000000000000 ) ) ;
#2226 = EDGE_CURVE ( 'NONE', #337, #2086, #415, .T. ) ;
#2227 = ORIENTED_EDGE ( 'NONE', *, *, #1573, .F. ) ;
#2228 = ORIENTED_EDGE ( 'NONE', *, *, #2635, .T. ) ;
#2229 = DIRECTION ( 'NONE',  ( -0.000000000000000000, 1.000000000000000000, -0.000000000000000000 ) ) ;
#2230 = DIRECTION ( 'NONE',  ( -0.000000000000000000, 1.000000000000000000, -0.000000000000000000 ) ) ;
#2231 = CARTESIAN_POINT ( 'NONE',  ( 26.00000000000000355, 18.47106781186547053, -13.24999999999999822 ) ) ;
#2232 = EDGE_LOOP ( 'NONE', ( #1768, #2050, #2091, #567 ) ) ;
#2233 = ORIENTED_EDGE ( 'NONE', *, *, #2345, .F. ) ;
#2234 = VECTOR ( 'NONE', #715, 1000.000000000000000 ) ;
#2235 = DIRECTION ( 'NONE',  ( 0.000000000000000000, 0.000000000000000000, -1.000000000000000000 ) ) ;
#2236 = CYLINDRICAL_SURFACE ( 'NONE', #1949, 1.100000000000000311 ) ;
#2237 = ADVANCED_FACE ( 'NONE', ( #2285 ), #32, .F. ) ;
#2238 = EDGE_CURVE ( 'NONE', #178, #789, #452, .T. ) ;
#2239 = CARTESIAN_POINT ( 'NONE',  ( 21.30000000000001137, 0.1000000000000000056, -9.049999999999984723 ) ) ;
#2240 = DIRECTION ( 'NONE',  ( 1.000000000000000000, 0.000000000000000000, 0.000000000000000000 ) ) ;
#2241 = CIRCLE ( 'NONE', #2632, 0.6999999999999992895 ) ;
#2242 = VERTEX_POINT ( 'NONE', #1642 ) ;
#2243 = CARTESIAN_POINT ( 'NONE',  ( -27.50000000000000355, 1.399999999999999911, 8.250000000000003553 ) ) ;
#2244 = CARTESIAN_POINT ( 'NONE',  ( 22.50000000000000355, 1.399999999999999911, 13.25000000000000533 ) ) ;
#2245 = EDGE_CURVE ( 'NONE', #1737, #1100, #1492, .T. ) ;
#2246 = ORIENTED_EDGE ( 'NONE', *, *, #2261, .F. ) ;
#2247 = EDGE_LOOP ( 'NONE', ( #1417, #1725 ) ) ;
#2248 = CARTESIAN_POINT ( 'NONE',  ( -4.000000000000000000, 1.399999999999999911, 9.250000000000005329 ) ) ;
#2249 = DIRECTION ( 'NONE',  ( -1.000000000000000000, 0.000000000000000000, -6.802837160693362624E-16 ) ) ;
#2250 = EDGE_CURVE ( 'NONE', #2364, #57, #802, .T. ) ;
#2251 = AXIS2_PLACEMENT_3D ( 'NONE', #1669, #448, #1241 ) ;
#2252 = FACE_OUTER_BOUND ( 'NONE', #609, .T. ) ;
#2253 = DIRECTION ( 'NONE',  ( 0.000000000000000000, 0.000000000000000000, -1.000000000000000000 ) ) ;
#2254 = CARTESIAN_POINT ( 'NONE',  ( 3.999999999999993339, -0.000000000000000000, 10.35000000000000497 ) ) ;
#2255 = EDGE_CURVE ( 'NONE', #1690, #2609, #1043, .T. ) ;
#2256 = CIRCLE ( 'NONE', #1092, 1.100000000000000311 ) ;
#2257 = ORIENTED_EDGE ( 'NONE', *, *, #421, .F. ) ;
#2258 = CARTESIAN_POINT ( 'NONE',  ( 12.70000000000000107, 15.75000000000003197, -13.24999999999999822 ) ) ;
#2259 = DIRECTION ( 'NONE',  ( 0.000000000000000000, 0.000000000000000000, -1.000000000000000000 ) ) ;
#2260 = VECTOR ( 'NONE', #1335, 1000.000000000000000 ) ;
#2261 = EDGE_CURVE ( 'NONE', #1503, #815, #1700, .T. ) ;
#2262 = AXIS2_PLACEMENT_3D ( 'NONE', #807, #2070, #1825 ) ;
#2263 = ADVANCED_FACE ( 'NONE', ( #1120 ), #1294, .F. ) ;
#2264 = ORIENTED_EDGE ( 'NONE', *, *, #1986, .F. ) ;
#2265 = EDGE_LOOP ( 'NONE', ( #1413, #1161, #1590, #2545 ) ) ;
#2266 = AXIS2_PLACEMENT_3D ( 'NONE', #488, #2530, #1723 ) ;
#2267 = LINE ( 'NONE', #1240, #2234 ) ;
#2268 = CARTESIAN_POINT ( 'NONE',  ( 16.30000000000000071, 15.75000000000003553, -13.24999999999999822 ) ) ;
#2269 = AXIS2_PLACEMENT_3D ( 'NONE', #2665, #616, #2650 ) ;
#2270 = ADVANCED_FACE ( 'NONE', ( #1734 ), #1321, .F. ) ;
#2271 = FACE_OUTER_BOUND ( 'NONE', #1985, .T. ) ;
#2272 = DIRECTION ( 'NONE',  ( 1.000000000000000000, 0.000000000000000000, 0.000000000000000000 ) ) ;
#2273 = DIRECTION ( 'NONE',  ( 1.000000000000000000, 0.000000000000000000, 0.000000000000000000 ) ) ;
#2274 = ORIENTED_EDGE ( 'NONE', *, *, #2255, .F. ) ;
#2275 = CYLINDRICAL_SURFACE ( 'NONE', #784, 0.6999999999999995115 ) ;
#2276 = CARTESIAN_POINT ( 'NONE',  ( 27.50000000000000355, 1.600000000000000089, -15.25000000000000000 ) ) ;
#2277 = AXIS2_PLACEMENT_3D ( 'NONE', #176, #1416, #1210 ) ;
#2278 = EDGE_CURVE ( 'NONE', #1128, #453, #1924, .T. ) ;
#2279 = AXIS2_PLACEMENT_3D ( 'NONE', #2294, #439, #247 ) ;
#2280 = EDGE_LOOP ( 'NONE', ( #803, #2394, #169, #2274 ) ) ;
#2281 = CARTESIAN_POINT ( 'NONE',  ( -5.750000000000001776, 0.1000000000000000056, -5.050000000000003375 ) ) ;
#2282 = DIRECTION ( 'NONE',  ( -0.000000000000000000, 0.000000000000000000, -1.000000000000000000 ) ) ;
#2283 = CYLINDRICAL_SURFACE ( 'NONE', #268, 1.100000000000000311 ) ;
#2284 = DIRECTION ( 'NONE',  ( 0.000000000000000000, 0.000000000000000000, -1.000000000000000000 ) ) ;
#2285 = FACE_OUTER_BOUND ( 'NONE', #1685, .T. ) ;
#2286 = ORIENTED_EDGE ( 'NONE', *, *, #1983, .F. ) ;
#2287 = LINE ( 'NONE', #1919, #399 ) ;
#2288 = CARTESIAN_POINT ( 'NONE',  ( 3.999999999999993339, 1.399999999999999911, 10.35000000000000497 ) ) ;
#2289 = ORIENTED_EDGE ( 'NONE', *, *, #457, .T. ) ;
#2290 = CARTESIAN_POINT ( 'NONE',  ( 7.500000000000001776, 15.75000000000001421, -13.24999999999999822 ) ) ;
#2291 = DIRECTION ( 'NONE',  ( -0.000000000000000000, -0.000000000000000000, -1.000000000000000000 ) ) ;
#2292 = EDGE_LOOP ( 'NONE', ( #536, #2187, #285, #2115 ) ) ;
#2293 = FACE_OUTER_BOUND ( 'NONE', #2419, .T. ) ;
#2294 = CARTESIAN_POINT ( 'NONE',  ( -15.59999999999999787, 15.75000000000000000, -13.24999999999999822 ) ) ;
#2295 = AXIS2_PLACEMENT_3D ( 'NONE', #2560, #885, #2320 ) ;
#2296 = ORIENTED_EDGE ( 'NONE', *, *, #1904, .F. ) ;
#2297 = CARTESIAN_POINT ( 'NONE',  ( 26.00000000000000355, 1.399999999999999911, 1.750000000000001554 ) ) ;
#2298 = CARTESIAN_POINT ( 'NONE',  ( -5.100000000000000533, 0.000000000000000000, 9.250000000000005329 ) ) ;
#2299 = AXIS2_PLACEMENT_3D ( 'NONE', #2464, #577, #1437 ) ;
#2300 = CIRCLE ( 'NONE', #85, 1.100000000000000311 ) ;
#2301 = ADVANCED_FACE ( 'NONE', ( #900 ), #1973, .F. ) ;
#2302 = AXIS2_PLACEMENT_3D ( 'NONE', #1252, #1469, #183 ) ;
#2303 = VERTEX_POINT ( 'NONE', #1346 ) ;
#2304 = CARTESIAN_POINT ( 'NONE',  ( -9.699999999999997513, 15.75000000000000000, -15.25000000000000000 ) ) ;
#2305 = CARTESIAN_POINT ( 'NONE',  ( 27.50000000000000355, 1.399999999999999911, 1.750000000000001554 ) ) ;
#2306 = AXIS2_PLACEMENT_3D ( 'NONE', #2178, #339, #2021 ) ;
#2307 = VECTOR ( 'NONE', #837, 1000.000000000000000 ) ;
#2308 = VERTEX_POINT ( 'NONE', #463 ) ;
#2309 = DIRECTION ( 'NONE',  ( 0.000000000000000000, 0.000000000000000000, 1.000000000000000000 ) ) ;
#2310 = DIRECTION ( 'NONE',  ( -0.000000000000000000, -1.000000000000000000, -0.000000000000000000 ) ) ;
#2311 = VECTOR ( 'NONE', #1593, 1000.000000000000000 ) ;
#2312 = EDGE_CURVE ( 'NONE', #385, #910, #1551, .T. ) ;
#2313 = VECTOR ( 'NONE', #740, 1000.000000000000000 ) ;
#2314 = ORIENTED_EDGE ( 'NONE', *, *, #1379, .F. ) ;
#2315 = CARTESIAN_POINT ( 'NONE',  ( -27.50000000000000355, 18.47106781186547408, -8.250000000000000000 ) ) ;
#2316 = DIRECTION ( 'NONE',  ( 0.000000000000000000, 0.000000000000000000, 1.000000000000000000 ) ) ;
#2317 = VERTEX_POINT ( 'NONE', #2363 ) ;
#2318 = VERTEX_POINT ( 'NONE', #2172 ) ;
#2319 = DIRECTION ( 'NONE',  ( -1.000000000000000000, 0.000000000000000000, 0.000000000000000000 ) ) ;
#2320 = DIRECTION ( 'NONE',  ( -1.000000000000000000, 0.000000000000000000, 0.000000000000000000 ) ) ;
#2321 = ORIENTED_EDGE ( 'NONE', *, *, #2173, .T. ) ;
#2322 = EDGE_CURVE ( 'NONE', #2369, #804, #2117, .T. ) ;
#2323 = ADVANCED_FACE ( 'NONE', ( #946 ), #317, .F. ) ;
#2324 = CARTESIAN_POINT ( 'NONE',  ( 6.800000000000002487, 15.75000000000001421, -15.25000000000000000 ) ) ;
#2325 = CARTESIAN_POINT ( 'NONE',  ( -4.750000000000000888, 1.399999999999999911, -6.150000000000003908 ) ) ;
#2326 = CARTESIAN_POINT ( 'NONE',  ( -0.000000000000000000, 0.1000000000000000056, -10.34999999999999787 ) ) ;
#2327 = ORIENTED_EDGE ( 'NONE', *, *, #2438, .F. ) ;
#2328 = EDGE_CURVE ( 'NONE', #2408, #747, #1219, .T. ) ;
#2329 = ORIENTED_EDGE ( 'NONE', *, *, #295, .F. ) ;
#2330 = DIRECTION ( 'NONE',  ( 1.000000000000000000, 0.000000000000000000, 0.000000000000000000 ) ) ;
#2331 = EDGE_CURVE ( 'NONE', #159, #892, #1436, .T. ) ;
#2332 = ORIENTED_EDGE ( 'NONE', *, *, #1585, .T. ) ;
#2333 = DIRECTION ( 'NONE',  ( 0.000000000000000000, -0.000000000000000000, -1.000000000000000000 ) ) ;
#2334 = CARTESIAN_POINT ( 'NONE',  ( -11.89999999999999680, 15.75000000000000000, -13.24999999999999822 ) ) ;
#2335 = EDGE_CURVE ( 'NONE', #1424, #1319, #288, .T. ) ;
#2336 = LINE ( 'NONE', #471, #2557 ) ;
#2337 = DIRECTION ( 'NONE',  ( 1.000000000000000000, 0.000000000000000000, 0.000000000000000000 ) ) ;
#2338 = AXIS2_PLACEMENT_3D ( 'NONE', #66, #1091, #1955 ) ;
#2339 = VERTEX_POINT ( 'NONE', #1535 ) ;
#2340 = EDGE_CURVE ( 'NONE', #879, #820, #2085, .T. ) ;
#2341 = VECTOR ( 'NONE', #2028, 1000.000000000000000 ) ;
#2342 = EDGE_LOOP ( 'NONE', ( #2507, #123, #704, #1693 ) ) ;
#2343 = CARTESIAN_POINT ( 'NONE',  ( -21.30000000000000426, 1.399999999999999911, -8.250000000000000000 ) ) ;
#2344 = CYLINDRICAL_SURFACE ( 'NONE', #1996, 0.6999999999999992895 ) ;
#2345 = EDGE_CURVE ( 'NONE', #1661, #1123, #1918, .T. ) ;
#2346 = AXIS2_PLACEMENT_3D ( 'NONE', #1848, #2649, #1671 ) ;
#2347 = EDGE_LOOP ( 'NONE', ( #2246, #30, #1002, #527 ) ) ;
#2348 = AXIS2_PLACEMENT_3D ( 'NONE', #1046, #2230, #2259 ) ;
#2349 = FACE_OUTER_BOUND ( 'NONE', #503, .T. ) ;
#2350 = CARTESIAN_POINT ( 'NONE',  ( 3.887357607529844343E-15, 22.35000000000000142, -13.24999999999999822 ) ) ;
#2351 = AXIS2_PLACEMENT_3D ( 'NONE', #1296, #2102, #1944 ) ;
#2352 = CARTESIAN_POINT ( 'NONE',  ( 5.100000000000000533, 1.399999999999999911, 10.25000000000000533 ) ) ;
#2353 = AXIS2_PLACEMENT_3D ( 'NONE', #496, #2413, #1534 ) ;
#2354 = CARTESIAN_POINT ( 'NONE',  ( -4.000000000000000000, 0.1000000000000000056, 9.250000000000005329 ) ) ;
#2355 = ORIENTED_EDGE ( 'NONE', *, *, #353, .F. ) ;
#2356 = EDGE_CURVE ( 'NONE', #2364, #1266, #2578, .T. ) ;
#2357 = ORIENTED_EDGE ( 'NONE', *, *, #836, .T. ) ;
#2358 = DIRECTION ( 'NONE',  ( 1.000000000000000000, -3.154042683594194381E-17, 3.154042683594194997E-17 ) ) ;
#2359 = CYLINDRICAL_SURFACE ( 'NONE', #2295, 8.000000000000000000 ) ;
#2360 = ORIENTED_EDGE ( 'NONE', *, *, #702, .T. ) ;
#2361 = VERTEX_POINT ( 'NONE', #2334 ) ;
#2362 = CARTESIAN_POINT ( 'NONE',  ( 8.300000000000002487, 15.75000000000002132, -23.25000000000000000 ) ) ;
#2363 = CARTESIAN_POINT ( 'NONE',  ( 5.849999999999999645, 0.1000000000000000056, -6.150000000000003020 ) ) ;
#2364 = VERTEX_POINT ( 'NONE', #470 ) ;
#2365 = DIRECTION ( 'NONE',  ( 1.000000000000000000, 0.000000000000000000, 0.000000000000000000 ) ) ;
#2366 = CYLINDRICAL_SURFACE ( 'NONE', #1099, 8.100000000000001421 ) ;
#2367 = ORIENTED_EDGE ( 'NONE', *, *, #2211, .T. ) ;
#2368 = DIRECTION ( 'NONE',  ( 1.000000000000000000, 0.000000000000000000, 0.000000000000000000 ) ) ;
#2369 = VERTEX_POINT ( 'NONE', #1306 ) ;
#2370 = CARTESIAN_POINT ( 'NONE',  ( -22.50000000000000355, 1.399999999999999911, 13.25000000000000533 ) ) ;
#2371 = FACE_OUTER_BOUND ( 'NONE', #417, .T. ) ;
#2372 = ADVANCED_FACE ( 'NONE', ( #2130 ), #276, .F. ) ;
#2373 = ORIENTED_EDGE ( 'NONE', *, *, #523, .F. ) ;
#2374 = ORIENTED_EDGE ( 'NONE', *, *, #412, .T. ) ;
#2375 = CARTESIAN_POINT ( 'NONE',  ( 6.100000000000003197, 15.75000000000001421, -13.24999999999999822 ) ) ;
#2376 = DIRECTION ( 'NONE',  ( -1.000000000000000000, 0.000000000000000000, -3.154042683594194997E-17 ) ) ;
#2377 = ORIENTED_EDGE ( 'NONE', *, *, #2255, .T. ) ;
#2378 = DIRECTION ( 'NONE',  ( 0.000000000000000000, 0.000000000000000000, 1.000000000000000000 ) ) ;
#2379 = CARTESIAN_POINT ( 'NONE',  ( -27.50000000000000355, 1.399999999999999911, -15.25000000000000000 ) ) ;
#2380 = EDGE_CURVE ( 'NONE', #747, #2408, #1514, .T. ) ;
#2381 = VERTEX_POINT ( 'NONE', #1605 ) ;
#2382 = CARTESIAN_POINT ( 'NONE',  ( 11.20000000000000107, 15.75000000000002487, -13.24999999999999822 ) ) ;
#2383 = CARTESIAN_POINT ( 'NONE',  ( -21.30000000000000426, 0.000000000000000000, -9.049999999999998934 ) ) ;
#2384 = VECTOR ( 'NONE', #1170, 1000.000000000000000 ) ;
#2385 = VERTEX_POINT ( 'NONE', #2429 ) ;
#2386 = LINE ( 'NONE', #746, #2493 ) ;
#2387 = CIRCLE ( 'NONE', #2089, 8.000000000000000000 ) ;
#2388 = ORIENTED_EDGE ( 'NONE', *, *, #416, .T. ) ;
#2389 = ORIENTED_EDGE ( 'NONE', *, *, #598, .F. ) ;
#2390 = CARTESIAN_POINT ( 'NONE',  ( -4.000000000000007105, 0.1000000000000000056, 10.35000000000000497 ) ) ;
#2391 = CARTESIAN_POINT ( 'NONE',  ( -4.000000000000000000, 0.000000000000000000, 7.750000000000006217 ) ) ;
#2392 = CIRCLE ( 'NONE', #1224, 0.6999999999999992895 ) ;
#2393 = ADVANCED_FACE ( 'NONE', ( #2620 ), #1618, .F. ) ;
#2394 = ORIENTED_EDGE ( 'NONE', *, *, #1223, .F. ) ;
#2395 = LINE ( 'NONE', #2379, #444 ) ;
#2396 = VECTOR ( 'NONE', #1773, 1000.000000000000000 ) ;
#2397 = CIRCLE ( 'NONE', #2351, 0.6999999999999992895 ) ;
#2398 = ORIENTED_EDGE ( 'NONE', *, *, #305, .T. ) ;
#2399 = LINE ( 'NONE', #756, #1060 ) ;
#2400 = DIRECTION ( 'NONE',  ( 1.000000000000000000, 0.000000000000000000, 0.000000000000000000 ) ) ;
#2401 = LINE ( 'NONE', #2192, #767 ) ;
#2402 = ORIENTED_EDGE ( 'NONE', *, *, #2245, .T. ) ;
#2403 = ORIENTED_EDGE ( 'NONE', *, *, #293, .T. ) ;
#2404 = CYLINDRICAL_SURFACE ( 'NONE', #581, 0.7999999999999986011 ) ;
#2405 = CARTESIAN_POINT ( 'NONE',  ( 9.000000000000001776, 15.75000000000002132, -13.24999999999999822 ) ) ;
#2406 = ORIENTED_EDGE ( 'NONE', *, *, #895, .F. ) ;
#2407 = CARTESIAN_POINT ( 'NONE',  ( 0.7000000000000035083, 22.35000000000000142, -23.25000000000000000 ) ) ;
#2408 = VERTEX_POINT ( 'NONE', #1186 ) ;
#2409 = LINE ( 'NONE', #1153, #707 ) ;
#2410 = CYLINDRICAL_SURFACE ( 'NONE', #839, 0.7000000000000009548 ) ;
#2411 = DIRECTION ( 'NONE',  ( -0.000000000000000000, -1.000000000000000000, -0.000000000000000000 ) ) ;
#2412 = VERTEX_POINT ( 'NONE', #1812 ) ;
#2413 = DIRECTION ( 'NONE',  ( -0.000000000000000000, -0.000000000000000000, 1.000000000000000000 ) ) ;
#2414 = DIRECTION ( 'NONE',  ( -0.000000000000000000, 0.000000000000000000, 1.000000000000000000 ) ) ;
#2415 = EDGE_CURVE ( 'NONE', #789, #1123, #1408, .T. ) ;
#2416 = ORIENTED_EDGE ( 'NONE', *, *, #978, .F. ) ;
#2417 = EDGE_CURVE ( 'NONE', #910, #2556, #1476, .T. ) ;
#2418 = LINE ( 'NONE', #1539, #1486 ) ;
#2419 = EDGE_LOOP ( 'NONE', ( #2157, #868, #2128, #269 ) ) ;
#2420 = CYLINDRICAL_SURFACE ( 'NONE', #917, 0.6999999999999992895 ) ;
#2421 = DIRECTION ( 'NONE',  ( 1.000000000000000000, 0.000000000000000000, 0.000000000000000000 ) ) ;
#2422 = CARTESIAN_POINT ( 'NONE',  ( 4.750000000000000888, 0.1000000000000000056, -9.249999999999998224 ) ) ;
#2423 = EDGE_CURVE ( 'NONE', #602, #3, #1421, .T. ) ;
#2424 = AXIS2_PLACEMENT_3D ( 'NONE', #2160, #670, #690 ) ;
#2425 = ORIENTED_EDGE ( 'NONE', *, *, #1935, .T. ) ;
#2426 = ORIENTED_EDGE ( 'NONE', *, *, #1978, .T. ) ;
#2427 = DIRECTION ( 'NONE',  ( 1.000000000000000000, 0.000000000000000000, 0.000000000000000000 ) ) ;
#2428 = EDGE_CURVE ( 'NONE', #789, #898, #546, .T. ) ;
#2429 = CARTESIAN_POINT ( 'NONE',  ( -10.49999999999999822, 15.75000000000000000, -15.25000000000000000 ) ) ;
#2430 = AXIS2_PLACEMENT_3D ( 'NONE', #454, #1095, #1308 ) ;
#2431 = DIRECTION ( 'NONE',  ( 1.000000000000000000, 0.000000000000000000, -0.000000000000000000 ) ) ;
#2432 = EDGE_CURVE ( 'NONE', #1989, #2308, #652, .T. ) ;
#2433 = EDGE_LOOP ( 'NONE', ( #1019, #384, #50, #853 ) ) ;
#2434 = EDGE_LOOP ( 'NONE', ( #982, #357, #2124, #2566 ) ) ;
#2435 = FACE_BOUND ( 'NONE', #1363, .T. ) ;
#2436 = CARTESIAN_POINT ( 'NONE',  ( -4.750000000000000888, 1.399999999999999911, -5.050000000000003375 ) ) ;
#2437 = CIRCLE ( 'NONE', #1143, 0.7000000000000009548 ) ;
#2438 = EDGE_CURVE ( 'NONE', #453, #254, #2603, .T. ) ;
#2439 = CARTESIAN_POINT ( 'NONE',  ( -12.69999999999999751, 15.75000000000000000, -23.25000000000000000 ) ) ;
#2440 = CIRCLE ( 'NONE', #446, 0.7999999999999986011 ) ;
#2441 = EDGE_CURVE ( 'NONE', #2659, #554, #1004, .T. ) ;
#2442 = AXIS2_PLACEMENT_3D ( 'NONE', #1733, #2563, #705 ) ;
#2443 = ORIENTED_EDGE ( 'NONE', *, *, #1083, .T. ) ;
#2444 = VERTEX_POINT ( 'NONE', #1201 ) ;
#2445 = CARTESIAN_POINT ( 'NONE',  ( -27.50000000000000355, 0.000000000000000000, 0.000000000000000000 ) ) ;
#2446 = DIRECTION ( 'NONE',  ( 1.000000000000000000, 0.000000000000000000, 0.000000000000000000 ) ) ;
#2447 = AXIS2_PLACEMENT_3D ( 'NONE', #601, #401, #1232 ) ;
#2448 = DIRECTION ( 'NONE',  ( -0.000000000000000000, 1.000000000000000000, -0.000000000000000000 ) ) ;
#2449 = CARTESIAN_POINT ( 'NONE',  ( 12.69999999999999574, 1.399999999999999911, 0.000000000000000000 ) ) ;
#2450 = VERTEX_POINT ( 'NONE', #2029 ) ;
#2451 = VERTEX_POINT ( 'NONE', #168 ) ;
#2452 = CARTESIAN_POINT ( 'NONE',  ( 4.749999999999999112, 1.399999999999999911, -5.050000000000003375 ) ) ;
#2453 = CARTESIAN_POINT ( 'NONE',  ( 5.100000000000000533, 0.1000000000000000056, 9.250000000000005329 ) ) ;
#2454 = EDGE_CURVE ( 'NONE', #395, #178, #776, .T. ) ;
#2455 = ORIENTED_EDGE ( 'NONE', *, *, #1083, .F. ) ;
#2456 = ORIENTED_EDGE ( 'NONE', *, *, #2034, .T. ) ;
#2457 = DIRECTION ( 'NONE',  ( 1.000000000000000000, 0.000000000000000000, 0.000000000000000000 ) ) ;
#2458 = EDGE_CURVE ( 'NONE', #1751, #3, #998, .T. ) ;
#2459 = CARTESIAN_POINT ( 'NONE',  ( -5.850000000000002309, 0.000000000000000000, -5.150000000000003908 ) ) ;
#2460 = DIRECTION ( 'NONE',  ( -0.000000000000000000, 1.000000000000000000, -0.000000000000000000 ) ) ;
#2461 = PLANE ( 'NONE',  #927 ) ;
#2462 = ADVANCED_FACE ( 'NONE', ( #360 ), #2236, .F. ) ;
#2463 = ORIENTED_EDGE ( 'NONE', *, *, #2466, .F. ) ;
#2464 = CARTESIAN_POINT ( 'NONE',  ( 13.40000000000000036, 15.75000000000003197, -15.25000000000000000 ) ) ;
#2465 = LINE ( 'NONE', #1426, #272 ) ;
#2466 = EDGE_CURVE ( 'NONE', #1263, #1715, #1343, .T. ) ;
#2467 = EDGE_CURVE ( 'NONE', #619, #1561, #1260, .T. ) ;
#2468 = ORIENTED_EDGE ( 'NONE', *, *, #1297, .T. ) ;
#2469 = EDGE_LOOP ( 'NONE', ( #1544, #717, #1547, #311 ) ) ;
#2470 = LINE ( 'NONE', #2092, #248 ) ;
#2471 = FACE_BOUND ( 'NONE', #1288, .T. ) ;
#2472 = VECTOR ( 'NONE', #138, 1000.000000000000000 ) ;
#2473 = DIRECTION ( 'NONE',  ( -1.000000000000000000, 0.000000000000000000, 0.000000000000000000 ) ) ;
#2474 = EDGE_CURVE ( 'NONE', #1266, #44, #393, .T. ) ;
#2475 = CARTESIAN_POINT ( 'NONE',  ( 5.503891382404351928E-15, 9.149999999999998579, -23.25000000000000000 ) ) ;
#2476 = LINE ( 'NONE', #1850, #2621 ) ;
#2477 = AXIS2_PLACEMENT_3D ( 'NONE', #1121, #1943, #78 ) ;
#2478 = ORIENTED_EDGE ( 'NONE', *, *, #2552, .F. ) ;
#2479 = FACE_BOUND ( 'NONE', #2622, .T. ) ;
#2480 = FACE_OUTER_BOUND ( 'NONE', #831, .T. ) ;
#2481 = ORIENTED_EDGE ( 'NONE', *, *, #1947, .F. ) ;
#2482 = ORIENTED_EDGE ( 'NONE', *, *, #2501, .F. ) ;
#2483 = AXIS2_PLACEMENT_3D ( 'NONE', #1463, #14, #2492 ) ;
#2484 = DIRECTION ( 'NONE',  ( 0.000000000000000000, 0.000000000000000000, -1.000000000000000000 ) ) ;
#2485 = DIRECTION ( 'NONE',  ( -0.000000000000000000, 1.000000000000000000, -0.000000000000000000 ) ) ;
#2486 = VECTOR ( 'NONE', #450, 1000.000000000000000 ) ;
#2487 = DIRECTION ( 'NONE',  ( -0.000000000000000000, -1.000000000000000000, -0.000000000000000000 ) ) ;
#2488 = CARTESIAN_POINT ( 'NONE',  ( 19.50000000000000355, 31.39999999999999858, -15.25000000000000000 ) ) ;
#2489 = DIRECTION ( 'NONE',  ( 0.000000000000000000, 1.000000000000000000, -0.000000000000000000 ) ) ;
#2490 = VERTEX_POINT ( 'NONE', #181 ) ;
#2491 =( LENGTH_UNIT ( ) NAMED_UNIT ( * ) SI_UNIT ( .MILLI., .METRE. ) );
#2492 = DIRECTION ( 'NONE',  ( -1.000000000000000000, 0.000000000000000000, 0.000000000000000000 ) ) ;
#2493 = VECTOR ( 'NONE', #524, 1000.000000000000000 ) ;
#2494 = ORIENTED_EDGE ( 'NONE', *, *, #813, .F. ) ;
#2495 = PLANE ( 'NONE',  #221 ) ;
#2496 = DIRECTION ( 'NONE',  ( -0.000000000000000000, -0.000000000000000000, -1.000000000000000000 ) ) ;
#2497 = CARTESIAN_POINT ( 'NONE',  ( 4.749999999999999112, 0.000000000000000000, -6.150000000000003908 ) ) ;
#2498 = EDGE_CURVE ( 'NONE', #566, #1481, #1688, .T. ) ;
#2499 = LINE ( 'NONE', #65, #1361 ) ;
#2500 = LINE ( 'NONE', #2687, #1196 ) ;
#2501 = EDGE_CURVE ( 'NONE', #86, #1852, #261, .T. ) ;
#2502 = EDGE_CURVE ( 'NONE', #1637, #2601, #1781, .T. ) ;
#2503 = AXIS2_PLACEMENT_3D ( 'NONE', #2509, #203, #1227 ) ;
#2504 = ORIENTED_EDGE ( 'NONE', *, *, #494, .T. ) ;
#2505 = SURFACE_SIDE_STYLE ('',( #1932 ) ) ;
#2506 = DIRECTION ( 'NONE',  ( -0.000000000000000000, -1.000000000000000000, 0.000000000000000000 ) ) ;
#2507 = ORIENTED_EDGE ( 'NONE', *, *, #2143, .F. ) ;
#2508 = ADVANCED_FACE ( 'NONE', ( #629, #6, #1049, #1887, #20, #1639, #2684, #1251, #860, #1431, #848, #436, #1265, #2471 ), #596, .F. ) ;
#2509 = CARTESIAN_POINT ( 'NONE',  ( -21.29999999999999716, 0.000000000000000000, 9.049999999999984723 ) ) ;
#2510 = LINE ( 'NONE', #423, #1086 ) ;
#2511 = EDGE_LOOP ( 'NONE', ( #2677, #1568, #437, #513 ) ) ;
#2512 = FACE_BOUND ( 'NONE', #2220, .T. ) ;
#2513 = CYLINDRICAL_SURFACE ( 'NONE', #15, 0.7000000000000009548 ) ;
#2514 = AXIS2_PLACEMENT_3D ( 'NONE', #2325, #77, #914 ) ;
#2515 = ORIENTED_EDGE ( 'NONE', *, *, #2417, .T. ) ;
#2516 = DIRECTION ( 'NONE',  ( -0.000000000000000000, 1.000000000000000000, -0.000000000000000000 ) ) ;
#2517 = CARTESIAN_POINT ( 'NONE',  ( 4.000000000000000000, 0.1000000000000000056, 9.250000000000005329 ) ) ;
#2518 = AXIS2_PLACEMENT_3D ( 'NONE', #2626, #950, #1772 ) ;
#2519 = VECTOR ( 'NONE', #1050, 1000.000000000000000 ) ;
#2520 = EDGE_CURVE ( 'NONE', #1715, #1263, #1865, .T. ) ;
#2521 = VERTEX_POINT ( 'NONE', #1011 ) ;
#2522 = CYLINDRICAL_SURFACE ( 'NONE', #162, 0.7999999999999986011 ) ;
#2523 = CIRCLE ( 'NONE', #701, 1.100000000000000311 ) ;
#2524 = EDGE_LOOP ( 'NONE', ( #912, #1643 ) ) ;
#2525 = FACE_BOUND ( 'NONE', #465, .T. ) ;
#2526 = DIRECTION ( 'NONE',  ( 1.000000000000000000, 0.000000000000000000, 0.000000000000000000 ) ) ;
#2527 = ADVANCED_FACE ( 'NONE', ( #611 ), #231, .F. ) ;
#2528 = AXIS2_PLACEMENT_3D ( 'NONE', #400, #1607, #1231 ) ;
#2529 = FILL_AREA_STYLE ('',( #649 ) ) ;
#2530 = DIRECTION ( 'NONE',  ( -0.000000000000000000, -0.000000000000000000, -1.000000000000000000 ) ) ;
#2531 = VERTEX_POINT ( 'NONE', #1873 ) ;
#2532 = EDGE_CURVE ( 'NONE', #1866, #1100, #204, .T. ) ;
#2533 = AXIS2_PLACEMENT_3D ( 'NONE', #149, #1359, #1807 ) ;
#2534 = ORIENTED_EDGE ( 'NONE', *, *, #2417, .F. ) ;
#2535 = EDGE_CURVE ( 'NONE', #1198, #2451, #687, .T. ) ;
#2536 = CARTESIAN_POINT ( 'NONE',  ( -0.6999999999999956257, 22.35000000000000142, -23.25000000000000000 ) ) ;
#2537 = ORIENTED_EDGE ( 'NONE', *, *, #2250, .T. ) ;
#2538 = FACE_BOUND ( 'NONE', #1167, .T. ) ;
#2539 = CARTESIAN_POINT ( 'NONE',  ( 5.503891382404351928E-15, 9.149999999999998579, -15.25000000000000000 ) ) ;
#2540 = FACE_OUTER_BOUND ( 'NONE', #2681, .T. ) ;
#2541 = CARTESIAN_POINT ( 'NONE',  ( -8.999999999999998224, 15.75000000000000000, -13.24999999999999822 ) ) ;
#2542 = EDGE_CURVE ( 'NONE', #547, #1280, #781, .T. ) ;
#2543 = ORIENTED_EDGE ( 'NONE', *, *, #730, .T. ) ;
#2544 = EDGE_CURVE ( 'NONE', #2308, #910, #1064, .T. ) ;
#2545 = ORIENTED_EDGE ( 'NONE', *, *, #457, .F. ) ;
#2546 = CARTESIAN_POINT ( 'NONE',  ( 5.849999999999998757, 0.1000000000000000056, -5.150000000000003908 ) ) ;
#2547 = CARTESIAN_POINT ( 'NONE',  ( -13.39999999999999680, 15.75000000000000000, -23.25000000000000000 ) ) ;
#2548 = AXIS2_PLACEMENT_3D ( 'NONE', #301, #52, #2564 ) ;
#2549 = ORIENTED_EDGE ( 'NONE', *, *, #1385, .F. ) ;
#2550 = FACE_OUTER_BOUND ( 'NONE', #526, .T. ) ;
#2551 = DIRECTION ( 'NONE',  ( -0.000000000000000000, -0.000000000000000000, 1.000000000000000000 ) ) ;
#2552 = EDGE_CURVE ( 'NONE', #1073, #2361, #2510, .T. ) ;
#2553 = CARTESIAN_POINT ( 'NONE',  ( -5.100000000000000533, 1.399999999999999911, 9.250000000000005329 ) ) ;
#2554 = CARTESIAN_POINT ( 'NONE',  ( 0.000000000000000000, 1.600000000000000089, -15.25000000000000000 ) ) ;
#2555 = VECTOR ( 'NONE', #643, 1000.000000000000000 ) ;
#2556 = VERTEX_POINT ( 'NONE', #1442 ) ;
#2557 = VECTOR ( 'NONE', #1462, 1000.000000000000000 ) ;
#2558 = VERTEX_POINT ( 'NONE', #1468 ) ;
#2559 = CARTESIAN_POINT ( 'NONE',  ( 0.000000000000000000, 1.399999999999999911, 10.35000000000000497 ) ) ;
#2560 = CARTESIAN_POINT ( 'NONE',  ( -19.50000000000000355, 23.39999999999999858, 0.000000000000000000 ) ) ;
#2561 = ORIENTED_EDGE ( 'NONE', *, *, #2673, .F. ) ;
#2562 = AXIS2_PLACEMENT_3D ( 'NONE', #2200, #1154, #2642 ) ;
#2563 = DIRECTION ( 'NONE',  ( -0.000000000000000000, 1.000000000000000000, -0.000000000000000000 ) ) ;
#2564 = DIRECTION ( 'NONE',  ( 0.000000000000000000, 0.000000000000000000, -1.000000000000000000 ) ) ;
#2565 = AXIS2_PLACEMENT_3D ( 'NONE', #902, #1739, #1096 ) ;
#2566 = ORIENTED_EDGE ( 'NONE', *, *, #383, .F. ) ;
#2567 = PLANE ( 'NONE',  #965 ) ;
#2568 = VECTOR ( 'NONE', #719, 1000.000000000000000 ) ;
#2569 = CARTESIAN_POINT ( 'NONE',  ( 12.69999999999999574, 0.000000000000000000, 0.000000000000000000 ) ) ;
#2570 = AXIS2_PLACEMENT_3D ( 'NONE', #1569, #1789, #2610 ) ;
#2571 = EDGE_LOOP ( 'NONE', ( #21, #70, #1832, #1009 ) ) ;
#2572 = CARTESIAN_POINT ( 'NONE',  ( -11.19999999999999751, 15.75000000000000000, -13.24999999999999822 ) ) ;
#2573 = ORIENTED_EDGE ( 'NONE', *, *, #2474, .T. ) ;
#2574 = DIRECTION ( 'NONE',  ( -0.000000000000000000, -0.000000000000000000, 1.000000000000000000 ) ) ;
#2575 = ORIENTED_EDGE ( 'NONE', *, *, #342, .F. ) ;
#2576 = ORIENTED_EDGE ( 'NONE', *, *, #2057, .T. ) ;
#2577 = LINE ( 'NONE', #1780, #2568 ) ;
#2578 = LINE ( 'NONE', #888, #33 ) ;
#2579 = ORIENTED_EDGE ( 'NONE', *, *, #579, .F. ) ;
#2580 = CARTESIAN_POINT ( 'NONE',  ( 14.90000000000000213, 15.75000000000003553, -15.25000000000000000 ) ) ;
#2581 = CARTESIAN_POINT ( 'NONE',  ( -27.50000000000000355, 18.47106781186547408, -13.25000000000000000 ) ) ;
#2582 = PRODUCT_DEFINITION ( 'UNKNOWN', '', #36, #1222 ) ;
#2583 = ORIENTED_EDGE ( 'NONE', *, *, #630, .T. ) ;
#2584 = FACE_OUTER_BOUND ( 'NONE', #2469, .T. ) ;
#2585 = DIRECTION ( 'NONE',  ( -0.000000000000000000, 0.000000000000000000, 1.000000000000000000 ) ) ;
#2586 = VERTEX_POINT ( 'NONE', #2268 ) ;
#2587 = CARTESIAN_POINT ( 'NONE',  ( 27.50000000000000355, 18.47106781186547053, -13.24999999999999822 ) ) ;
#2588 = ORIENTED_EDGE ( 'NONE', *, *, #2067, .F. ) ;
#2589 = VERTEX_POINT ( 'NONE', #410 ) ;
#2590 = DIRECTION ( 'NONE',  ( -0.000000000000000000, 1.000000000000000000, -0.000000000000000000 ) ) ;
#2591 = DIRECTION ( 'NONE',  ( 0.000000000000000000, 0.000000000000000000, 1.000000000000000000 ) ) ;
#2592 = VERTEX_POINT ( 'NONE', #654 ) ;
#2593 = DIRECTION ( 'NONE',  ( -0.000000000000000000, -0.000000000000000000, -1.000000000000000000 ) ) ;
#2594 = ORIENTED_EDGE ( 'NONE', *, *, #1560, .T. ) ;
#2595 = CARTESIAN_POINT ( 'NONE',  ( -8.299999999999998934, 15.75000000000000000, -15.25000000000000000 ) ) ;
#2596 = FACE_OUTER_BOUND ( 'NONE', #725, .T. ) ;
#2597 = VECTOR ( 'NONE', #1127, 1000.000000000000000 ) ;
#2598 = ORIENTED_EDGE ( 'NONE', *, *, #510, .F. ) ;
#2599 = CARTESIAN_POINT ( 'NONE',  ( 9.000000000000001776, 15.75000000000002132, -13.24999999999999822 ) ) ;
#2600 = ORIENTED_EDGE ( 'NONE', *, *, #257, .T. ) ;
#2601 = VERTEX_POINT ( 'NONE', #1480 ) ;
#2602 = CARTESIAN_POINT ( 'NONE',  ( 21.30000000000001137, 1.399999999999999911, -8.249999999999985789 ) ) ;
#2603 = LINE ( 'NONE', #734, #1908 ) ;
#2604 = AXIS2_PLACEMENT_3D ( 'NONE', #1538, #2365, #1184 ) ;
#2605 = VERTEX_POINT ( 'NONE', #2105 ) ;
#2606 = DIRECTION ( 'NONE',  ( 1.000000000000000000, 0.000000000000000000, 0.000000000000000000 ) ) ;
#2607 = AXIS2_PLACEMENT_3D ( 'NONE', #2383, #1611, #727 ) ;
#2608 = CIRCLE ( 'NONE', #2011, 3.800000000000000266 ) ;
#2609 = VERTEX_POINT ( 'NONE', #1836 ) ;
#2610 = DIRECTION ( 'NONE',  ( -1.000000000000000000, 0.000000000000000000, 0.000000000000000000 ) ) ;
#2611 = FACE_OUTER_BOUND ( 'NONE', #886, .T. ) ;
#2612 = AXIS2_PLACEMENT_3D ( 'NONE', #1282, #246, #873 ) ;
#2613 = ADVANCED_FACE ( 'NONE', ( #2662 ), #1630, .F. ) ;
#2614 = LINE ( 'NONE', #1166, #240 ) ;
#2615 = ADVANCED_FACE ( 'NONE', ( #194, #397, #1028, #1847, #2672, #2069, #819, #46, #2371 ), #1729, .F. ) ;
#2616 = ORIENTED_EDGE ( 'NONE', *, *, #1978, .F. ) ;
#2617 = VERTEX_POINT ( 'NONE', #507 ) ;
#2618 = AXIS2_PLACEMENT_3D ( 'NONE', #1776, #1982, #312 ) ;
#2619 = DIRECTION ( 'NONE',  ( 0.000000000000000000, 0.000000000000000000, 1.000000000000000000 ) ) ;
#2620 = FACE_OUTER_BOUND ( 'NONE', #1146, .T. ) ;
#2621 = VECTOR ( 'NONE', #2084, 1000.000000000000000 ) ;
#2622 = EDGE_LOOP ( 'NONE', ( #440, #1118 ) ) ;
#2623 = CARTESIAN_POINT ( 'NONE',  ( 11.90000000000000036, 15.75000000000002487, -15.25000000000000000 ) ) ;
#2624 = ORIENTED_EDGE ( 'NONE', *, *, #1935, .F. ) ;
#2625 = EDGE_CURVE ( 'NONE', #1029, #2521, #1718, .T. ) ;
#2626 = CARTESIAN_POINT ( 'NONE',  ( -8.999999999999998224, 15.75000000000000000, -23.25000000000000000 ) ) ;
#2627 = CARTESIAN_POINT ( 'NONE',  ( 27.50000000000000355, 1.399999999999999911, -15.25000000000000000 ) ) ;
#2628 = AXIS2_PLACEMENT_3D ( 'NONE', #87, #1951, #1748 ) ;
#2629 = ADVANCED_FACE ( 'NONE', ( #297 ), #1517, .T. ) ;
#2630 = CARTESIAN_POINT ( 'NONE',  ( 5.850000000000001421, 0.1000000000000000056, -9.249999999999998224 ) ) ;
#2631 = AXIS2_PLACEMENT_3D ( 'NONE', #2217, #341, #1762 ) ;
#2632 = AXIS2_PLACEMENT_3D ( 'NONE', #5, #1027, #447 ) ;
#2633 = EDGE_LOOP ( 'NONE', ( #522, #2138 ) ) ;
#2634 = EDGE_LOOP ( 'NONE', ( #1901, #101 ) ) ;
#2635 = EDGE_CURVE ( 'NONE', #1715, #280, #908, .T. ) ;
#2636 = FACE_OUTER_BOUND ( 'NONE', #398, .T. ) ;
#2637 = CARTESIAN_POINT ( 'NONE',  ( 27.50000000000000355, 18.47106781186547053, -8.249999999999998224 ) ) ;
#2638 = DIRECTION ( 'NONE',  ( -0.000000000000000000, 1.000000000000000000, -0.000000000000000000 ) ) ;
#2639 = ADVANCED_FACE ( 'NONE', ( #256 ), #2359, .T. ) ;
#2640 = VERTEX_POINT ( 'NONE', #675 ) ;
#2641 = FACE_OUTER_BOUND ( 'NONE', #509, .T. ) ;
#2642 = DIRECTION ( 'NONE',  ( 0.000000000000000000, 0.000000000000000000, 1.000000000000000000 ) ) ;
#2643 = DIRECTION ( 'NONE',  ( -1.000000000000000000, 0.000000000000000000, 0.000000000000000000 ) ) ;
#2644 = VECTOR ( 'NONE', #1228, 1000.000000000000000 ) ;
#2645 = VERTEX_POINT ( 'NONE', #926 ) ;
#2646 = ORIENTED_EDGE ( 'NONE', *, *, #2441, .T. ) ;
#2647 = CARTESIAN_POINT ( 'NONE',  ( -26.00000000000000355, 1.399999999999999911, 3.821067811865475061 ) ) ;
#2648 = CARTESIAN_POINT ( 'NONE',  ( -5.000000000000000000, 0.000000000000000000, 6.650000000000005684 ) ) ;
#2649 = DIRECTION ( 'NONE',  ( -1.000000000000000000, 0.000000000000000000, 0.000000000000000000 ) ) ;
#2650 = DIRECTION ( 'NONE',  ( -1.000000000000000000, 0.000000000000000000, 0.000000000000000000 ) ) ;
#2651 = ORIENTED_EDGE ( 'NONE', *, *, #2423, .F. ) ;
#2652 = ORIENTED_EDGE ( 'NONE', *, *, #1500, .T. ) ;
#2653 = DIRECTION ( 'NONE',  ( -0.000000000000000000, -0.000000000000000000, 1.000000000000000000 ) ) ;
#2654 = VECTOR ( 'NONE', #1383, 1000.000000000000000 ) ;
#2655 = CARTESIAN_POINT ( 'NONE',  ( 7.500000000000001776, 15.75000000000001421, -23.25000000000000000 ) ) ;
#2656 = CIRCLE ( 'NONE', #1525, 0.6999999999999992895 ) ;
#2657 = ADVANCED_FACE ( 'NONE', ( #1531 ), #2344, .F. ) ;
#2658 = AXIS2_PLACEMENT_3D ( 'NONE', #1839, #1031, #1000 ) ;
#2659 = VERTEX_POINT ( 'NONE', #1692 ) ;
#2660 = ORIENTED_EDGE ( 'NONE', *, *, #2022, .T. ) ;
#2661 = DIRECTION ( 'NONE',  ( 0.000000000000000000, 0.000000000000000000, -1.000000000000000000 ) ) ;
#2662 = FACE_OUTER_BOUND ( 'NONE', #2176, .T. ) ;
#2663 = CARTESIAN_POINT ( 'NONE',  ( 21.30000000000001137, 1.399999999999999911, -9.049999999999984723 ) ) ;
#2664 = EDGE_CURVE ( 'NONE', #2318, #2531, #829, .T. ) ;
#2665 = CARTESIAN_POINT ( 'NONE',  ( 2.946806295815515460E-15, 15.75000000000000000, -15.25000000000000000 ) ) ;
#2666 = ORIENTED_EDGE ( 'NONE', *, *, #525, .T. ) ;
#2667 = DIRECTION ( 'NONE',  ( -1.000000000000000000, 0.000000000000000000, 0.000000000000000000 ) ) ;
#2668 = CARTESIAN_POINT ( 'NONE',  ( 26.00000000000000355, 14.93553390593273633, -11.78553390593273598 ) ) ;
#2669 = EDGE_LOOP ( 'NONE', ( #1348, #1284, #2573, #1130 ) ) ;
#2670 = EDGE_LOOP ( 'NONE', ( #1788, #334 ) ) ;
#2671 = DIRECTION ( 'NONE',  ( 0.000000000000000000, -1.000000000000000000, 0.000000000000000000 ) ) ;
#2672 = FACE_BOUND ( 'NONE', #1819, .T. ) ;
#2673 = EDGE_CURVE ( 'NONE', #119, #2061, #1262, .T. ) ;
#2674 = ORIENTED_EDGE ( 'NONE', *, *, #2544, .F. ) ;
#2675 = DIRECTION ( 'NONE',  ( 1.000000000000000000, 0.000000000000000000, 0.000000000000000000 ) ) ;
#2676 = DIRECTION ( 'NONE',  ( 0.000000000000000000, 0.000000000000000000, 1.000000000000000000 ) ) ;
#2677 = ORIENTED_EDGE ( 'NONE', *, *, #1341, .F. ) ;
#2678 = CARTESIAN_POINT ( 'NONE',  ( -5.750000000000001776, 0.000000000000000000, -5.050000000000003375 ) ) ;
#2679 = CARTESIAN_POINT ( 'NONE',  ( 27.50000000000000355, 23.39999999999999858, -13.24999999999999822 ) ) ;
#2680 = ORIENTED_EDGE ( 'NONE', *, *, #1895, .F. ) ;
#2681 = EDGE_LOOP ( 'NONE', ( #2674, #2374, #2332, #861 ) ) ;
#2682 = VECTOR ( 'NONE', #1753, 1000.000000000000000 ) ;
#2683 = DIRECTION ( 'NONE',  ( 0.000000000000000000, 0.000000000000000000, -1.000000000000000000 ) ) ;
#2684 = FACE_BOUND ( 'NONE', #1732, .T. ) ;
#2685 = DIRECTION ( 'NONE',  ( 0.000000000000000000, 0.000000000000000000, -1.000000000000000000 ) ) ;
#2686 = LINE ( 'NONE', #1253, #796 ) ;
#2687 = CARTESIAN_POINT ( 'NONE',  ( -27.50000000000000355, 23.39999999999999858, -15.25000000000000000 ) ) ;
#2688 = CIRCLE ( 'NONE', #355, 1.100000000000000311 ) ;
#2689 = ORIENTED_EDGE ( 'NONE', *, *, #2156, .T. ) ;
#2690 = DIRECTION ( 'NONE',  ( 0.000000000000000000, 0.000000000000000000, -1.000000000000000000 ) ) ;
#2691 = CARTESIAN_POINT ( 'NONE',  ( -10.49999999999999822, 15.75000000000000000, -23.25000000000000000 ) ) ;
#2692 = CIRCLE ( 'NONE', #662, 0.7999999999999986011 ) ;
#2693 = AXIS2_PLACEMENT_3D ( 'NONE', #519, #1980, #2215 ) ;
ENDSEC;
END-ISO-10303-21;
